WARNING: A terminally deprecated method in sun.misc.Unsafe has been called
WARNING: sun.misc.Unsafe::staticFieldBase has been called by com.google.inject.internal.aop.HiddenClassDefiner (file:/Users/jebbarimohammed/.m2/wrapper/dists/apache-maven-3.9.11/a2d47e15/lib/guice-5.1.0-classes.jar)
WARNING: Please consider reporting this to the maintainers of class com.google.inject.internal.aop.HiddenClassDefiner
WARNING: sun.misc.Unsafe::staticFieldBase will be removed in a future release
[INFO] Scanning for projects...
[INFO] 
[INFO] --------------------------< com.01Blog:demo >---------------------------
[INFO] Building mojebbari 0.0.1-SNAPSHOT
[INFO]   from pom.xml
[INFO] --------------------------------[ jar ]---------------------------------
[INFO] 
[INFO] >>> spring-boot:3.5.7:run (default-cli) > test-compile @ demo >>>
[INFO] 
[INFO] --- resources:3.3.1:resources (default-resources) @ demo ---
[INFO] Copying 1 resource from src/main/resources to target/classes
[INFO] Copying 0 resource from src/main/resources to target/classes
[INFO] 
[INFO] --- compiler:3.14.1:compile (default-compile) @ demo ---
[INFO] Nothing to compile - all classes are up to date.
[INFO] 
[INFO] --- resources:3.3.1:testResources (default-testResources) @ demo ---
[INFO] skip non existing resourceDirectory /Users/jebbarimohammed/Downloads/01Blog/src/test/resources
[INFO] 
[INFO] --- compiler:3.14.1:testCompile (default-testCompile) @ demo ---
[INFO] Nothing to compile - all classes are up to date.
[INFO] 
[INFO] <<< spring-boot:3.5.7:run (default-cli) < test-compile @ demo <<<
[INFO] 
[INFO] 
[INFO] --- spring-boot:3.5.7:run (default-cli) @ demo ---
[INFO] Attaching agents: []

  .   ____          _            __ _ _
 /\\ / ___'_ __ _ _(_)_ __  __ _ \ \ \ \
( ( )\___ | '_ | '_| | '_ \/ _` | \ \ \ \
 \\/  ___)| |_)| | | | | || (_| |  ) ) ) )
  '  |____| .__|_| |_|_| |_\__, | / / / /
 =========|_|==============|___/=/_/_/_/

 :: Spring Boot ::                (v3.5.7)

2026-01-17T22:08:06.351+01:00  INFO 52678 --- [mojebbari] [  restartedMain] c._Blog.mojebbari.MojebbariApplication   : Starting MojebbariApplication using Java 25 with PID 52678 (/Users/jebbarimohammed/Downloads/01Blog/target/classes started by jebbarimohammed in /Users/jebbarimohammed/Downloads/01Blog)
2026-01-17T22:08:06.352+01:00  INFO 52678 --- [mojebbari] [  restartedMain] c._Blog.mojebbari.MojebbariApplication   : No active profile set, falling back to 1 default profile: "default"
2026-01-17T22:08:06.377+01:00  INFO 52678 --- [mojebbari] [  restartedMain] .e.DevToolsPropertyDefaultsPostProcessor : Devtools property defaults active! Set 'spring.devtools.add-properties' to 'false' to disable
2026-01-17T22:08:06.377+01:00  INFO 52678 --- [mojebbari] [  restartedMain] .e.DevToolsPropertyDefaultsPostProcessor : For additional web related logging consider setting the 'logging.level.web' property to 'DEBUG'
2026-01-17T22:08:06.705+01:00  INFO 52678 --- [mojebbari] [  restartedMain] .s.d.r.c.RepositoryConfigurationDelegate : Bootstrapping Spring Data JPA repositories in DEFAULT mode.
2026-01-17T22:08:06.754+01:00  INFO 52678 --- [mojebbari] [  restartedMain] .s.d.r.c.RepositoryConfigurationDelegate : Finished Spring Data repository scanning in 42 ms. Found 7 JPA repository interfaces.
2026-01-17T22:08:07.057+01:00  INFO 52678 --- [mojebbari] [  restartedMain] o.s.b.w.embedded.tomcat.TomcatWebServer  : Tomcat initialized with port 8080 (http)
2026-01-17T22:08:07.065+01:00  INFO 52678 --- [mojebbari] [  restartedMain] o.apache.catalina.core.StandardService   : Starting service [Tomcat]
2026-01-17T22:08:07.065+01:00  INFO 52678 --- [mojebbari] [  restartedMain] o.apache.catalina.core.StandardEngine    : Starting Servlet engine: [Apache Tomcat/10.1.48]
2026-01-17T22:08:07.079+01:00  INFO 52678 --- [mojebbari] [  restartedMain] o.a.c.c.C.[Tomcat].[localhost].[/]       : Initializing Spring embedded WebApplicationContext
2026-01-17T22:08:07.079+01:00  INFO 52678 --- [mojebbari] [  restartedMain] w.s.c.ServletWebServerApplicationContext : Root WebApplicationContext: initialization completed in 702 ms
2026-01-17T22:08:07.148+01:00  INFO 52678 --- [mojebbari] [  restartedMain] o.hibernate.jpa.internal.util.LogHelper  : HHH000204: Processing PersistenceUnitInfo [name: default]
2026-01-17T22:08:07.173+01:00  INFO 52678 --- [mojebbari] [  restartedMain] org.hibernate.Version                    : HHH000412: Hibernate ORM core version 6.6.33.Final
2026-01-17T22:08:07.188+01:00  INFO 52678 --- [mojebbari] [  restartedMain] o.h.c.internal.RegionFactoryInitiator    : HHH000026: Second-level cache disabled
2026-01-17T22:08:07.317+01:00  INFO 52678 --- [mojebbari] [  restartedMain] o.s.o.j.p.SpringPersistenceUnitInfo      : No LoadTimeWeaver setup: ignoring JPA class transformer
2026-01-17T22:08:07.330+01:00  INFO 52678 --- [mojebbari] [  restartedMain] com.zaxxer.hikari.HikariDataSource       : HikariPool-1 - Starting...
2026-01-17T22:08:07.429+01:00  INFO 52678 --- [mojebbari] [  restartedMain] com.zaxxer.hikari.pool.HikariPool        : HikariPool-1 - Added connection org.postgresql.jdbc.PgConnection@265c6c31
2026-01-17T22:08:07.430+01:00  INFO 52678 --- [mojebbari] [  restartedMain] com.zaxxer.hikari.HikariDataSource       : HikariPool-1 - Start completed.
2026-01-17T22:08:07.461+01:00  WARN 52678 --- [mojebbari] [  restartedMain] org.hibernate.orm.deprecation            : HHH90000025: PostgreSQLDialect does not need to be specified explicitly using 'hibernate.dialect' (remove the property setting and it will be selected by default)
2026-01-17T22:08:07.470+01:00  INFO 52678 --- [mojebbari] [  restartedMain] org.hibernate.orm.connections.pooling    : HHH10001005: Database info:
	Database JDBC URL [Connecting through datasource 'HikariDataSource (HikariPool-1)']
	Database driver: undefined/unknown
	Database version: 14.20
	Autocommit mode: undefined/unknown
	Isolation level: undefined/unknown
	Minimum pool size: undefined/unknown
	Maximum pool size: undefined/unknown
2026-01-17T22:08:07.908+01:00  INFO 52678 --- [mojebbari] [  restartedMain] o.h.e.t.j.p.i.JtaPlatformInitiator       : HHH000489: No JTA platform available (set 'hibernate.transaction.jta.platform' to enable JTA platform integration)
2026-01-17T22:08:08.044+01:00  INFO 52678 --- [mojebbari] [  restartedMain] j.LocalContainerEntityManagerFactoryBean : Initialized JPA EntityManagerFactory for persistence unit 'default'
2026-01-17T22:08:08.257+01:00  INFO 52678 --- [mojebbari] [  restartedMain] eAuthenticationProviderManagerConfigurer : Global AuthenticationManager configured with AuthenticationProvider bean with name authenticationProvider
2026-01-17T22:08:08.257+01:00  WARN 52678 --- [mojebbari] [  restartedMain] r$InitializeUserDetailsManagerConfigurer : Global AuthenticationManager configured with an AuthenticationProvider bean. UserDetailsService beans will not be used by Spring Security for automatically configuring username/password login. Consider removing the AuthenticationProvider bean. Alternatively, consider using the UserDetailsService in a manually instantiated DaoAuthenticationProvider. If the current configuration is intentional, to turn off this warning, increase the logging level of 'org.springframework.security.config.annotation.authentication.configuration.InitializeUserDetailsBeanManagerConfigurer' to ERROR
2026-01-17T22:08:08.354+01:00  INFO 52678 --- [mojebbari] [  restartedMain] o.s.d.j.r.query.QueryEnhancerFactory     : Hibernate is in classpath; If applicable, HQL parser will be used.
2026-01-17T22:08:08.714+01:00  WARN 52678 --- [mojebbari] [  restartedMain] JpaBaseConfiguration$JpaWebConfiguration : spring.jpa.open-in-view is enabled by default. Therefore, database queries may be performed during view rendering. Explicitly configure spring.jpa.open-in-view to disable this warning
2026-01-17T22:08:09.055+01:00  INFO 52678 --- [mojebbari] [  restartedMain] o.s.b.d.a.OptionalLiveReloadServer       : LiveReload server is running on port 35729
2026-01-17T22:08:09.071+01:00  INFO 52678 --- [mojebbari] [  restartedMain] o.s.b.w.embedded.tomcat.TomcatWebServer  : Tomcat started on port 8080 (http) with context path '/'
2026-01-17T22:08:09.076+01:00  INFO 52678 --- [mojebbari] [  restartedMain] c._Blog.mojebbari.MojebbariApplication   : Started MojebbariApplication in 2.902 seconds (process running for 3.12)
2026-01-17T22:08:22.315+01:00  INFO 52678 --- [mojebbari] [nio-8080-exec-1] o.a.c.c.C.[Tomcat].[localhost].[/]       : Initializing Spring DispatcherServlet 'dispatcherServlet'
2026-01-17T22:08:22.315+01:00  INFO 52678 --- [mojebbari] [nio-8080-exec-1] o.s.web.servlet.DispatcherServlet        : Initializing Servlet 'dispatcherServlet'
2026-01-17T22:08:22.318+01:00  INFO 52678 --- [mojebbari] [nio-8080-exec-1] o.s.web.servlet.DispatcherServlet        : Completed initialization in 3 ms
Hibernate: 
    select
        u1_0.id,
        u1_0.bio,
        u1_0.cover_image,
        u1_0.created_at,
        u1_0.email,
        u1_0.password,
        u1_0.profile_picture,
        u1_0.role,
        u1_0.username 
    from
        _user u1_0 
    where
        u1_0.email=? 
        or u1_0.username=?
2026-01-17T22:08:22.512+01:00  INFO 52678 --- [mojebbari] [nio-8080-exec-2] c._.m.controllers.ReportController       : GET /api/reports/count/pending - Fetching pending reports count
Hibernate: 
    select
        count(r1_0.id) 
    from
        reports r1_0 
    where
        r1_0.status=?
Hibernate: 
    select
        u1_0.id,
        u1_0.bio,
        u1_0.cover_image,
        u1_0.created_at,
        u1_0.email,
        u1_0.password,
        u1_0.profile_picture,
        u1_0.role,
        u1_0.username 
    from
        _user u1_0 
    where
        u1_0.email=? 
        or u1_0.username=?
2026-01-17T22:08:52.260+01:00  INFO 52678 --- [mojebbari] [nio-8080-exec-4] c._.m.controllers.ReportController       : GET /api/reports/count/pending - Fetching pending reports count
Hibernate: 
    select
        count(r1_0.id) 
    from
        reports r1_0 
    where
        r1_0.status=?
2026-01-17T22:09:07.273+01:00  INFO 52678 --- [mojebbari] [   File Watcher] rtingClassPathChangeChangedEventListener : Restarting due to 1 class path change (0 additions, 0 deletions, 1 modification)
2026-01-17T22:09:07.291+01:00  INFO 52678 --- [mojebbari] [       Thread-5] o.s.b.w.e.tomcat.GracefulShutdown        : Commencing graceful shutdown. Waiting for active requests to complete
2026-01-17T22:09:07.302+01:00  INFO 52678 --- [mojebbari] [tomcat-shutdown] o.s.b.w.e.tomcat.GracefulShutdown        : Graceful shutdown complete
2026-01-17T22:09:07.310+01:00  INFO 52678 --- [mojebbari] [       Thread-5] j.LocalContainerEntityManagerFactoryBean : Closing JPA EntityManagerFactory for persistence unit 'default'
2026-01-17T22:09:07.323+01:00  INFO 52678 --- [mojebbari] [       Thread-5] com.zaxxer.hikari.HikariDataSource       : HikariPool-1 - Shutdown initiated...
2026-01-17T22:09:07.325+01:00  INFO 52678 --- [mojebbari] [       Thread-5] com.zaxxer.hikari.HikariDataSource       : HikariPool-1 - Shutdown completed.

  .   ____          _            __ _ _
 /\\ / ___'_ __ _ _(_)_ __  __ _ \ \ \ \
( ( )\___ | '_ | '_| | '_ \/ _` | \ \ \ \
 \\/  ___)| |_)| | | | | || (_| |  ) ) ) )
  '  |____| .__|_| |_|_| |_\__, | / / / /
 =========|_|==============|___/=/_/_/_/

 :: Spring Boot ::                (v3.5.7)

2026-01-17T22:09:07.417+01:00  INFO 52678 --- [mojebbari] [  restartedMain] c._Blog.mojebbari.MojebbariApplication   : Starting MojebbariApplication using Java 25 with PID 52678 (/Users/jebbarimohammed/Downloads/01Blog/target/classes started by jebbarimohammed in /Users/jebbarimohammed/Downloads/01Blog)
2026-01-17T22:09:07.417+01:00  INFO 52678 --- [mojebbari] [  restartedMain] c._Blog.mojebbari.MojebbariApplication   : No active profile set, falling back to 1 default profile: "default"
2026-01-17T22:09:07.630+01:00  INFO 52678 --- [mojebbari] [  restartedMain] .s.d.r.c.RepositoryConfigurationDelegate : Bootstrapping Spring Data JPA repositories in DEFAULT mode.
2026-01-17T22:09:07.656+01:00  INFO 52678 --- [mojebbari] [  restartedMain] .s.d.r.c.RepositoryConfigurationDelegate : Finished Spring Data repository scanning in 20 ms. Found 7 JPA repository interfaces.
2026-01-17T22:09:07.794+01:00  INFO 52678 --- [mojebbari] [  restartedMain] o.s.b.w.embedded.tomcat.TomcatWebServer  : Tomcat initialized with port 8080 (http)
2026-01-17T22:09:07.796+01:00  INFO 52678 --- [mojebbari] [  restartedMain] o.apache.catalina.core.StandardService   : Starting service [Tomcat]
2026-01-17T22:09:07.796+01:00  INFO 52678 --- [mojebbari] [  restartedMain] o.apache.catalina.core.StandardEngine    : Starting Servlet engine: [Apache Tomcat/10.1.48]
2026-01-17T22:09:07.803+01:00  INFO 52678 --- [mojebbari] [  restartedMain] o.a.c.c.C.[Tomcat].[localhost].[/]       : Initializing Spring embedded WebApplicationContext
2026-01-17T22:09:07.803+01:00  INFO 52678 --- [mojebbari] [  restartedMain] w.s.c.ServletWebServerApplicationContext : Root WebApplicationContext: initialization completed in 384 ms
2026-01-17T22:09:07.840+01:00  INFO 52678 --- [mojebbari] [  restartedMain] o.hibernate.jpa.internal.util.LogHelper  : HHH000204: Processing PersistenceUnitInfo [name: default]
2026-01-17T22:09:07.841+01:00  INFO 52678 --- [mojebbari] [  restartedMain] o.h.c.internal.RegionFactoryInitiator    : HHH000026: Second-level cache disabled
2026-01-17T22:09:07.844+01:00  INFO 52678 --- [mojebbari] [  restartedMain] o.s.o.j.p.SpringPersistenceUnitInfo      : No LoadTimeWeaver setup: ignoring JPA class transformer
2026-01-17T22:09:07.844+01:00  INFO 52678 --- [mojebbari] [  restartedMain] com.zaxxer.hikari.HikariDataSource       : HikariPool-2 - Starting...
2026-01-17T22:09:07.862+01:00  INFO 52678 --- [mojebbari] [  restartedMain] com.zaxxer.hikari.pool.HikariPool        : HikariPool-2 - Added connection org.postgresql.jdbc.PgConnection@1e4b3697
2026-01-17T22:09:07.862+01:00  INFO 52678 --- [mojebbari] [  restartedMain] com.zaxxer.hikari.HikariDataSource       : HikariPool-2 - Start completed.
2026-01-17T22:09:07.873+01:00  WARN 52678 --- [mojebbari] [  restartedMain] org.hibernate.orm.deprecation            : HHH90000025: PostgreSQLDialect does not need to be specified explicitly using 'hibernate.dialect' (remove the property setting and it will be selected by default)
2026-01-17T22:09:07.874+01:00  INFO 52678 --- [mojebbari] [  restartedMain] org.hibernate.orm.connections.pooling    : HHH10001005: Database info:
	Database JDBC URL [Connecting through datasource 'HikariDataSource (HikariPool-2)']
	Database driver: undefined/unknown
	Database version: 14.20
	Autocommit mode: undefined/unknown
	Isolation level: undefined/unknown
	Minimum pool size: undefined/unknown
	Maximum pool size: undefined/unknown
2026-01-17T22:09:07.936+01:00  INFO 52678 --- [mojebbari] [  restartedMain] o.h.e.t.j.p.i.JtaPlatformInitiator       : HHH000489: No JTA platform available (set 'hibernate.transaction.jta.platform' to enable JTA platform integration)
2026-01-17T22:09:08.045+01:00  INFO 52678 --- [mojebbari] [  restartedMain] j.LocalContainerEntityManagerFactoryBean : Initialized JPA EntityManagerFactory for persistence unit 'default'
2026-01-17T22:09:08.124+01:00  INFO 52678 --- [mojebbari] [  restartedMain] eAuthenticationProviderManagerConfigurer : Global AuthenticationManager configured with AuthenticationProvider bean with name authenticationProvider
2026-01-17T22:09:08.124+01:00  WARN 52678 --- [mojebbari] [  restartedMain] r$InitializeUserDetailsManagerConfigurer : Global AuthenticationManager configured with an AuthenticationProvider bean. UserDetailsService beans will not be used by Spring Security for automatically configuring username/password login. Consider removing the AuthenticationProvider bean. Alternatively, consider using the UserDetailsService in a manually instantiated DaoAuthenticationProvider. If the current configuration is intentional, to turn off this warning, increase the logging level of 'org.springframework.security.config.annotation.authentication.configuration.InitializeUserDetailsBeanManagerConfigurer' to ERROR
2026-01-17T22:09:08.259+01:00  WARN 52678 --- [mojebbari] [  restartedMain] JpaBaseConfiguration$JpaWebConfiguration : spring.jpa.open-in-view is enabled by default. Therefore, database queries may be performed during view rendering. Explicitly configure spring.jpa.open-in-view to disable this warning
2026-01-17T22:09:08.460+01:00  INFO 52678 --- [mojebbari] [  restartedMain] o.s.b.d.a.OptionalLiveReloadServer       : LiveReload server is running on port 35729
2026-01-17T22:09:08.467+01:00  INFO 52678 --- [mojebbari] [  restartedMain] o.s.b.w.embedded.tomcat.TomcatWebServer  : Tomcat started on port 8080 (http) with context path '/'
2026-01-17T22:09:08.469+01:00  INFO 52678 --- [mojebbari] [  restartedMain] c._Blog.mojebbari.MojebbariApplication   : Started MojebbariApplication in 1.065 seconds (process running for 62.515)
2026-01-17T22:09:08.470+01:00  INFO 52678 --- [mojebbari] [  restartedMain] .ConditionEvaluationDeltaLoggingListener : Condition evaluation unchanged
2026-01-17T22:09:09.878+01:00  INFO 52678 --- [mojebbari] [   File Watcher] rtingClassPathChangeChangedEventListener : Restarting due to 1 class path change (0 additions, 0 deletions, 1 modification)
2026-01-17T22:09:09.881+01:00  INFO 52678 --- [mojebbari] [       Thread-7] o.s.b.w.e.tomcat.GracefulShutdown        : Commencing graceful shutdown. Waiting for active requests to complete
2026-01-17T22:09:09.884+01:00  INFO 52678 --- [mojebbari] [tomcat-shutdown] o.s.b.w.e.tomcat.GracefulShutdown        : Graceful shutdown complete
2026-01-17T22:09:09.889+01:00  INFO 52678 --- [mojebbari] [       Thread-7] j.LocalContainerEntityManagerFactoryBean : Closing JPA EntityManagerFactory for persistence unit 'default'
2026-01-17T22:09:09.890+01:00  INFO 52678 --- [mojebbari] [       Thread-7] com.zaxxer.hikari.HikariDataSource       : HikariPool-2 - Shutdown initiated...
2026-01-17T22:09:09.891+01:00  INFO 52678 --- [mojebbari] [       Thread-7] com.zaxxer.hikari.HikariDataSource       : HikariPool-2 - Shutdown completed.

  .   ____          _            __ _ _
 /\\ / ___'_ __ _ _(_)_ __  __ _ \ \ \ \
( ( )\___ | '_ | '_| | '_ \/ _` | \ \ \ \
 \\/  ___)| |_)| | | | | || (_| |  ) ) ) )
  '  |____| .__|_| |_|_| |_\__, | / / / /
 =========|_|==============|___/=/_/_/_/

 :: Spring Boot ::                (v3.5.7)

2026-01-17T22:09:09.948+01:00  INFO 52678 --- [mojebbari] [  restartedMain] c._Blog.mojebbari.MojebbariApplication   : Starting MojebbariApplication using Java 25 with PID 52678 (/Users/jebbarimohammed/Downloads/01Blog/target/classes started by jebbarimohammed in /Users/jebbarimohammed/Downloads/01Blog)
2026-01-17T22:09:09.948+01:00  INFO 52678 --- [mojebbari] [  restartedMain] c._Blog.mojebbari.MojebbariApplication   : No active profile set, falling back to 1 default profile: "default"
2026-01-17T22:09:10.007+01:00  INFO 52678 --- [mojebbari] [  restartedMain] .s.d.r.c.RepositoryConfigurationDelegate : Bootstrapping Spring Data JPA repositories in DEFAULT mode.
2026-01-17T22:09:10.014+01:00  INFO 52678 --- [mojebbari] [  restartedMain] .s.d.r.c.RepositoryConfigurationDelegate : Finished Spring Data repository scanning in 6 ms. Found 7 JPA repository interfaces.
2026-01-17T22:09:10.072+01:00  INFO 52678 --- [mojebbari] [  restartedMain] o.s.b.w.embedded.tomcat.TomcatWebServer  : Tomcat initialized with port 8080 (http)
2026-01-17T22:09:10.073+01:00  INFO 52678 --- [mojebbari] [  restartedMain] o.apache.catalina.core.StandardService   : Starting service [Tomcat]
2026-01-17T22:09:10.073+01:00  INFO 52678 --- [mojebbari] [  restartedMain] o.apache.catalina.core.StandardEngine    : Starting Servlet engine: [Apache Tomcat/10.1.48]
2026-01-17T22:09:10.076+01:00  INFO 52678 --- [mojebbari] [  restartedMain] o.a.c.c.C.[Tomcat].[localhost].[/]       : Initializing Spring embedded WebApplicationContext
2026-01-17T22:09:10.076+01:00  INFO 52678 --- [mojebbari] [  restartedMain] w.s.c.ServletWebServerApplicationContext : Root WebApplicationContext: initialization completed in 128 ms
2026-01-17T22:09:10.108+01:00  INFO 52678 --- [mojebbari] [  restartedMain] o.hibernate.jpa.internal.util.LogHelper  : HHH000204: Processing PersistenceUnitInfo [name: default]
2026-01-17T22:09:10.109+01:00  INFO 52678 --- [mojebbari] [  restartedMain] o.h.c.internal.RegionFactoryInitiator    : HHH000026: Second-level cache disabled
2026-01-17T22:09:10.112+01:00  INFO 52678 --- [mojebbari] [  restartedMain] o.s.o.j.p.SpringPersistenceUnitInfo      : No LoadTimeWeaver setup: ignoring JPA class transformer
2026-01-17T22:09:10.112+01:00  INFO 52678 --- [mojebbari] [  restartedMain] com.zaxxer.hikari.HikariDataSource       : HikariPool-3 - Starting...
2026-01-17T22:09:10.120+01:00  INFO 52678 --- [mojebbari] [  restartedMain] com.zaxxer.hikari.pool.HikariPool        : HikariPool-3 - Added connection org.postgresql.jdbc.PgConnection@50a86225
2026-01-17T22:09:10.120+01:00  INFO 52678 --- [mojebbari] [  restartedMain] com.zaxxer.hikari.HikariDataSource       : HikariPool-3 - Start completed.
2026-01-17T22:09:10.129+01:00  WARN 52678 --- [mojebbari] [  restartedMain] org.hibernate.orm.deprecation            : HHH90000025: PostgreSQLDialect does not need to be specified explicitly using 'hibernate.dialect' (remove the property setting and it will be selected by default)
2026-01-17T22:09:10.130+01:00  INFO 52678 --- [mojebbari] [  restartedMain] org.hibernate.orm.connections.pooling    : HHH10001005: Database info:
	Database JDBC URL [Connecting through datasource 'HikariDataSource (HikariPool-3)']
	Database driver: undefined/unknown
	Database version: 14.20
	Autocommit mode: undefined/unknown
	Isolation level: undefined/unknown
	Minimum pool size: undefined/unknown
	Maximum pool size: undefined/unknown
2026-01-17T22:09:10.181+01:00  INFO 52678 --- [mojebbari] [  restartedMain] o.h.e.t.j.p.i.JtaPlatformInitiator       : HHH000489: No JTA platform available (set 'hibernate.transaction.jta.platform' to enable JTA platform integration)
2026-01-17T22:09:10.258+01:00  INFO 52678 --- [mojebbari] [  restartedMain] j.LocalContainerEntityManagerFactoryBean : Initialized JPA EntityManagerFactory for persistence unit 'default'
2026-01-17T22:09:10.337+01:00  INFO 52678 --- [mojebbari] [  restartedMain] eAuthenticationProviderManagerConfigurer : Global AuthenticationManager configured with AuthenticationProvider bean with name authenticationProvider
2026-01-17T22:09:10.337+01:00  WARN 52678 --- [mojebbari] [  restartedMain] r$InitializeUserDetailsManagerConfigurer : Global AuthenticationManager configured with an AuthenticationProvider bean. UserDetailsService beans will not be used by Spring Security for automatically configuring username/password login. Consider removing the AuthenticationProvider bean. Alternatively, consider using the UserDetailsService in a manually instantiated DaoAuthenticationProvider. If the current configuration is intentional, to turn off this warning, increase the logging level of 'org.springframework.security.config.annotation.authentication.configuration.InitializeUserDetailsBeanManagerConfigurer' to ERROR
2026-01-17T22:09:10.455+01:00  WARN 52678 --- [mojebbari] [  restartedMain] JpaBaseConfiguration$JpaWebConfiguration : spring.jpa.open-in-view is enabled by default. Therefore, database queries may be performed during view rendering. Explicitly configure spring.jpa.open-in-view to disable this warning
2026-01-17T22:09:10.632+01:00  INFO 52678 --- [mojebbari] [  restartedMain] o.s.b.d.a.OptionalLiveReloadServer       : LiveReload server is running on port 35729
2026-01-17T22:09:10.637+01:00  INFO 52678 --- [mojebbari] [  restartedMain] o.s.b.w.embedded.tomcat.TomcatWebServer  : Tomcat started on port 8080 (http) with context path '/'
2026-01-17T22:09:10.639+01:00  INFO 52678 --- [mojebbari] [  restartedMain] c._Blog.mojebbari.MojebbariApplication   : Started MojebbariApplication in 0.701 seconds (process running for 64.685)
2026-01-17T22:09:10.640+01:00  INFO 52678 --- [mojebbari] [  restartedMain] .ConditionEvaluationDeltaLoggingListener : Condition evaluation unchanged
2026-01-17T22:09:17.025+01:00  INFO 52678 --- [mojebbari] [nio-8080-exec-1] o.a.c.c.C.[Tomcat].[localhost].[/]       : Initializing Spring DispatcherServlet 'dispatcherServlet'
2026-01-17T22:09:17.026+01:00  INFO 52678 --- [mojebbari] [nio-8080-exec-1] o.s.web.servlet.DispatcherServlet        : Initializing Servlet 'dispatcherServlet'
2026-01-17T22:09:17.030+01:00  INFO 52678 --- [mojebbari] [nio-8080-exec-1] o.s.web.servlet.DispatcherServlet        : Completed initialization in 4 ms
Hibernate: 
    select
        u1_0.id,
        u1_0.bio,
        u1_0.cover_image,
        u1_0.created_at,
        u1_0.email,
        u1_0.password,
        u1_0.profile_picture,
        u1_0.role,
        u1_0.username 
    from
        _user u1_0 
    where
        u1_0.email=? 
        or u1_0.username=?
2026-01-17T22:09:17.082+01:00  INFO 52678 --- [mojebbari] [nio-8080-exec-2] c._.m.controllers.ReportController       : GET /api/reports - Fetching all reports
Hibernate: 
    select
        r1_0.id,
        r1_0.admin_notes,
        r1_0.comment_id,
        r1_0.created_at,
        r1_0.description,
        r1_0.post_id,
        r1_0.reason,
        r1_0.report_type,
        r1_0.reported_user_id,
        r1_0.reporter_id,
        r1_0.reviewed_at,
        r1_0.reviewed_by_id,
        r1_0.status 
    from
        reports r1_0 
    order by
        r1_0.created_at desc
Hibernate: 
    select
        p1_0.id,
        p1_0.category,
        p1_0.content,
        p1_0.created_at,
        p1_0.media_url,
        p1_0.title,
        p1_0.user_id 
    from
        posts p1_0 
    where
        p1_0.id=?
Hibernate: 
    select
        u1_0.id,
        u1_0.bio,
        u1_0.cover_image,
        u1_0.created_at,
        u1_0.email,
        u1_0.password,
        u1_0.profile_picture,
        u1_0.role,
        u1_0.username 
    from
        _user u1_0 
    where
        u1_0.id=?
Hibernate: 
    select
        u1_0.id,
        u1_0.bio,
        u1_0.cover_image,
        u1_0.created_at,
        u1_0.email,
        u1_0.password,
        u1_0.profile_picture,
        u1_0.role,
        u1_0.username 
    from
        _user u1_0 
    where
        u1_0.id=?
Hibernate: 
    select
        p1_0.id,
        p1_0.category,
        p1_0.content,
        p1_0.created_at,
        p1_0.media_url,
        p1_0.title,
        p1_0.user_id 
    from
        posts p1_0 
    where
        p1_0.id=?
Hibernate: 
    select
        u1_0.id,
        u1_0.bio,
        u1_0.cover_image,
        u1_0.created_at,
        u1_0.email,
        u1_0.password,
        u1_0.profile_picture,
        u1_0.role,
        u1_0.username 
    from
        _user u1_0 
    where
        u1_0.id=?
Hibernate: 
    select
        u1_0.id,
        u1_0.bio,
        u1_0.cover_image,
        u1_0.created_at,
        u1_0.email,
        u1_0.password,
        u1_0.profile_picture,
        u1_0.role,
        u1_0.username 
    from
        _user u1_0 
    where
        u1_0.id=?
Hibernate: 
    select
        p1_0.id,
        p1_0.category,
        p1_0.content,
        p1_0.created_at,
        p1_0.media_url,
        p1_0.title,
        p1_0.user_id 
    from
        posts p1_0 
    where
        p1_0.id=?
Hibernate: 
    select
        u1_0.id,
        u1_0.bio,
        u1_0.cover_image,
        u1_0.created_at,
        u1_0.email,
        u1_0.password,
        u1_0.profile_picture,
        u1_0.role,
        u1_0.username 
    from
        _user u1_0 
    where
        u1_0.id=?
Hibernate: 
    select
        u1_0.id,
        u1_0.bio,
        u1_0.cover_image,
        u1_0.created_at,
        u1_0.email,
        u1_0.password,
        u1_0.profile_picture,
        u1_0.role,
        u1_0.username 
    from
        _user u1_0 
    where
        u1_0.email=? 
        or u1_0.username=?
2026-01-17T22:09:21.693+01:00  INFO 52678 --- [mojebbari] [nio-8080-exec-4] c._.m.controllers.ReportController       : PUT /api/reports/6/status - Admin admin updating status to DISMISSED
Hibernate: 
    select
        r1_0.id,
        r1_0.admin_notes,
        r1_0.comment_id,
        r1_0.created_at,
        r1_0.description,
        r1_0.post_id,
        r1_0.reason,
        r1_0.report_type,
        r1_0.reported_user_id,
        r1_0.reporter_id,
        r1_0.reviewed_at,
        r1_0.reviewed_by_id,
        r1_0.status 
    from
        reports r1_0 
    where
        r1_0.id=?
Hibernate: 
    select
        u1_0.id,
        u1_0.bio,
        u1_0.cover_image,
        u1_0.created_at,
        u1_0.email,
        u1_0.password,
        u1_0.profile_picture,
        u1_0.role,
        u1_0.username 
    from
        _user u1_0 
    where
        u1_0.id=?
2026-01-17T22:09:21.709+01:00  INFO 52678 --- [mojebbari] [nio-8080-exec-4] c._.mojebbari.services.ReportService     : Report updated: id=6, status=DISMISSED, reviewedBy=admin
Hibernate: 
    insert 
    into
        notifications
        (actor_id, comment_id, created_at, is_read, message, post_id, recipient_id, type) 
    values
        (?, ?, ?, ?, ?, ?, ?, ?)
2026-01-17T22:09:21.734+01:00  WARN 52678 --- [mojebbari] [nio-8080-exec-4] o.h.engine.jdbc.spi.SqlExceptionHelper   : SQL Error: 0, SQLState: 23514
2026-01-17T22:09:21.735+01:00 ERROR 52678 --- [mojebbari] [nio-8080-exec-4] o.h.engine.jdbc.spi.SqlExceptionHelper   : ERROR: new row for relation "notifications" violates check constraint "notifications_type_check"
  Detail: Failing row contains (15, 2026-01-17 22:09:21.718574, f, Your report about a post has been dismissed by admin, REPORT_REVIEWED, 6, null, null, 22).
2026-01-17T22:09:21.740+01:00 ERROR 52678 --- [mojebbari] [nio-8080-exec-4] c._.mojebbari.services.ReportService     : Failed to create report reviewed notification

org.springframework.dao.DataIntegrityViolationException: could not execute statement [ERROR: new row for relation "notifications" violates check constraint "notifications_type_check"
  Detail: Failing row contains (15, 2026-01-17 22:09:21.718574, f, Your report about a post has been dismissed by admin, REPORT_REVIEWED, 6, null, null, 22).] [insert into notifications (actor_id,comment_id,created_at,is_read,message,post_id,recipient_id,type) values (?,?,?,?,?,?,?,?)]; SQL [insert into notifications (actor_id,comment_id,created_at,is_read,message,post_id,recipient_id,type) values (?,?,?,?,?,?,?,?)]; constraint [notifications_type_check]
	at org.springframework.orm.jpa.vendor.HibernateJpaDialect.convertHibernateAccessException(HibernateJpaDialect.java:294) ~[spring-orm-6.2.12.jar:6.2.12]
	at org.springframework.orm.jpa.vendor.HibernateJpaDialect.convertHibernateAccessException(HibernateJpaDialect.java:256) ~[spring-orm-6.2.12.jar:6.2.12]
	at org.springframework.orm.jpa.vendor.HibernateJpaDialect.translateExceptionIfPossible(HibernateJpaDialect.java:241) ~[spring-orm-6.2.12.jar:6.2.12]
	at org.springframework.orm.jpa.AbstractEntityManagerFactoryBean.translateExceptionIfPossible(AbstractEntityManagerFactoryBean.java:560) ~[spring-orm-6.2.12.jar:6.2.12]
	at org.springframework.dao.support.ChainedPersistenceExceptionTranslator.translateExceptionIfPossible(ChainedPersistenceExceptionTranslator.java:61) ~[spring-tx-6.2.12.jar:6.2.12]
	at org.springframework.dao.support.DataAccessUtils.translateIfNecessary(DataAccessUtils.java:343) ~[spring-tx-6.2.12.jar:6.2.12]
	at org.springframework.dao.support.PersistenceExceptionTranslationInterceptor.invoke(PersistenceExceptionTranslationInterceptor.java:160) ~[spring-tx-6.2.12.jar:6.2.12]
	at org.springframework.aop.framework.ReflectiveMethodInvocation.proceed(ReflectiveMethodInvocation.java:184) ~[spring-aop-6.2.12.jar:6.2.12]
	at org.springframework.data.jpa.repository.support.CrudMethodMetadataPostProcessor$CrudMethodMetadataPopulatingMethodInterceptor.invoke(CrudMethodMetadataPostProcessor.java:165) ~[spring-data-jpa-3.5.5.jar:3.5.5]
	at org.springframework.aop.framework.ReflectiveMethodInvocation.proceed(ReflectiveMethodInvocation.java:184) ~[spring-aop-6.2.12.jar:6.2.12]
	at org.springframework.aop.framework.JdkDynamicAopProxy.invoke(JdkDynamicAopProxy.java:223) ~[spring-aop-6.2.12.jar:6.2.12]
	at jdk.proxy8/jdk.proxy8.$Proxy189.save(Unknown Source) ~[na:na]
	at com._Blog.mojebbari.services.NotificationService.createReportReviewedNotification(NotificationService.java:116) ~[classes/:na]
	at java.base/jdk.internal.reflect.DirectMethodHandleAccessor.invoke(DirectMethodHandleAccessor.java:104) ~[na:na]
	at java.base/java.lang.reflect.Method.invoke(Method.java:565) ~[na:na]
	at org.springframework.aop.support.AopUtils.invokeJoinpointUsingReflection(AopUtils.java:360) ~[spring-aop-6.2.12.jar:6.2.12]
	at org.springframework.aop.framework.ReflectiveMethodInvocation.invokeJoinpoint(ReflectiveMethodInvocation.java:196) ~[spring-aop-6.2.12.jar:6.2.12]
	at org.springframework.aop.framework.ReflectiveMethodInvocation.proceed(ReflectiveMethodInvocation.java:163) ~[spring-aop-6.2.12.jar:6.2.12]
	at org.springframework.transaction.interceptor.TransactionAspectSupport.invokeWithinTransaction(TransactionAspectSupport.java:380) ~[spring-tx-6.2.12.jar:6.2.12]
	at org.springframework.transaction.interceptor.TransactionInterceptor.invoke(TransactionInterceptor.java:119) ~[spring-tx-6.2.12.jar:6.2.12]
	at org.springframework.aop.framework.ReflectiveMethodInvocation.proceed(ReflectiveMethodInvocation.java:184) ~[spring-aop-6.2.12.jar:6.2.12]
	at org.springframework.aop.framework.CglibAopProxy$DynamicAdvisedInterceptor.intercept(CglibAopProxy.java:728) ~[spring-aop-6.2.12.jar:6.2.12]
	at com._Blog.mojebbari.services.NotificationService$$SpringCGLIB$$0.createReportReviewedNotification(<generated>) ~[classes/:na]
	at com._Blog.mojebbari.services.ReportService.createReportReviewedNotification(ReportService.java:210) ~[classes/:na]
	at com._Blog.mojebbari.services.ReportService.updateReportStatus(ReportService.java:195) ~[classes/:na]
	at java.base/jdk.internal.reflect.DirectMethodHandleAccessor.invoke(DirectMethodHandleAccessor.java:104) ~[na:na]
	at java.base/java.lang.reflect.Method.invoke(Method.java:565) ~[na:na]
	at org.springframework.aop.support.AopUtils.invokeJoinpointUsingReflection(AopUtils.java:360) ~[spring-aop-6.2.12.jar:6.2.12]
	at org.springframework.aop.framework.ReflectiveMethodInvocation.invokeJoinpoint(ReflectiveMethodInvocation.java:196) ~[spring-aop-6.2.12.jar:6.2.12]
	at org.springframework.aop.framework.ReflectiveMethodInvocation.proceed(ReflectiveMethodInvocation.java:163) ~[spring-aop-6.2.12.jar:6.2.12]
	at org.springframework.transaction.interceptor.TransactionAspectSupport.invokeWithinTransaction(TransactionAspectSupport.java:380) ~[spring-tx-6.2.12.jar:6.2.12]
	at org.springframework.transaction.interceptor.TransactionInterceptor.invoke(TransactionInterceptor.java:119) ~[spring-tx-6.2.12.jar:6.2.12]
	at org.springframework.aop.framework.ReflectiveMethodInvocation.proceed(ReflectiveMethodInvocation.java:184) ~[spring-aop-6.2.12.jar:6.2.12]
	at org.springframework.aop.framework.CglibAopProxy$DynamicAdvisedInterceptor.intercept(CglibAopProxy.java:728) ~[spring-aop-6.2.12.jar:6.2.12]
	at com._Blog.mojebbari.services.ReportService$$SpringCGLIB$$0.updateReportStatus(<generated>) ~[classes/:na]
	at com._Blog.mojebbari.controllers.ReportController.updateReportStatus(ReportController.java:148) ~[classes/:na]
	at java.base/jdk.internal.reflect.DirectMethodHandleAccessor.invoke(DirectMethodHandleAccessor.java:104) ~[na:na]
	at java.base/java.lang.reflect.Method.invoke(Method.java:565) ~[na:na]
	at org.springframework.aop.support.AopUtils.invokeJoinpointUsingReflection(AopUtils.java:360) ~[spring-aop-6.2.12.jar:6.2.12]
	at org.springframework.aop.framework.ReflectiveMethodInvocation.invokeJoinpoint(ReflectiveMethodInvocation.java:196) ~[spring-aop-6.2.12.jar:6.2.12]
	at org.springframework.aop.framework.ReflectiveMethodInvocation.proceed(ReflectiveMethodInvocation.java:163) ~[spring-aop-6.2.12.jar:6.2.12]
	at org.springframework.security.authorization.method.AuthorizationManagerBeforeMethodInterceptor.proceed(AuthorizationManagerBeforeMethodInterceptor.java:268) ~[spring-security-core-6.5.6.jar:6.5.6]
	at org.springframework.security.authorization.method.AuthorizationManagerBeforeMethodInterceptor.attemptAuthorization(AuthorizationManagerBeforeMethodInterceptor.java:263) ~[spring-security-core-6.5.6.jar:6.5.6]
	at org.springframework.security.authorization.method.AuthorizationManagerBeforeMethodInterceptor.invoke(AuthorizationManagerBeforeMethodInterceptor.java:196) ~[spring-security-core-6.5.6.jar:6.5.6]
	at org.springframework.security.config.annotation.method.configuration.DeferringMethodInterceptor.invoke(DeferringMethodInterceptor.java:44) ~[spring-security-config-6.5.6.jar:6.5.6]
	at org.springframework.aop.framework.ReflectiveMethodInvocation.proceed(ReflectiveMethodInvocation.java:184) ~[spring-aop-6.2.12.jar:6.2.12]
	at org.springframework.aop.framework.CglibAopProxy$DynamicAdvisedInterceptor.intercept(CglibAopProxy.java:728) ~[spring-aop-6.2.12.jar:6.2.12]
	at com._Blog.mojebbari.controllers.ReportController$$SpringCGLIB$$0.updateReportStatus(<generated>) ~[classes/:na]
	at java.base/jdk.internal.reflect.DirectMethodHandleAccessor.invoke(DirectMethodHandleAccessor.java:104) ~[na:na]
	at java.base/java.lang.reflect.Method.invoke(Method.java:565) ~[na:na]
	at org.springframework.web.method.support.InvocableHandlerMethod.doInvoke(InvocableHandlerMethod.java:258) ~[spring-web-6.2.12.jar:6.2.12]
	at org.springframework.web.method.support.InvocableHandlerMethod.invokeForRequest(InvocableHandlerMethod.java:191) ~[spring-web-6.2.12.jar:6.2.12]
	at org.springframework.web.servlet.mvc.method.annotation.ServletInvocableHandlerMethod.invokeAndHandle(ServletInvocableHandlerMethod.java:118) ~[spring-webmvc-6.2.12.jar:6.2.12]
	at org.springframework.web.servlet.mvc.method.annotation.RequestMappingHandlerAdapter.invokeHandlerMethod(RequestMappingHandlerAdapter.java:991) ~[spring-webmvc-6.2.12.jar:6.2.12]
	at org.springframework.web.servlet.mvc.method.annotation.RequestMappingHandlerAdapter.handleInternal(RequestMappingHandlerAdapter.java:896) ~[spring-webmvc-6.2.12.jar:6.2.12]
	at org.springframework.web.servlet.mvc.method.AbstractHandlerMethodAdapter.handle(AbstractHandlerMethodAdapter.java:87) ~[spring-webmvc-6.2.12.jar:6.2.12]
	at org.springframework.web.servlet.DispatcherServlet.doDispatch(DispatcherServlet.java:1089) ~[spring-webmvc-6.2.12.jar:6.2.12]
	at org.springframework.web.servlet.DispatcherServlet.doService(DispatcherServlet.java:979) ~[spring-webmvc-6.2.12.jar:6.2.12]
	at org.springframework.web.servlet.FrameworkServlet.processRequest(FrameworkServlet.java:1014) ~[spring-webmvc-6.2.12.jar:6.2.12]
	at org.springframework.web.servlet.FrameworkServlet.doPut(FrameworkServlet.java:925) ~[spring-webmvc-6.2.12.jar:6.2.12]
	at jakarta.servlet.http.HttpServlet.service(HttpServlet.java:593) ~[tomcat-embed-core-10.1.48.jar:6.0]
	at org.springframework.web.servlet.FrameworkServlet.service(FrameworkServlet.java:885) ~[spring-webmvc-6.2.12.jar:6.2.12]
	at jakarta.servlet.http.HttpServlet.service(HttpServlet.java:658) ~[tomcat-embed-core-10.1.48.jar:6.0]
	at org.apache.catalina.core.ApplicationFilterChain.internalDoFilter(ApplicationFilterChain.java:193) ~[tomcat-embed-core-10.1.48.jar:10.1.48]
	at org.apache.catalina.core.ApplicationFilterChain.doFilter(ApplicationFilterChain.java:138) ~[tomcat-embed-core-10.1.48.jar:10.1.48]
	at org.apache.tomcat.websocket.server.WsFilter.doFilter(WsFilter.java:51) ~[tomcat-embed-websocket-10.1.48.jar:10.1.48]
	at org.apache.catalina.core.ApplicationFilterChain.internalDoFilter(ApplicationFilterChain.java:162) ~[tomcat-embed-core-10.1.48.jar:10.1.48]
	at org.apache.catalina.core.ApplicationFilterChain.doFilter(ApplicationFilterChain.java:138) ~[tomcat-embed-core-10.1.48.jar:10.1.48]
	at org.springframework.web.filter.OncePerRequestFilter.doFilter(OncePerRequestFilter.java:110) ~[spring-web-6.2.12.jar:6.2.12]
	at org.apache.catalina.core.ApplicationFilterChain.internalDoFilter(ApplicationFilterChain.java:162) ~[tomcat-embed-core-10.1.48.jar:10.1.48]
	at org.apache.catalina.core.ApplicationFilterChain.doFilter(ApplicationFilterChain.java:138) ~[tomcat-embed-core-10.1.48.jar:10.1.48]
	at org.springframework.web.filter.CompositeFilter$VirtualFilterChain.doFilter(CompositeFilter.java:108) ~[spring-web-6.2.12.jar:6.2.12]
	at org.springframework.web.filter.CompositeFilter$VirtualFilterChain.doFilter(CompositeFilter.java:108) ~[spring-web-6.2.12.jar:6.2.12]
	at org.springframework.security.web.FilterChainProxy.lambda$doFilterInternal$3(FilterChainProxy.java:231) ~[spring-security-web-6.5.6.jar:6.5.6]
	at org.springframework.security.web.FilterChainProxy$VirtualFilterChain.doFilter(FilterChainProxy.java:365) ~[spring-security-web-6.5.6.jar:6.5.6]
	at org.springframework.security.web.access.intercept.AuthorizationFilter.doFilter(AuthorizationFilter.java:101) ~[spring-security-web-6.5.6.jar:6.5.6]
	at org.springframework.security.web.FilterChainProxy$VirtualFilterChain.doFilter(FilterChainProxy.java:374) ~[spring-security-web-6.5.6.jar:6.5.6]
	at org.springframework.security.web.access.ExceptionTranslationFilter.doFilter(ExceptionTranslationFilter.java:125) ~[spring-security-web-6.5.6.jar:6.5.6]
	at org.springframework.security.web.access.ExceptionTranslationFilter.doFilter(ExceptionTranslationFilter.java:119) ~[spring-security-web-6.5.6.jar:6.5.6]
	at org.springframework.security.web.FilterChainProxy$VirtualFilterChain.doFilter(FilterChainProxy.java:374) ~[spring-security-web-6.5.6.jar:6.5.6]
	at org.springframework.security.web.session.SessionManagementFilter.doFilter(SessionManagementFilter.java:131) ~[spring-security-web-6.5.6.jar:6.5.6]
	at org.springframework.security.web.session.SessionManagementFilter.doFilter(SessionManagementFilter.java:85) ~[spring-security-web-6.5.6.jar:6.5.6]
	at org.springframework.security.web.FilterChainProxy$VirtualFilterChain.doFilter(FilterChainProxy.java:374) ~[spring-security-web-6.5.6.jar:6.5.6]
	at org.springframework.security.web.authentication.AnonymousAuthenticationFilter.doFilter(AnonymousAuthenticationFilter.java:100) ~[spring-security-web-6.5.6.jar:6.5.6]
	at org.springframework.security.web.FilterChainProxy$VirtualFilterChain.doFilter(FilterChainProxy.java:374) ~[spring-security-web-6.5.6.jar:6.5.6]
	at org.springframework.security.web.servletapi.SecurityContextHolderAwareRequestFilter.doFilter(SecurityContextHolderAwareRequestFilter.java:179) ~[spring-security-web-6.5.6.jar:6.5.6]
	at org.springframework.security.web.FilterChainProxy$VirtualFilterChain.doFilter(FilterChainProxy.java:374) ~[spring-security-web-6.5.6.jar:6.5.6]
	at org.springframework.security.web.savedrequest.RequestCacheAwareFilter.doFilter(RequestCacheAwareFilter.java:63) ~[spring-security-web-6.5.6.jar:6.5.6]
	at org.springframework.security.web.FilterChainProxy$VirtualFilterChain.doFilter(FilterChainProxy.java:374) ~[spring-security-web-6.5.6.jar:6.5.6]
	at com._Blog.mojebbari.config.JwtAuthenticationFilter.doFilterInternal(JwtAuthenticationFilter.java:79) ~[classes/:na]
	at org.springframework.web.filter.OncePerRequestFilter.doFilter(OncePerRequestFilter.java:116) ~[spring-web-6.2.12.jar:6.2.12]
	at org.springframework.security.web.FilterChainProxy$VirtualFilterChain.doFilter(FilterChainProxy.java:374) ~[spring-security-web-6.5.6.jar:6.5.6]
	at org.springframework.security.web.authentication.logout.LogoutFilter.doFilter(LogoutFilter.java:107) ~[spring-security-web-6.5.6.jar:6.5.6]
	at org.springframework.security.web.authentication.logout.LogoutFilter.doFilter(LogoutFilter.java:93) ~[spring-security-web-6.5.6.jar:6.5.6]
	at org.springframework.security.web.FilterChainProxy$VirtualFilterChain.doFilter(FilterChainProxy.java:374) ~[spring-security-web-6.5.6.jar:6.5.6]
	at org.springframework.web.filter.CorsFilter.doFilterInternal(CorsFilter.java:91) ~[spring-web-6.2.12.jar:6.2.12]
	at org.springframework.web.filter.OncePerRequestFilter.doFilter(OncePerRequestFilter.java:116) ~[spring-web-6.2.12.jar:6.2.12]
	at org.springframework.security.web.FilterChainProxy$VirtualFilterChain.doFilter(FilterChainProxy.java:374) ~[spring-security-web-6.5.6.jar:6.5.6]
	at org.springframework.security.web.header.HeaderWriterFilter.doHeadersAfter(HeaderWriterFilter.java:90) ~[spring-security-web-6.5.6.jar:6.5.6]
	at org.springframework.security.web.header.HeaderWriterFilter.doFilterInternal(HeaderWriterFilter.java:75) ~[spring-security-web-6.5.6.jar:6.5.6]
	at org.springframework.web.filter.OncePerRequestFilter.doFilter(OncePerRequestFilter.java:116) ~[spring-web-6.2.12.jar:6.2.12]
	at org.springframework.security.web.FilterChainProxy$VirtualFilterChain.doFilter(FilterChainProxy.java:374) ~[spring-security-web-6.5.6.jar:6.5.6]
	at org.springframework.security.web.context.SecurityContextHolderFilter.doFilter(SecurityContextHolderFilter.java:82) ~[spring-security-web-6.5.6.jar:6.5.6]
	at org.springframework.security.web.context.SecurityContextHolderFilter.doFilter(SecurityContextHolderFilter.java:69) ~[spring-security-web-6.5.6.jar:6.5.6]
	at org.springframework.security.web.FilterChainProxy$VirtualFilterChain.doFilter(FilterChainProxy.java:374) ~[spring-security-web-6.5.6.jar:6.5.6]
	at org.springframework.security.web.context.request.async.WebAsyncManagerIntegrationFilter.doFilterInternal(WebAsyncManagerIntegrationFilter.java:62) ~[spring-security-web-6.5.6.jar:6.5.6]
	at org.springframework.web.filter.OncePerRequestFilter.doFilter(OncePerRequestFilter.java:116) ~[spring-web-6.2.12.jar:6.2.12]
	at org.springframework.security.web.FilterChainProxy$VirtualFilterChain.doFilter(FilterChainProxy.java:374) ~[spring-security-web-6.5.6.jar:6.5.6]
	at org.springframework.security.web.session.DisableEncodeUrlFilter.doFilterInternal(DisableEncodeUrlFilter.java:42) ~[spring-security-web-6.5.6.jar:6.5.6]
	at org.springframework.web.filter.OncePerRequestFilter.doFilter(OncePerRequestFilter.java:116) ~[spring-web-6.2.12.jar:6.2.12]
	at org.springframework.security.web.FilterChainProxy$VirtualFilterChain.doFilter(FilterChainProxy.java:374) ~[spring-security-web-6.5.6.jar:6.5.6]
	at org.springframework.security.web.FilterChainProxy.doFilterInternal(FilterChainProxy.java:233) ~[spring-security-web-6.5.6.jar:6.5.6]
	at org.springframework.security.web.FilterChainProxy.doFilter(FilterChainProxy.java:191) ~[spring-security-web-6.5.6.jar:6.5.6]
	at org.springframework.web.filter.CompositeFilter$VirtualFilterChain.doFilter(CompositeFilter.java:113) ~[spring-web-6.2.12.jar:6.2.12]
	at org.springframework.web.filter.ServletRequestPathFilter.doFilter(ServletRequestPathFilter.java:52) ~[spring-web-6.2.12.jar:6.2.12]
	at org.springframework.web.filter.CompositeFilter$VirtualFilterChain.doFilter(CompositeFilter.java:113) ~[spring-web-6.2.12.jar:6.2.12]
	at org.springframework.web.filter.CompositeFilter.doFilter(CompositeFilter.java:74) ~[spring-web-6.2.12.jar:6.2.12]
	at org.springframework.security.config.annotation.web.configuration.WebSecurityConfiguration$CompositeFilterChainProxy.doFilter(WebSecurityConfiguration.java:319) ~[spring-security-config-6.5.6.jar:6.5.6]
	at org.springframework.web.filter.CompositeFilter$VirtualFilterChain.doFilter(CompositeFilter.java:113) ~[spring-web-6.2.12.jar:6.2.12]
	at org.springframework.web.servlet.handler.HandlerMappingIntrospector.lambda$createCacheFilter$4(HandlerMappingIntrospector.java:267) ~[spring-webmvc-6.2.12.jar:6.2.12]
	at org.springframework.web.filter.CompositeFilter$VirtualFilterChain.doFilter(CompositeFilter.java:113) ~[spring-web-6.2.12.jar:6.2.12]
	at org.springframework.web.filter.CompositeFilter.doFilter(CompositeFilter.java:74) ~[spring-web-6.2.12.jar:6.2.12]
	at org.springframework.security.config.annotation.web.configuration.WebMvcSecurityConfiguration$CompositeFilterChainProxy.doFilter(WebMvcSecurityConfiguration.java:240) ~[spring-security-config-6.5.6.jar:6.5.6]
	at org.springframework.web.filter.DelegatingFilterProxy.invokeDelegate(DelegatingFilterProxy.java:362) ~[spring-web-6.2.12.jar:6.2.12]
	at org.springframework.web.filter.DelegatingFilterProxy.doFilter(DelegatingFilterProxy.java:278) ~[spring-web-6.2.12.jar:6.2.12]
	at org.apache.catalina.core.ApplicationFilterChain.internalDoFilter(ApplicationFilterChain.java:162) ~[tomcat-embed-core-10.1.48.jar:10.1.48]
	at org.apache.catalina.core.ApplicationFilterChain.doFilter(ApplicationFilterChain.java:138) ~[tomcat-embed-core-10.1.48.jar:10.1.48]
	at org.springframework.web.filter.RequestContextFilter.doFilterInternal(RequestContextFilter.java:100) ~[spring-web-6.2.12.jar:6.2.12]
	at org.springframework.web.filter.OncePerRequestFilter.doFilter(OncePerRequestFilter.java:116) ~[spring-web-6.2.12.jar:6.2.12]
	at org.apache.catalina.core.ApplicationFilterChain.internalDoFilter(ApplicationFilterChain.java:162) ~[tomcat-embed-core-10.1.48.jar:10.1.48]
	at org.apache.catalina.core.ApplicationFilterChain.doFilter(ApplicationFilterChain.java:138) ~[tomcat-embed-core-10.1.48.jar:10.1.48]
	at org.springframework.web.filter.FormContentFilter.doFilterInternal(FormContentFilter.java:93) ~[spring-web-6.2.12.jar:6.2.12]
	at org.springframework.web.filter.OncePerRequestFilter.doFilter(OncePerRequestFilter.java:116) ~[spring-web-6.2.12.jar:6.2.12]
	at org.apache.catalina.core.ApplicationFilterChain.internalDoFilter(ApplicationFilterChain.java:162) ~[tomcat-embed-core-10.1.48.jar:10.1.48]
	at org.apache.catalina.core.ApplicationFilterChain.doFilter(ApplicationFilterChain.java:138) ~[tomcat-embed-core-10.1.48.jar:10.1.48]
	at org.springframework.web.filter.CharacterEncodingFilter.doFilterInternal(CharacterEncodingFilter.java:201) ~[spring-web-6.2.12.jar:6.2.12]
	at org.springframework.web.filter.OncePerRequestFilter.doFilter(OncePerRequestFilter.java:116) ~[spring-web-6.2.12.jar:6.2.12]
	at org.apache.catalina.core.ApplicationFilterChain.internalDoFilter(ApplicationFilterChain.java:162) ~[tomcat-embed-core-10.1.48.jar:10.1.48]
	at org.apache.catalina.core.ApplicationFilterChain.doFilter(ApplicationFilterChain.java:138) ~[tomcat-embed-core-10.1.48.jar:10.1.48]
	at org.apache.catalina.core.StandardWrapperValve.invoke(StandardWrapperValve.java:165) ~[tomcat-embed-core-10.1.48.jar:10.1.48]
	at org.apache.catalina.core.StandardContextValve.invoke(StandardContextValve.java:88) ~[tomcat-embed-core-10.1.48.jar:10.1.48]
	at org.apache.catalina.authenticator.AuthenticatorBase.invoke(AuthenticatorBase.java:482) ~[tomcat-embed-core-10.1.48.jar:10.1.48]
	at org.apache.catalina.core.StandardHostValve.invoke(StandardHostValve.java:113) ~[tomcat-embed-core-10.1.48.jar:10.1.48]
	at org.apache.catalina.valves.ErrorReportValve.invoke(ErrorReportValve.java:83) ~[tomcat-embed-core-10.1.48.jar:10.1.48]
	at org.apache.catalina.core.StandardEngineValve.invoke(StandardEngineValve.java:72) ~[tomcat-embed-core-10.1.48.jar:10.1.48]
	at org.apache.catalina.connector.CoyoteAdapter.service(CoyoteAdapter.java:342) ~[tomcat-embed-core-10.1.48.jar:10.1.48]
	at org.apache.coyote.http11.Http11Processor.service(Http11Processor.java:399) ~[tomcat-embed-core-10.1.48.jar:10.1.48]
	at org.apache.coyote.AbstractProcessorLight.process(AbstractProcessorLight.java:63) ~[tomcat-embed-core-10.1.48.jar:10.1.48]
	at org.apache.coyote.AbstractProtocol$ConnectionHandler.process(AbstractProtocol.java:903) ~[tomcat-embed-core-10.1.48.jar:10.1.48]
	at org.apache.tomcat.util.net.NioEndpoint$SocketProcessor.doRun(NioEndpoint.java:1774) ~[tomcat-embed-core-10.1.48.jar:10.1.48]
	at org.apache.tomcat.util.net.SocketProcessorBase.run(SocketProcessorBase.java:52) ~[tomcat-embed-core-10.1.48.jar:10.1.48]
	at org.apache.tomcat.util.threads.ThreadPoolExecutor.runWorker(ThreadPoolExecutor.java:973) ~[tomcat-embed-core-10.1.48.jar:10.1.48]
	at org.apache.tomcat.util.threads.ThreadPoolExecutor$Worker.run(ThreadPoolExecutor.java:491) ~[tomcat-embed-core-10.1.48.jar:10.1.48]
	at org.apache.tomcat.util.threads.TaskThread$WrappingRunnable.run(TaskThread.java:63) ~[tomcat-embed-core-10.1.48.jar:10.1.48]
	at java.base/java.lang.Thread.run(Thread.java:1474) ~[na:na]
Caused by: org.hibernate.exception.ConstraintViolationException: could not execute statement [ERROR: new row for relation "notifications" violates check constraint "notifications_type_check"
  Detail: Failing row contains (15, 2026-01-17 22:09:21.718574, f, Your report about a post has been dismissed by admin, REPORT_REVIEWED, 6, null, null, 22).] [insert into notifications (actor_id,comment_id,created_at,is_read,message,post_id,recipient_id,type) values (?,?,?,?,?,?,?,?)]
	at org.hibernate.exception.internal.SQLStateConversionDelegate.convert(SQLStateConversionDelegate.java:97) ~[hibernate-core-6.6.33.Final.jar:6.6.33.Final]
	at org.hibernate.exception.internal.StandardSQLExceptionConverter.convert(StandardSQLExceptionConverter.java:58) ~[hibernate-core-6.6.33.Final.jar:6.6.33.Final]
	at org.hibernate.engine.jdbc.spi.SqlExceptionHelper.convert(SqlExceptionHelper.java:108) ~[hibernate-core-6.6.33.Final.jar:6.6.33.Final]
	at org.hibernate.engine.jdbc.internal.ResultSetReturnImpl.executeUpdate(ResultSetReturnImpl.java:197) ~[hibernate-core-6.6.33.Final.jar:6.6.33.Final]
	at org.hibernate.id.insert.GetGeneratedKeysDelegate.performMutation(GetGeneratedKeysDelegate.java:116) ~[hibernate-core-6.6.33.Final.jar:6.6.33.Final]
	at org.hibernate.engine.jdbc.mutation.internal.MutationExecutorSingleNonBatched.performNonBatchedOperations(MutationExecutorSingleNonBatched.java:47) ~[hibernate-core-6.6.33.Final.jar:6.6.33.Final]
	at org.hibernate.engine.jdbc.mutation.internal.AbstractMutationExecutor.execute(AbstractMutationExecutor.java:55) ~[hibernate-core-6.6.33.Final.jar:6.6.33.Final]
	at org.hibernate.persister.entity.mutation.InsertCoordinatorStandard.doStaticInserts(InsertCoordinatorStandard.java:194) ~[hibernate-core-6.6.33.Final.jar:6.6.33.Final]
	at org.hibernate.persister.entity.mutation.InsertCoordinatorStandard.coordinateInsert(InsertCoordinatorStandard.java:132) ~[hibernate-core-6.6.33.Final.jar:6.6.33.Final]
	at org.hibernate.persister.entity.mutation.InsertCoordinatorStandard.insert(InsertCoordinatorStandard.java:95) ~[hibernate-core-6.6.33.Final.jar:6.6.33.Final]
	at org.hibernate.action.internal.EntityIdentityInsertAction.execute(EntityIdentityInsertAction.java:85) ~[hibernate-core-6.6.33.Final.jar:6.6.33.Final]
	at org.hibernate.engine.spi.ActionQueue.execute(ActionQueue.java:682) ~[hibernate-core-6.6.33.Final.jar:6.6.33.Final]
	at org.hibernate.engine.spi.ActionQueue.addResolvedEntityInsertAction(ActionQueue.java:293) ~[hibernate-core-6.6.33.Final.jar:6.6.33.Final]
	at org.hibernate.engine.spi.ActionQueue.addInsertAction(ActionQueue.java:274) ~[hibernate-core-6.6.33.Final.jar:6.6.33.Final]
	at org.hibernate.engine.spi.ActionQueue.addAction(ActionQueue.java:324) ~[hibernate-core-6.6.33.Final.jar:6.6.33.Final]
	at org.hibernate.event.internal.AbstractSaveEventListener.addInsertAction(AbstractSaveEventListener.java:394) ~[hibernate-core-6.6.33.Final.jar:6.6.33.Final]
	at org.hibernate.event.internal.AbstractSaveEventListener.performSaveOrReplicate(AbstractSaveEventListener.java:308) ~[hibernate-core-6.6.33.Final.jar:6.6.33.Final]
	at org.hibernate.event.internal.AbstractSaveEventListener.performSave(AbstractSaveEventListener.java:224) ~[hibernate-core-6.6.33.Final.jar:6.6.33.Final]
	at org.hibernate.event.internal.AbstractSaveEventListener.saveWithGeneratedId(AbstractSaveEventListener.java:136) ~[hibernate-core-6.6.33.Final.jar:6.6.33.Final]
	at org.hibernate.event.internal.DefaultPersistEventListener.entityIsTransient(DefaultPersistEventListener.java:177) ~[hibernate-core-6.6.33.Final.jar:6.6.33.Final]
	at org.hibernate.event.internal.DefaultPersistEventListener.persist(DefaultPersistEventListener.java:95) ~[hibernate-core-6.6.33.Final.jar:6.6.33.Final]
	at org.hibernate.event.internal.DefaultPersistEventListener.onPersist(DefaultPersistEventListener.java:79) ~[hibernate-core-6.6.33.Final.jar:6.6.33.Final]
	at org.hibernate.event.internal.DefaultPersistEventListener.onPersist(DefaultPersistEventListener.java:55) ~[hibernate-core-6.6.33.Final.jar:6.6.33.Final]
	at org.hibernate.event.service.internal.EventListenerGroupImpl.fireEventOnEachListener(EventListenerGroupImpl.java:127) ~[hibernate-core-6.6.33.Final.jar:6.6.33.Final]
	at org.hibernate.internal.SessionImpl.firePersist(SessionImpl.java:761) ~[hibernate-core-6.6.33.Final.jar:6.6.33.Final]
	at org.hibernate.internal.SessionImpl.persist(SessionImpl.java:745) ~[hibernate-core-6.6.33.Final.jar:6.6.33.Final]
	at java.base/jdk.internal.reflect.DirectMethodHandleAccessor.invoke(DirectMethodHandleAccessor.java:104) ~[na:na]
	at java.base/java.lang.reflect.Method.invoke(Method.java:565) ~[na:na]
	at org.springframework.orm.jpa.ExtendedEntityManagerCreator$ExtendedEntityManagerInvocationHandler.invoke(ExtendedEntityManagerCreator.java:364) ~[spring-orm-6.2.12.jar:6.2.12]
	at jdk.proxy8/jdk.proxy8.$Proxy183.persist(Unknown Source) ~[na:na]
	at java.base/jdk.internal.reflect.DirectMethodHandleAccessor.invoke(DirectMethodHandleAccessor.java:104) ~[na:na]
	at java.base/java.lang.reflect.Method.invoke(Method.java:565) ~[na:na]
	at org.springframework.orm.jpa.SharedEntityManagerCreator$SharedEntityManagerInvocationHandler.invoke(SharedEntityManagerCreator.java:320) ~[spring-orm-6.2.12.jar:6.2.12]
	at jdk.proxy8/jdk.proxy8.$Proxy183.persist(Unknown Source) ~[na:na]
	at org.springframework.data.jpa.repository.support.SimpleJpaRepository.save(SimpleJpaRepository.java:654) ~[spring-data-jpa-3.5.5.jar:3.5.5]
	at java.base/jdk.internal.reflect.DirectMethodHandleAccessor.invoke(DirectMethodHandleAccessor.java:104) ~[na:na]
	at java.base/java.lang.reflect.Method.invoke(Method.java:565) ~[na:na]
	at org.springframework.aop.support.AopUtils.invokeJoinpointUsingReflection(AopUtils.java:360) ~[spring-aop-6.2.12.jar:6.2.12]
	at org.springframework.data.repository.core.support.RepositoryMethodInvoker$RepositoryFragmentMethodInvoker.lambda$new$0(RepositoryMethodInvoker.java:277) ~[spring-data-commons-3.5.5.jar:3.5.5]
	at org.springframework.data.repository.core.support.RepositoryMethodInvoker.doInvoke(RepositoryMethodInvoker.java:170) ~[spring-data-commons-3.5.5.jar:3.5.5]
	at org.springframework.data.repository.core.support.RepositoryMethodInvoker.invoke(RepositoryMethodInvoker.java:158) ~[spring-data-commons-3.5.5.jar:3.5.5]
	at org.springframework.data.repository.core.support.RepositoryComposition$RepositoryFragments.invoke(RepositoryComposition.java:515) ~[spring-data-commons-3.5.5.jar:3.5.5]
	at org.springframework.data.repository.core.support.RepositoryComposition.invoke(RepositoryComposition.java:284) ~[spring-data-commons-3.5.5.jar:3.5.5]
	at org.springframework.data.repository.core.support.RepositoryFactorySupport$ImplementationMethodExecutionInterceptor.invoke(RepositoryFactorySupport.java:734) ~[spring-data-commons-3.5.5.jar:3.5.5]
	at org.springframework.aop.framework.ReflectiveMethodInvocation.proceed(ReflectiveMethodInvocation.java:184) ~[spring-aop-6.2.12.jar:6.2.12]
	at org.springframework.data.repository.core.support.QueryExecutorMethodInterceptor.doInvoke(QueryExecutorMethodInterceptor.java:174) ~[spring-data-commons-3.5.5.jar:3.5.5]
	at org.springframework.data.repository.core.support.QueryExecutorMethodInterceptor.invoke(QueryExecutorMethodInterceptor.java:149) ~[spring-data-commons-3.5.5.jar:3.5.5]
	at org.springframework.aop.framework.ReflectiveMethodInvocation.proceed(ReflectiveMethodInvocation.java:184) ~[spring-aop-6.2.12.jar:6.2.12]
	at org.springframework.data.projection.DefaultMethodInvokingMethodInterceptor.invoke(DefaultMethodInvokingMethodInterceptor.java:69) ~[spring-data-commons-3.5.5.jar:3.5.5]
	at org.springframework.aop.framework.ReflectiveMethodInvocation.proceed(ReflectiveMethodInvocation.java:184) ~[spring-aop-6.2.12.jar:6.2.12]
	at org.springframework.transaction.interceptor.TransactionAspectSupport.invokeWithinTransaction(TransactionAspectSupport.java:380) ~[spring-tx-6.2.12.jar:6.2.12]
	at org.springframework.transaction.interceptor.TransactionInterceptor.invoke(TransactionInterceptor.java:119) ~[spring-tx-6.2.12.jar:6.2.12]
	at org.springframework.aop.framework.ReflectiveMethodInvocation.proceed(ReflectiveMethodInvocation.java:184) ~[spring-aop-6.2.12.jar:6.2.12]
	at org.springframework.dao.support.PersistenceExceptionTranslationInterceptor.invoke(PersistenceExceptionTranslationInterceptor.java:138) ~[spring-tx-6.2.12.jar:6.2.12]
	... 148 common frames omitted
Caused by: org.postgresql.util.PSQLException: ERROR: new row for relation "notifications" violates check constraint "notifications_type_check"
  Detail: Failing row contains (15, 2026-01-17 22:09:21.718574, f, Your report about a post has been dismissed by admin, REPORT_REVIEWED, 6, null, null, 22).
	at org.postgresql.core.v3.QueryExecutorImpl.receiveErrorResponse(QueryExecutorImpl.java:2736) ~[postgresql-42.7.8.jar:42.7.8]
	at org.postgresql.core.v3.QueryExecutorImpl.processResults(QueryExecutorImpl.java:2421) ~[postgresql-42.7.8.jar:42.7.8]
	at org.postgresql.core.v3.QueryExecutorImpl.execute(QueryExecutorImpl.java:372) ~[postgresql-42.7.8.jar:42.7.8]
	at org.postgresql.jdbc.PgStatement.executeInternal(PgStatement.java:525) ~[postgresql-42.7.8.jar:42.7.8]
	at org.postgresql.jdbc.PgStatement.execute(PgStatement.java:435) ~[postgresql-42.7.8.jar:42.7.8]
	at org.postgresql.jdbc.PgPreparedStatement.executeWithFlags(PgPreparedStatement.java:196) ~[postgresql-42.7.8.jar:42.7.8]
	at org.postgresql.jdbc.PgPreparedStatement.executeUpdate(PgPreparedStatement.java:157) ~[postgresql-42.7.8.jar:42.7.8]
	at com.zaxxer.hikari.pool.ProxyPreparedStatement.executeUpdate(ProxyPreparedStatement.java:61) ~[HikariCP-6.3.3.jar:na]
	at com.zaxxer.hikari.pool.HikariProxyPreparedStatement.executeUpdate(HikariProxyPreparedStatement.java) ~[HikariCP-6.3.3.jar:na]
	at org.hibernate.engine.jdbc.internal.ResultSetReturnImpl.executeUpdate(ResultSetReturnImpl.java:194) ~[hibernate-core-6.6.33.Final.jar:6.6.33.Final]
	... 198 common frames omitted

Hibernate: 
    select
        p1_0.id,
        p1_0.category,
        p1_0.content,
        p1_0.created_at,
        p1_0.media_url,
        p1_0.title,
        p1_0.user_id 
    from
        posts p1_0 
    where
        p1_0.id=?
2026-01-17T22:09:21.746+01:00  WARN 52678 --- [mojebbari] [nio-8080-exec-4] o.h.engine.jdbc.spi.SqlExceptionHelper   : SQL Error: 0, SQLState: 25P02
2026-01-17T22:09:21.746+01:00 ERROR 52678 --- [mojebbari] [nio-8080-exec-4] o.h.engine.jdbc.spi.SqlExceptionHelper   : ERROR: current transaction is aborted, commands ignored until end of transaction block
2026-01-17T22:09:21.746+01:00  INFO 52678 --- [mojebbari] [nio-8080-exec-4] o.h.e.internal.DefaultLoadEventListener  : HHH000327: Error performing load command

org.hibernate.exception.GenericJDBCException: JDBC exception executing SQL [select p1_0.id,p1_0.category,p1_0.content,p1_0.created_at,p1_0.media_url,p1_0.title,p1_0.user_id from posts p1_0 where p1_0.id=?] [ERROR: current transaction is aborted, commands ignored until end of transaction block] [n/a]
	at org.hibernate.exception.internal.StandardSQLExceptionConverter.convert(StandardSQLExceptionConverter.java:63) ~[hibernate-core-6.6.33.Final.jar:6.6.33.Final]
	at org.hibernate.engine.jdbc.spi.SqlExceptionHelper.convert(SqlExceptionHelper.java:108) ~[hibernate-core-6.6.33.Final.jar:6.6.33.Final]
	at org.hibernate.engine.jdbc.spi.SqlExceptionHelper.convert(SqlExceptionHelper.java:94) ~[hibernate-core-6.6.33.Final.jar:6.6.33.Final]
	at org.hibernate.sql.results.jdbc.internal.DeferredResultSetAccess.executeQuery(DeferredResultSetAccess.java:269) ~[hibernate-core-6.6.33.Final.jar:6.6.33.Final]
	at org.hibernate.sql.results.jdbc.internal.DeferredResultSetAccess.getResultSet(DeferredResultSetAccess.java:172) ~[hibernate-core-6.6.33.Final.jar:6.6.33.Final]
	at org.hibernate.sql.results.jdbc.internal.JdbcValuesResultSetImpl.<init>(JdbcValuesResultSetImpl.java:74) ~[hibernate-core-6.6.33.Final.jar:6.6.33.Final]
	at org.hibernate.sql.exec.internal.JdbcSelectExecutorStandardImpl.resolveJdbcValuesSource(JdbcSelectExecutorStandardImpl.java:355) ~[hibernate-core-6.6.33.Final.jar:6.6.33.Final]
	at org.hibernate.sql.exec.internal.JdbcSelectExecutorStandardImpl.doExecuteQuery(JdbcSelectExecutorStandardImpl.java:137) ~[hibernate-core-6.6.33.Final.jar:6.6.33.Final]
	at org.hibernate.sql.exec.internal.JdbcSelectExecutorStandardImpl.executeQuery(JdbcSelectExecutorStandardImpl.java:102) ~[hibernate-core-6.6.33.Final.jar:6.6.33.Final]
	at org.hibernate.sql.exec.spi.JdbcSelectExecutor.executeQuery(JdbcSelectExecutor.java:91) ~[hibernate-core-6.6.33.Final.jar:6.6.33.Final]
	at org.hibernate.sql.exec.spi.JdbcSelectExecutor.list(JdbcSelectExecutor.java:165) ~[hibernate-core-6.6.33.Final.jar:6.6.33.Final]
	at org.hibernate.loader.ast.internal.SingleIdLoadPlan.load(SingleIdLoadPlan.java:145) ~[hibernate-core-6.6.33.Final.jar:6.6.33.Final]
	at org.hibernate.loader.ast.internal.SingleIdLoadPlan.load(SingleIdLoadPlan.java:117) ~[hibernate-core-6.6.33.Final.jar:6.6.33.Final]
	at org.hibernate.loader.ast.internal.SingleIdEntityLoaderStandardImpl.load(SingleIdEntityLoaderStandardImpl.java:74) ~[hibernate-core-6.6.33.Final.jar:6.6.33.Final]
	at org.hibernate.persister.entity.AbstractEntityPersister.doLoad(AbstractEntityPersister.java:3908) ~[hibernate-core-6.6.33.Final.jar:6.6.33.Final]
	at org.hibernate.persister.entity.AbstractEntityPersister.load(AbstractEntityPersister.java:3897) ~[hibernate-core-6.6.33.Final.jar:6.6.33.Final]
	at org.hibernate.event.internal.DefaultLoadEventListener.loadFromDatasource(DefaultLoadEventListener.java:604) ~[hibernate-core-6.6.33.Final.jar:6.6.33.Final]
	at org.hibernate.event.internal.DefaultLoadEventListener.loadFromCacheOrDatasource(DefaultLoadEventListener.java:590) ~[hibernate-core-6.6.33.Final.jar:6.6.33.Final]
	at org.hibernate.event.internal.DefaultLoadEventListener.load(DefaultLoadEventListener.java:560) ~[hibernate-core-6.6.33.Final.jar:6.6.33.Final]
	at org.hibernate.event.internal.DefaultLoadEventListener.doLoad(DefaultLoadEventListener.java:544) ~[hibernate-core-6.6.33.Final.jar:6.6.33.Final]
	at org.hibernate.event.internal.DefaultLoadEventListener.load(DefaultLoadEventListener.java:206) ~[hibernate-core-6.6.33.Final.jar:6.6.33.Final]
	at org.hibernate.event.internal.DefaultLoadEventListener.doOnLoad(DefaultLoadEventListener.java:105) ~[hibernate-core-6.6.33.Final.jar:6.6.33.Final]
	at org.hibernate.event.internal.DefaultLoadEventListener.onLoad(DefaultLoadEventListener.java:69) ~[hibernate-core-6.6.33.Final.jar:6.6.33.Final]
	at org.hibernate.event.service.internal.EventListenerGroupImpl.fireEventOnEachListener(EventListenerGroupImpl.java:138) ~[hibernate-core-6.6.33.Final.jar:6.6.33.Final]
	at org.hibernate.internal.SessionImpl.fireLoadNoChecks(SessionImpl.java:1229) ~[hibernate-core-6.6.33.Final.jar:6.6.33.Final]
	at org.hibernate.internal.SessionImpl.immediateLoad(SessionImpl.java:1048) ~[hibernate-core-6.6.33.Final.jar:6.6.33.Final]
	at org.hibernate.proxy.AbstractLazyInitializer.initialize(AbstractLazyInitializer.java:186) ~[hibernate-core-6.6.33.Final.jar:6.6.33.Final]
	at org.hibernate.proxy.AbstractLazyInitializer.getImplementation(AbstractLazyInitializer.java:328) ~[hibernate-core-6.6.33.Final.jar:6.6.33.Final]
	at org.hibernate.proxy.pojo.bytebuddy.ByteBuddyInterceptor.intercept(ByteBuddyInterceptor.java:44) ~[hibernate-core-6.6.33.Final.jar:6.6.33.Final]
	at org.hibernate.proxy.ProxyConfiguration$InterceptorDispatcher.intercept(ProxyConfiguration.java:102) ~[hibernate-core-6.6.33.Final.jar:6.6.33.Final]
	at com._Blog.mojebbari.models.Post$HibernateProxy.getContent(Unknown Source) ~[classes/:na]
	at com._Blog.mojebbari.services.ReportService.mapToResponse(ReportService.java:274) ~[classes/:na]
	at com._Blog.mojebbari.services.ReportService.updateReportStatus(ReportService.java:197) ~[classes/:na]
	at java.base/jdk.internal.reflect.DirectMethodHandleAccessor.invoke(DirectMethodHandleAccessor.java:104) ~[na:na]
	at java.base/java.lang.reflect.Method.invoke(Method.java:565) ~[na:na]
	at org.springframework.aop.support.AopUtils.invokeJoinpointUsingReflection(AopUtils.java:360) ~[spring-aop-6.2.12.jar:6.2.12]
	at org.springframework.aop.framework.ReflectiveMethodInvocation.invokeJoinpoint(ReflectiveMethodInvocation.java:196) ~[spring-aop-6.2.12.jar:6.2.12]
	at org.springframework.aop.framework.ReflectiveMethodInvocation.proceed(ReflectiveMethodInvocation.java:163) ~[spring-aop-6.2.12.jar:6.2.12]
	at org.springframework.transaction.interceptor.TransactionAspectSupport.invokeWithinTransaction(TransactionAspectSupport.java:380) ~[spring-tx-6.2.12.jar:6.2.12]
	at org.springframework.transaction.interceptor.TransactionInterceptor.invoke(TransactionInterceptor.java:119) ~[spring-tx-6.2.12.jar:6.2.12]
	at org.springframework.aop.framework.ReflectiveMethodInvocation.proceed(ReflectiveMethodInvocation.java:184) ~[spring-aop-6.2.12.jar:6.2.12]
	at org.springframework.aop.framework.CglibAopProxy$DynamicAdvisedInterceptor.intercept(CglibAopProxy.java:728) ~[spring-aop-6.2.12.jar:6.2.12]
	at com._Blog.mojebbari.services.ReportService$$SpringCGLIB$$0.updateReportStatus(<generated>) ~[classes/:na]
	at com._Blog.mojebbari.controllers.ReportController.updateReportStatus(ReportController.java:148) ~[classes/:na]
	at java.base/jdk.internal.reflect.DirectMethodHandleAccessor.invoke(DirectMethodHandleAccessor.java:104) ~[na:na]
	at java.base/java.lang.reflect.Method.invoke(Method.java:565) ~[na:na]
	at org.springframework.aop.support.AopUtils.invokeJoinpointUsingReflection(AopUtils.java:360) ~[spring-aop-6.2.12.jar:6.2.12]
	at org.springframework.aop.framework.ReflectiveMethodInvocation.invokeJoinpoint(ReflectiveMethodInvocation.java:196) ~[spring-aop-6.2.12.jar:6.2.12]
	at org.springframework.aop.framework.ReflectiveMethodInvocation.proceed(ReflectiveMethodInvocation.java:163) ~[spring-aop-6.2.12.jar:6.2.12]
	at org.springframework.security.authorization.method.AuthorizationManagerBeforeMethodInterceptor.proceed(AuthorizationManagerBeforeMethodInterceptor.java:268) ~[spring-security-core-6.5.6.jar:6.5.6]
	at org.springframework.security.authorization.method.AuthorizationManagerBeforeMethodInterceptor.attemptAuthorization(AuthorizationManagerBeforeMethodInterceptor.java:263) ~[spring-security-core-6.5.6.jar:6.5.6]
	at org.springframework.security.authorization.method.AuthorizationManagerBeforeMethodInterceptor.invoke(AuthorizationManagerBeforeMethodInterceptor.java:196) ~[spring-security-core-6.5.6.jar:6.5.6]
	at org.springframework.security.config.annotation.method.configuration.DeferringMethodInterceptor.invoke(DeferringMethodInterceptor.java:44) ~[spring-security-config-6.5.6.jar:6.5.6]
	at org.springframework.aop.framework.ReflectiveMethodInvocation.proceed(ReflectiveMethodInvocation.java:184) ~[spring-aop-6.2.12.jar:6.2.12]
	at org.springframework.aop.framework.CglibAopProxy$DynamicAdvisedInterceptor.intercept(CglibAopProxy.java:728) ~[spring-aop-6.2.12.jar:6.2.12]
	at com._Blog.mojebbari.controllers.ReportController$$SpringCGLIB$$0.updateReportStatus(<generated>) ~[classes/:na]
	at java.base/jdk.internal.reflect.DirectMethodHandleAccessor.invoke(DirectMethodHandleAccessor.java:104) ~[na:na]
	at java.base/java.lang.reflect.Method.invoke(Method.java:565) ~[na:na]
	at org.springframework.web.method.support.InvocableHandlerMethod.doInvoke(InvocableHandlerMethod.java:258) ~[spring-web-6.2.12.jar:6.2.12]
	at org.springframework.web.method.support.InvocableHandlerMethod.invokeForRequest(InvocableHandlerMethod.java:191) ~[spring-web-6.2.12.jar:6.2.12]
	at org.springframework.web.servlet.mvc.method.annotation.ServletInvocableHandlerMethod.invokeAndHandle(ServletInvocableHandlerMethod.java:118) ~[spring-webmvc-6.2.12.jar:6.2.12]
	at org.springframework.web.servlet.mvc.method.annotation.RequestMappingHandlerAdapter.invokeHandlerMethod(RequestMappingHandlerAdapter.java:991) ~[spring-webmvc-6.2.12.jar:6.2.12]
	at org.springframework.web.servlet.mvc.method.annotation.RequestMappingHandlerAdapter.handleInternal(RequestMappingHandlerAdapter.java:896) ~[spring-webmvc-6.2.12.jar:6.2.12]
	at org.springframework.web.servlet.mvc.method.AbstractHandlerMethodAdapter.handle(AbstractHandlerMethodAdapter.java:87) ~[spring-webmvc-6.2.12.jar:6.2.12]
	at org.springframework.web.servlet.DispatcherServlet.doDispatch(DispatcherServlet.java:1089) ~[spring-webmvc-6.2.12.jar:6.2.12]
	at org.springframework.web.servlet.DispatcherServlet.doService(DispatcherServlet.java:979) ~[spring-webmvc-6.2.12.jar:6.2.12]
	at org.springframework.web.servlet.FrameworkServlet.processRequest(FrameworkServlet.java:1014) ~[spring-webmvc-6.2.12.jar:6.2.12]
	at org.springframework.web.servlet.FrameworkServlet.doPut(FrameworkServlet.java:925) ~[spring-webmvc-6.2.12.jar:6.2.12]
	at jakarta.servlet.http.HttpServlet.service(HttpServlet.java:593) ~[tomcat-embed-core-10.1.48.jar:6.0]
	at org.springframework.web.servlet.FrameworkServlet.service(FrameworkServlet.java:885) ~[spring-webmvc-6.2.12.jar:6.2.12]
	at jakarta.servlet.http.HttpServlet.service(HttpServlet.java:658) ~[tomcat-embed-core-10.1.48.jar:6.0]
	at org.apache.catalina.core.ApplicationFilterChain.internalDoFilter(ApplicationFilterChain.java:193) ~[tomcat-embed-core-10.1.48.jar:10.1.48]
	at org.apache.catalina.core.ApplicationFilterChain.doFilter(ApplicationFilterChain.java:138) ~[tomcat-embed-core-10.1.48.jar:10.1.48]
	at org.apache.tomcat.websocket.server.WsFilter.doFilter(WsFilter.java:51) ~[tomcat-embed-websocket-10.1.48.jar:10.1.48]
	at org.apache.catalina.core.ApplicationFilterChain.internalDoFilter(ApplicationFilterChain.java:162) ~[tomcat-embed-core-10.1.48.jar:10.1.48]
	at org.apache.catalina.core.ApplicationFilterChain.doFilter(ApplicationFilterChain.java:138) ~[tomcat-embed-core-10.1.48.jar:10.1.48]
	at org.springframework.web.filter.OncePerRequestFilter.doFilter(OncePerRequestFilter.java:110) ~[spring-web-6.2.12.jar:6.2.12]
	at org.apache.catalina.core.ApplicationFilterChain.internalDoFilter(ApplicationFilterChain.java:162) ~[tomcat-embed-core-10.1.48.jar:10.1.48]
	at org.apache.catalina.core.ApplicationFilterChain.doFilter(ApplicationFilterChain.java:138) ~[tomcat-embed-core-10.1.48.jar:10.1.48]
	at org.springframework.web.filter.CompositeFilter$VirtualFilterChain.doFilter(CompositeFilter.java:108) ~[spring-web-6.2.12.jar:6.2.12]
	at org.springframework.web.filter.CompositeFilter$VirtualFilterChain.doFilter(CompositeFilter.java:108) ~[spring-web-6.2.12.jar:6.2.12]
	at org.springframework.security.web.FilterChainProxy.lambda$doFilterInternal$3(FilterChainProxy.java:231) ~[spring-security-web-6.5.6.jar:6.5.6]
	at org.springframework.security.web.FilterChainProxy$VirtualFilterChain.doFilter(FilterChainProxy.java:365) ~[spring-security-web-6.5.6.jar:6.5.6]
	at org.springframework.security.web.access.intercept.AuthorizationFilter.doFilter(AuthorizationFilter.java:101) ~[spring-security-web-6.5.6.jar:6.5.6]
	at org.springframework.security.web.FilterChainProxy$VirtualFilterChain.doFilter(FilterChainProxy.java:374) ~[spring-security-web-6.5.6.jar:6.5.6]
	at org.springframework.security.web.access.ExceptionTranslationFilter.doFilter(ExceptionTranslationFilter.java:125) ~[spring-security-web-6.5.6.jar:6.5.6]
	at org.springframework.security.web.access.ExceptionTranslationFilter.doFilter(ExceptionTranslationFilter.java:119) ~[spring-security-web-6.5.6.jar:6.5.6]
	at org.springframework.security.web.FilterChainProxy$VirtualFilterChain.doFilter(FilterChainProxy.java:374) ~[spring-security-web-6.5.6.jar:6.5.6]
	at org.springframework.security.web.session.SessionManagementFilter.doFilter(SessionManagementFilter.java:131) ~[spring-security-web-6.5.6.jar:6.5.6]
	at org.springframework.security.web.session.SessionManagementFilter.doFilter(SessionManagementFilter.java:85) ~[spring-security-web-6.5.6.jar:6.5.6]
	at org.springframework.security.web.FilterChainProxy$VirtualFilterChain.doFilter(FilterChainProxy.java:374) ~[spring-security-web-6.5.6.jar:6.5.6]
	at org.springframework.security.web.authentication.AnonymousAuthenticationFilter.doFilter(AnonymousAuthenticationFilter.java:100) ~[spring-security-web-6.5.6.jar:6.5.6]
	at org.springframework.security.web.FilterChainProxy$VirtualFilterChain.doFilter(FilterChainProxy.java:374) ~[spring-security-web-6.5.6.jar:6.5.6]
	at org.springframework.security.web.servletapi.SecurityContextHolderAwareRequestFilter.doFilter(SecurityContextHolderAwareRequestFilter.java:179) ~[spring-security-web-6.5.6.jar:6.5.6]
	at org.springframework.security.web.FilterChainProxy$VirtualFilterChain.doFilter(FilterChainProxy.java:374) ~[spring-security-web-6.5.6.jar:6.5.6]
	at org.springframework.security.web.savedrequest.RequestCacheAwareFilter.doFilter(RequestCacheAwareFilter.java:63) ~[spring-security-web-6.5.6.jar:6.5.6]
	at org.springframework.security.web.FilterChainProxy$VirtualFilterChain.doFilter(FilterChainProxy.java:374) ~[spring-security-web-6.5.6.jar:6.5.6]
	at com._Blog.mojebbari.config.JwtAuthenticationFilter.doFilterInternal(JwtAuthenticationFilter.java:79) ~[classes/:na]
	at org.springframework.web.filter.OncePerRequestFilter.doFilter(OncePerRequestFilter.java:116) ~[spring-web-6.2.12.jar:6.2.12]
	at org.springframework.security.web.FilterChainProxy$VirtualFilterChain.doFilter(FilterChainProxy.java:374) ~[spring-security-web-6.5.6.jar:6.5.6]
	at org.springframework.security.web.authentication.logout.LogoutFilter.doFilter(LogoutFilter.java:107) ~[spring-security-web-6.5.6.jar:6.5.6]
	at org.springframework.security.web.authentication.logout.LogoutFilter.doFilter(LogoutFilter.java:93) ~[spring-security-web-6.5.6.jar:6.5.6]
	at org.springframework.security.web.FilterChainProxy$VirtualFilterChain.doFilter(FilterChainProxy.java:374) ~[spring-security-web-6.5.6.jar:6.5.6]
	at org.springframework.web.filter.CorsFilter.doFilterInternal(CorsFilter.java:91) ~[spring-web-6.2.12.jar:6.2.12]
	at org.springframework.web.filter.OncePerRequestFilter.doFilter(OncePerRequestFilter.java:116) ~[spring-web-6.2.12.jar:6.2.12]
	at org.springframework.security.web.FilterChainProxy$VirtualFilterChain.doFilter(FilterChainProxy.java:374) ~[spring-security-web-6.5.6.jar:6.5.6]
	at org.springframework.security.web.header.HeaderWriterFilter.doHeadersAfter(HeaderWriterFilter.java:90) ~[spring-security-web-6.5.6.jar:6.5.6]
	at org.springframework.security.web.header.HeaderWriterFilter.doFilterInternal(HeaderWriterFilter.java:75) ~[spring-security-web-6.5.6.jar:6.5.6]
	at org.springframework.web.filter.OncePerRequestFilter.doFilter(OncePerRequestFilter.java:116) ~[spring-web-6.2.12.jar:6.2.12]
	at org.springframework.security.web.FilterChainProxy$VirtualFilterChain.doFilter(FilterChainProxy.java:374) ~[spring-security-web-6.5.6.jar:6.5.6]
	at org.springframework.security.web.context.SecurityContextHolderFilter.doFilter(SecurityContextHolderFilter.java:82) ~[spring-security-web-6.5.6.jar:6.5.6]
	at org.springframework.security.web.context.SecurityContextHolderFilter.doFilter(SecurityContextHolderFilter.java:69) ~[spring-security-web-6.5.6.jar:6.5.6]
	at org.springframework.security.web.FilterChainProxy$VirtualFilterChain.doFilter(FilterChainProxy.java:374) ~[spring-security-web-6.5.6.jar:6.5.6]
	at org.springframework.security.web.context.request.async.WebAsyncManagerIntegrationFilter.doFilterInternal(WebAsyncManagerIntegrationFilter.java:62) ~[spring-security-web-6.5.6.jar:6.5.6]
	at org.springframework.web.filter.OncePerRequestFilter.doFilter(OncePerRequestFilter.java:116) ~[spring-web-6.2.12.jar:6.2.12]
	at org.springframework.security.web.FilterChainProxy$VirtualFilterChain.doFilter(FilterChainProxy.java:374) ~[spring-security-web-6.5.6.jar:6.5.6]
	at org.springframework.security.web.session.DisableEncodeUrlFilter.doFilterInternal(DisableEncodeUrlFilter.java:42) ~[spring-security-web-6.5.6.jar:6.5.6]
	at org.springframework.web.filter.OncePerRequestFilter.doFilter(OncePerRequestFilter.java:116) ~[spring-web-6.2.12.jar:6.2.12]
	at org.springframework.security.web.FilterChainProxy$VirtualFilterChain.doFilter(FilterChainProxy.java:374) ~[spring-security-web-6.5.6.jar:6.5.6]
	at org.springframework.security.web.FilterChainProxy.doFilterInternal(FilterChainProxy.java:233) ~[spring-security-web-6.5.6.jar:6.5.6]
	at org.springframework.security.web.FilterChainProxy.doFilter(FilterChainProxy.java:191) ~[spring-security-web-6.5.6.jar:6.5.6]
	at org.springframework.web.filter.CompositeFilter$VirtualFilterChain.doFilter(CompositeFilter.java:113) ~[spring-web-6.2.12.jar:6.2.12]
	at org.springframework.web.filter.ServletRequestPathFilter.doFilter(ServletRequestPathFilter.java:52) ~[spring-web-6.2.12.jar:6.2.12]
	at org.springframework.web.filter.CompositeFilter$VirtualFilterChain.doFilter(CompositeFilter.java:113) ~[spring-web-6.2.12.jar:6.2.12]
	at org.springframework.web.filter.CompositeFilter.doFilter(CompositeFilter.java:74) ~[spring-web-6.2.12.jar:6.2.12]
	at org.springframework.security.config.annotation.web.configuration.WebSecurityConfiguration$CompositeFilterChainProxy.doFilter(WebSecurityConfiguration.java:319) ~[spring-security-config-6.5.6.jar:6.5.6]
	at org.springframework.web.filter.CompositeFilter$VirtualFilterChain.doFilter(CompositeFilter.java:113) ~[spring-web-6.2.12.jar:6.2.12]
	at org.springframework.web.servlet.handler.HandlerMappingIntrospector.lambda$createCacheFilter$4(HandlerMappingIntrospector.java:267) ~[spring-webmvc-6.2.12.jar:6.2.12]
	at org.springframework.web.filter.CompositeFilter$VirtualFilterChain.doFilter(CompositeFilter.java:113) ~[spring-web-6.2.12.jar:6.2.12]
	at org.springframework.web.filter.CompositeFilter.doFilter(CompositeFilter.java:74) ~[spring-web-6.2.12.jar:6.2.12]
	at org.springframework.security.config.annotation.web.configuration.WebMvcSecurityConfiguration$CompositeFilterChainProxy.doFilter(WebMvcSecurityConfiguration.java:240) ~[spring-security-config-6.5.6.jar:6.5.6]
	at org.springframework.web.filter.DelegatingFilterProxy.invokeDelegate(DelegatingFilterProxy.java:362) ~[spring-web-6.2.12.jar:6.2.12]
	at org.springframework.web.filter.DelegatingFilterProxy.doFilter(DelegatingFilterProxy.java:278) ~[spring-web-6.2.12.jar:6.2.12]
	at org.apache.catalina.core.ApplicationFilterChain.internalDoFilter(ApplicationFilterChain.java:162) ~[tomcat-embed-core-10.1.48.jar:10.1.48]
	at org.apache.catalina.core.ApplicationFilterChain.doFilter(ApplicationFilterChain.java:138) ~[tomcat-embed-core-10.1.48.jar:10.1.48]
	at org.springframework.web.filter.RequestContextFilter.doFilterInternal(RequestContextFilter.java:100) ~[spring-web-6.2.12.jar:6.2.12]
	at org.springframework.web.filter.OncePerRequestFilter.doFilter(OncePerRequestFilter.java:116) ~[spring-web-6.2.12.jar:6.2.12]
	at org.apache.catalina.core.ApplicationFilterChain.internalDoFilter(ApplicationFilterChain.java:162) ~[tomcat-embed-core-10.1.48.jar:10.1.48]
	at org.apache.catalina.core.ApplicationFilterChain.doFilter(ApplicationFilterChain.java:138) ~[tomcat-embed-core-10.1.48.jar:10.1.48]
	at org.springframework.web.filter.FormContentFilter.doFilterInternal(FormContentFilter.java:93) ~[spring-web-6.2.12.jar:6.2.12]
	at org.springframework.web.filter.OncePerRequestFilter.doFilter(OncePerRequestFilter.java:116) ~[spring-web-6.2.12.jar:6.2.12]
	at org.apache.catalina.core.ApplicationFilterChain.internalDoFilter(ApplicationFilterChain.java:162) ~[tomcat-embed-core-10.1.48.jar:10.1.48]
	at org.apache.catalina.core.ApplicationFilterChain.doFilter(ApplicationFilterChain.java:138) ~[tomcat-embed-core-10.1.48.jar:10.1.48]
	at org.springframework.web.filter.CharacterEncodingFilter.doFilterInternal(CharacterEncodingFilter.java:201) ~[spring-web-6.2.12.jar:6.2.12]
	at org.springframework.web.filter.OncePerRequestFilter.doFilter(OncePerRequestFilter.java:116) ~[spring-web-6.2.12.jar:6.2.12]
	at org.apache.catalina.core.ApplicationFilterChain.internalDoFilter(ApplicationFilterChain.java:162) ~[tomcat-embed-core-10.1.48.jar:10.1.48]
	at org.apache.catalina.core.ApplicationFilterChain.doFilter(ApplicationFilterChain.java:138) ~[tomcat-embed-core-10.1.48.jar:10.1.48]
	at org.apache.catalina.core.StandardWrapperValve.invoke(StandardWrapperValve.java:165) ~[tomcat-embed-core-10.1.48.jar:10.1.48]
	at org.apache.catalina.core.StandardContextValve.invoke(StandardContextValve.java:88) ~[tomcat-embed-core-10.1.48.jar:10.1.48]
	at org.apache.catalina.authenticator.AuthenticatorBase.invoke(AuthenticatorBase.java:482) ~[tomcat-embed-core-10.1.48.jar:10.1.48]
	at org.apache.catalina.core.StandardHostValve.invoke(StandardHostValve.java:113) ~[tomcat-embed-core-10.1.48.jar:10.1.48]
	at org.apache.catalina.valves.ErrorReportValve.invoke(ErrorReportValve.java:83) ~[tomcat-embed-core-10.1.48.jar:10.1.48]
	at org.apache.catalina.core.StandardEngineValve.invoke(StandardEngineValve.java:72) ~[tomcat-embed-core-10.1.48.jar:10.1.48]
	at org.apache.catalina.connector.CoyoteAdapter.service(CoyoteAdapter.java:342) ~[tomcat-embed-core-10.1.48.jar:10.1.48]
	at org.apache.coyote.http11.Http11Processor.service(Http11Processor.java:399) ~[tomcat-embed-core-10.1.48.jar:10.1.48]
	at org.apache.coyote.AbstractProcessorLight.process(AbstractProcessorLight.java:63) ~[tomcat-embed-core-10.1.48.jar:10.1.48]
	at org.apache.coyote.AbstractProtocol$ConnectionHandler.process(AbstractProtocol.java:903) ~[tomcat-embed-core-10.1.48.jar:10.1.48]
	at org.apache.tomcat.util.net.NioEndpoint$SocketProcessor.doRun(NioEndpoint.java:1774) ~[tomcat-embed-core-10.1.48.jar:10.1.48]
	at org.apache.tomcat.util.net.SocketProcessorBase.run(SocketProcessorBase.java:52) ~[tomcat-embed-core-10.1.48.jar:10.1.48]
	at org.apache.tomcat.util.threads.ThreadPoolExecutor.runWorker(ThreadPoolExecutor.java:973) ~[tomcat-embed-core-10.1.48.jar:10.1.48]
	at org.apache.tomcat.util.threads.ThreadPoolExecutor$Worker.run(ThreadPoolExecutor.java:491) ~[tomcat-embed-core-10.1.48.jar:10.1.48]
	at org.apache.tomcat.util.threads.TaskThread$WrappingRunnable.run(TaskThread.java:63) ~[tomcat-embed-core-10.1.48.jar:10.1.48]
	at java.base/java.lang.Thread.run(Thread.java:1474) ~[na:na]
Caused by: org.postgresql.util.PSQLException: ERROR: current transaction is aborted, commands ignored until end of transaction block
	at org.postgresql.core.v3.QueryExecutorImpl.receiveErrorResponse(QueryExecutorImpl.java:2736) ~[postgresql-42.7.8.jar:42.7.8]
	at org.postgresql.core.v3.QueryExecutorImpl.processResults(QueryExecutorImpl.java:2421) ~[postgresql-42.7.8.jar:42.7.8]
	at org.postgresql.core.v3.QueryExecutorImpl.execute(QueryExecutorImpl.java:372) ~[postgresql-42.7.8.jar:42.7.8]
	at org.postgresql.jdbc.PgStatement.executeInternal(PgStatement.java:525) ~[postgresql-42.7.8.jar:42.7.8]
	at org.postgresql.jdbc.PgStatement.execute(PgStatement.java:435) ~[postgresql-42.7.8.jar:42.7.8]
	at org.postgresql.jdbc.PgPreparedStatement.executeWithFlags(PgPreparedStatement.java:196) ~[postgresql-42.7.8.jar:42.7.8]
	at org.postgresql.jdbc.PgPreparedStatement.executeQuery(PgPreparedStatement.java:139) ~[postgresql-42.7.8.jar:42.7.8]
	at com.zaxxer.hikari.pool.ProxyPreparedStatement.executeQuery(ProxyPreparedStatement.java:52) ~[HikariCP-6.3.3.jar:na]
	at com.zaxxer.hikari.pool.HikariProxyPreparedStatement.executeQuery(HikariProxyPreparedStatement.java) ~[HikariCP-6.3.3.jar:na]
	at org.hibernate.sql.results.jdbc.internal.DeferredResultSetAccess.executeQuery(DeferredResultSetAccess.java:251) ~[hibernate-core-6.6.33.Final.jar:6.6.33.Final]
	... 159 common frames omitted
Caused by: org.postgresql.util.PSQLException: ERROR: new row for relation "notifications" violates check constraint "notifications_type_check"
  Detail: Failing row contains (15, 2026-01-17 22:09:21.718574, f, Your report about a post has been dismissed by admin, REPORT_REVIEWED, 6, null, null, 22).
	at org.postgresql.core.v3.QueryExecutorImpl.receiveErrorResponse(QueryExecutorImpl.java:2736) ~[postgresql-42.7.8.jar:42.7.8]
	at org.postgresql.core.v3.QueryExecutorImpl.processResults(QueryExecutorImpl.java:2421) ~[postgresql-42.7.8.jar:42.7.8]
	at org.postgresql.core.v3.QueryExecutorImpl.execute(QueryExecutorImpl.java:372) ~[postgresql-42.7.8.jar:42.7.8]
	at org.postgresql.jdbc.PgStatement.executeInternal(PgStatement.java:525) ~[postgresql-42.7.8.jar:42.7.8]
	at org.postgresql.jdbc.PgStatement.execute(PgStatement.java:435) ~[postgresql-42.7.8.jar:42.7.8]
	at org.postgresql.jdbc.PgPreparedStatement.executeWithFlags(PgPreparedStatement.java:196) ~[postgresql-42.7.8.jar:42.7.8]
	at org.postgresql.jdbc.PgPreparedStatement.executeUpdate(PgPreparedStatement.java:157) ~[postgresql-42.7.8.jar:42.7.8]
	at com.zaxxer.hikari.pool.ProxyPreparedStatement.executeUpdate(ProxyPreparedStatement.java:61) ~[HikariCP-6.3.3.jar:na]
	at com.zaxxer.hikari.pool.HikariProxyPreparedStatement.executeUpdate(HikariProxyPreparedStatement.java) ~[HikariCP-6.3.3.jar:na]
	at org.hibernate.engine.jdbc.internal.ResultSetReturnImpl.executeUpdate(ResultSetReturnImpl.java:194) ~[hibernate-core-6.6.33.Final.jar:6.6.33.Final]
	at org.hibernate.id.insert.GetGeneratedKeysDelegate.performMutation(GetGeneratedKeysDelegate.java:116) ~[hibernate-core-6.6.33.Final.jar:6.6.33.Final]
	at org.hibernate.engine.jdbc.mutation.internal.MutationExecutorSingleNonBatched.performNonBatchedOperations(MutationExecutorSingleNonBatched.java:47) ~[hibernate-core-6.6.33.Final.jar:6.6.33.Final]
	at org.hibernate.engine.jdbc.mutation.internal.AbstractMutationExecutor.execute(AbstractMutationExecutor.java:55) ~[hibernate-core-6.6.33.Final.jar:6.6.33.Final]
	at org.hibernate.persister.entity.mutation.InsertCoordinatorStandard.doStaticInserts(InsertCoordinatorStandard.java:194) ~[hibernate-core-6.6.33.Final.jar:6.6.33.Final]
	at org.hibernate.persister.entity.mutation.InsertCoordinatorStandard.coordinateInsert(InsertCoordinatorStandard.java:132) ~[hibernate-core-6.6.33.Final.jar:6.6.33.Final]
	at org.hibernate.persister.entity.mutation.InsertCoordinatorStandard.insert(InsertCoordinatorStandard.java:95) ~[hibernate-core-6.6.33.Final.jar:6.6.33.Final]
	at org.hibernate.action.internal.EntityIdentityInsertAction.execute(EntityIdentityInsertAction.java:85) ~[hibernate-core-6.6.33.Final.jar:6.6.33.Final]
	at org.hibernate.engine.spi.ActionQueue.execute(ActionQueue.java:682) ~[hibernate-core-6.6.33.Final.jar:6.6.33.Final]
	at org.hibernate.engine.spi.ActionQueue.addResolvedEntityInsertAction(ActionQueue.java:293) ~[hibernate-core-6.6.33.Final.jar:6.6.33.Final]
	at org.hibernate.engine.spi.ActionQueue.addInsertAction(ActionQueue.java:274) ~[hibernate-core-6.6.33.Final.jar:6.6.33.Final]
	at org.hibernate.engine.spi.ActionQueue.addAction(ActionQueue.java:324) ~[hibernate-core-6.6.33.Final.jar:6.6.33.Final]
	at org.hibernate.event.internal.AbstractSaveEventListener.addInsertAction(AbstractSaveEventListener.java:394) ~[hibernate-core-6.6.33.Final.jar:6.6.33.Final]
	at org.hibernate.event.internal.AbstractSaveEventListener.performSaveOrReplicate(AbstractSaveEventListener.java:308) ~[hibernate-core-6.6.33.Final.jar:6.6.33.Final]
	at org.hibernate.event.internal.AbstractSaveEventListener.performSave(AbstractSaveEventListener.java:224) ~[hibernate-core-6.6.33.Final.jar:6.6.33.Final]
	at org.hibernate.event.internal.AbstractSaveEventListener.saveWithGeneratedId(AbstractSaveEventListener.java:136) ~[hibernate-core-6.6.33.Final.jar:6.6.33.Final]
	at org.hibernate.event.internal.DefaultPersistEventListener.entityIsTransient(DefaultPersistEventListener.java:177) ~[hibernate-core-6.6.33.Final.jar:6.6.33.Final]
	at org.hibernate.event.internal.DefaultPersistEventListener.persist(DefaultPersistEventListener.java:95) ~[hibernate-core-6.6.33.Final.jar:6.6.33.Final]
	at org.hibernate.event.internal.DefaultPersistEventListener.onPersist(DefaultPersistEventListener.java:79) ~[hibernate-core-6.6.33.Final.jar:6.6.33.Final]
	at org.hibernate.event.internal.DefaultPersistEventListener.onPersist(DefaultPersistEventListener.java:55) ~[hibernate-core-6.6.33.Final.jar:6.6.33.Final]
	at org.hibernate.event.service.internal.EventListenerGroupImpl.fireEventOnEachListener(EventListenerGroupImpl.java:127) ~[hibernate-core-6.6.33.Final.jar:6.6.33.Final]
	at org.hibernate.internal.SessionImpl.firePersist(SessionImpl.java:761) ~[hibernate-core-6.6.33.Final.jar:6.6.33.Final]
	at org.hibernate.internal.SessionImpl.persist(SessionImpl.java:745) ~[hibernate-core-6.6.33.Final.jar:6.6.33.Final]
	at java.base/jdk.internal.reflect.DirectMethodHandleAccessor.invoke(DirectMethodHandleAccessor.java:104) ~[na:na]
	at java.base/java.lang.reflect.Method.invoke(Method.java:565) ~[na:na]
	at org.springframework.orm.jpa.ExtendedEntityManagerCreator$ExtendedEntityManagerInvocationHandler.invoke(ExtendedEntityManagerCreator.java:364) ~[spring-orm-6.2.12.jar:6.2.12]
	at jdk.proxy8/jdk.proxy8.$Proxy183.persist(Unknown Source) ~[na:na]
	at java.base/jdk.internal.reflect.DirectMethodHandleAccessor.invoke(DirectMethodHandleAccessor.java:104) ~[na:na]
	at java.base/java.lang.reflect.Method.invoke(Method.java:565) ~[na:na]
	at org.springframework.orm.jpa.SharedEntityManagerCreator$SharedEntityManagerInvocationHandler.invoke(SharedEntityManagerCreator.java:320) ~[spring-orm-6.2.12.jar:6.2.12]
	at jdk.proxy8/jdk.proxy8.$Proxy183.persist(Unknown Source) ~[na:na]
	at org.springframework.data.jpa.repository.support.SimpleJpaRepository.save(SimpleJpaRepository.java:654) ~[spring-data-jpa-3.5.5.jar:3.5.5]
	at java.base/jdk.internal.reflect.DirectMethodHandleAccessor.invoke(DirectMethodHandleAccessor.java:104) ~[na:na]
	at java.base/java.lang.reflect.Method.invoke(Method.java:565) ~[na:na]
	at org.springframework.aop.support.AopUtils.invokeJoinpointUsingReflection(AopUtils.java:360) ~[spring-aop-6.2.12.jar:6.2.12]
	at org.springframework.data.repository.core.support.RepositoryMethodInvoker$RepositoryFragmentMethodInvoker.lambda$new$0(RepositoryMethodInvoker.java:277) ~[spring-data-commons-3.5.5.jar:3.5.5]
	at org.springframework.data.repository.core.support.RepositoryMethodInvoker.doInvoke(RepositoryMethodInvoker.java:170) ~[spring-data-commons-3.5.5.jar:3.5.5]
	at org.springframework.data.repository.core.support.RepositoryMethodInvoker.invoke(RepositoryMethodInvoker.java:158) ~[spring-data-commons-3.5.5.jar:3.5.5]
	at org.springframework.data.repository.core.support.RepositoryComposition$RepositoryFragments.invoke(RepositoryComposition.java:515) ~[spring-data-commons-3.5.5.jar:3.5.5]
	at org.springframework.data.repository.core.support.RepositoryComposition.invoke(RepositoryComposition.java:284) ~[spring-data-commons-3.5.5.jar:3.5.5]
	at org.springframework.data.repository.core.support.RepositoryFactorySupport$ImplementationMethodExecutionInterceptor.invoke(RepositoryFactorySupport.java:734) ~[spring-data-commons-3.5.5.jar:3.5.5]
	at org.springframework.aop.framework.ReflectiveMethodInvocation.proceed(ReflectiveMethodInvocation.java:184) ~[spring-aop-6.2.12.jar:6.2.12]
	at org.springframework.data.repository.core.support.QueryExecutorMethodInterceptor.doInvoke(QueryExecutorMethodInterceptor.java:174) ~[spring-data-commons-3.5.5.jar:3.5.5]
	at org.springframework.data.repository.core.support.QueryExecutorMethodInterceptor.invoke(QueryExecutorMethodInterceptor.java:149) ~[spring-data-commons-3.5.5.jar:3.5.5]
	at org.springframework.aop.framework.ReflectiveMethodInvocation.proceed(ReflectiveMethodInvocation.java:184) ~[spring-aop-6.2.12.jar:6.2.12]
	at org.springframework.data.projection.DefaultMethodInvokingMethodInterceptor.invoke(DefaultMethodInvokingMethodInterceptor.java:69) ~[spring-data-commons-3.5.5.jar:3.5.5]
	at org.springframework.aop.framework.ReflectiveMethodInvocation.proceed(ReflectiveMethodInvocation.java:184) ~[spring-aop-6.2.12.jar:6.2.12]
	at org.springframework.transaction.interceptor.TransactionAspectSupport.invokeWithinTransaction(TransactionAspectSupport.java:380) ~[spring-tx-6.2.12.jar:6.2.12]
	at org.springframework.transaction.interceptor.TransactionInterceptor.invoke(TransactionInterceptor.java:119) ~[spring-tx-6.2.12.jar:6.2.12]
	at org.springframework.aop.framework.ReflectiveMethodInvocation.proceed(ReflectiveMethodInvocation.java:184) ~[spring-aop-6.2.12.jar:6.2.12]
	at org.springframework.dao.support.PersistenceExceptionTranslationInterceptor.invoke(PersistenceExceptionTranslationInterceptor.java:138) ~[spring-tx-6.2.12.jar:6.2.12]
	at org.springframework.aop.framework.ReflectiveMethodInvocation.proceed(ReflectiveMethodInvocation.java:184) ~[spring-aop-6.2.12.jar:6.2.12]
	at org.springframework.data.jpa.repository.support.CrudMethodMetadataPostProcessor$CrudMethodMetadataPopulatingMethodInterceptor.invoke(CrudMethodMetadataPostProcessor.java:165) ~[spring-data-jpa-3.5.5.jar:3.5.5]
	at org.springframework.aop.framework.ReflectiveMethodInvocation.proceed(ReflectiveMethodInvocation.java:184) ~[spring-aop-6.2.12.jar:6.2.12]
	at org.springframework.aop.framework.JdkDynamicAopProxy.invoke(JdkDynamicAopProxy.java:223) ~[spring-aop-6.2.12.jar:6.2.12]
	at jdk.proxy8/jdk.proxy8.$Proxy189.save(Unknown Source) ~[na:na]
	at com._Blog.mojebbari.services.NotificationService.createReportReviewedNotification(NotificationService.java:116) ~[classes/:na]
	at java.base/jdk.internal.reflect.DirectMethodHandleAccessor.invoke(DirectMethodHandleAccessor.java:104) ~[na:na]
	at java.base/java.lang.reflect.Method.invoke(Method.java:565) ~[na:na]
	at org.springframework.aop.support.AopUtils.invokeJoinpointUsingReflection(AopUtils.java:360) ~[spring-aop-6.2.12.jar:6.2.12]
	at org.springframework.aop.framework.ReflectiveMethodInvocation.invokeJoinpoint(ReflectiveMethodInvocation.java:196) ~[spring-aop-6.2.12.jar:6.2.12]
	at org.springframework.aop.framework.ReflectiveMethodInvocation.proceed(ReflectiveMethodInvocation.java:163) ~[spring-aop-6.2.12.jar:6.2.12]
	at org.springframework.transaction.interceptor.TransactionAspectSupport.invokeWithinTransaction(TransactionAspectSupport.java:380) ~[spring-tx-6.2.12.jar:6.2.12]
	at org.springframework.transaction.interceptor.TransactionInterceptor.invoke(TransactionInterceptor.java:119) ~[spring-tx-6.2.12.jar:6.2.12]
	at org.springframework.aop.framework.ReflectiveMethodInvocation.proceed(ReflectiveMethodInvocation.java:184) ~[spring-aop-6.2.12.jar:6.2.12]
	at org.springframework.aop.framework.CglibAopProxy$DynamicAdvisedInterceptor.intercept(CglibAopProxy.java:728) ~[spring-aop-6.2.12.jar:6.2.12]
	at com._Blog.mojebbari.services.NotificationService$$SpringCGLIB$$0.createReportReviewedNotification(<generated>) ~[classes/:na]
	at com._Blog.mojebbari.services.ReportService.createReportReviewedNotification(ReportService.java:210) ~[classes/:na]
	at com._Blog.mojebbari.services.ReportService.updateReportStatus(ReportService.java:195) ~[classes/:na]
	... 130 common frames omitted

2026-01-17T22:09:21.748+01:00 ERROR 52678 --- [mojebbari] [nio-8080-exec-4] c._.m.controllers.ReportController       : Error updating report status: JDBC exception executing SQL [select p1_0.id,p1_0.category,p1_0.content,p1_0.created_at,p1_0.media_url,p1_0.title,p1_0.user_id from posts p1_0 where p1_0.id=?] [ERROR: current transaction is aborted, commands ignored until end of transaction block] [n/a]
Hibernate: 
    select
        u1_0.id,
        u1_0.bio,
        u1_0.cover_image,
        u1_0.created_at,
        u1_0.email,
        u1_0.password,
        u1_0.profile_picture,
        u1_0.role,
        u1_0.username 
    from
        _user u1_0 
    where
        u1_0.email=? 
        or u1_0.username=?
2026-01-17T22:09:22.236+01:00  INFO 52678 --- [mojebbari] [nio-8080-exec-6] c._.m.controllers.ReportController       : GET /api/reports/count/pending - Fetching pending reports count
Hibernate: 
    select
        count(r1_0.id) 
    from
        reports r1_0 
    where
        r1_0.status=?
Hibernate: 
    select
        u1_0.id,
        u1_0.bio,
        u1_0.cover_image,
        u1_0.created_at,
        u1_0.email,
        u1_0.password,
        u1_0.profile_picture,
        u1_0.role,
        u1_0.username 
    from
        _user u1_0 
    where
        u1_0.email=? 
        or u1_0.username=?
2026-01-17T22:09:29.563+01:00  INFO 52678 --- [mojebbari] [nio-8080-exec-8] c._.m.controllers.ReportController       : PUT /api/reports/5/status - Admin admin updating status to RESOLVED
Hibernate: 
    select
        r1_0.id,
        r1_0.admin_notes,
        r1_0.comment_id,
        r1_0.created_at,
        r1_0.description,
        r1_0.post_id,
        r1_0.reason,
        r1_0.report_type,
        r1_0.reported_user_id,
        r1_0.reporter_id,
        r1_0.reviewed_at,
        r1_0.reviewed_by_id,
        r1_0.status 
    from
        reports r1_0 
    where
        r1_0.id=?
Hibernate: 
    select
        u1_0.id,
        u1_0.bio,
        u1_0.cover_image,
        u1_0.created_at,
        u1_0.email,
        u1_0.password,
        u1_0.profile_picture,
        u1_0.role,
        u1_0.username 
    from
        _user u1_0 
    where
        u1_0.id=?
2026-01-17T22:09:29.567+01:00  INFO 52678 --- [mojebbari] [nio-8080-exec-8] c._.mojebbari.services.ReportService     : Report updated: id=5, status=RESOLVED, reviewedBy=admin
Hibernate: 
    insert 
    into
        notifications
        (actor_id, comment_id, created_at, is_read, message, post_id, recipient_id, type) 
    values
        (?, ?, ?, ?, ?, ?, ?, ?)
2026-01-17T22:09:29.569+01:00  WARN 52678 --- [mojebbari] [nio-8080-exec-8] o.h.engine.jdbc.spi.SqlExceptionHelper   : SQL Error: 0, SQLState: 23514
2026-01-17T22:09:29.569+01:00 ERROR 52678 --- [mojebbari] [nio-8080-exec-8] o.h.engine.jdbc.spi.SqlExceptionHelper   : ERROR: new row for relation "notifications" violates check constraint "notifications_type_check"
  Detail: Failing row contains (16, 2026-01-17 22:09:29.567783, f, Your report about a post has been resolved by admin, REPORT_REVIEWED, 6, null, null, 22).
2026-01-17T22:09:29.570+01:00 ERROR 52678 --- [mojebbari] [nio-8080-exec-8] c._.mojebbari.services.ReportService     : Failed to create report reviewed notification

org.springframework.dao.DataIntegrityViolationException: could not execute statement [ERROR: new row for relation "notifications" violates check constraint "notifications_type_check"
  Detail: Failing row contains (16, 2026-01-17 22:09:29.567783, f, Your report about a post has been resolved by admin, REPORT_REVIEWED, 6, null, null, 22).] [insert into notifications (actor_id,comment_id,created_at,is_read,message,post_id,recipient_id,type) values (?,?,?,?,?,?,?,?)]; SQL [insert into notifications (actor_id,comment_id,created_at,is_read,message,post_id,recipient_id,type) values (?,?,?,?,?,?,?,?)]; constraint [notifications_type_check]
	at org.springframework.orm.jpa.vendor.HibernateJpaDialect.convertHibernateAccessException(HibernateJpaDialect.java:294) ~[spring-orm-6.2.12.jar:6.2.12]
	at org.springframework.orm.jpa.vendor.HibernateJpaDialect.convertHibernateAccessException(HibernateJpaDialect.java:256) ~[spring-orm-6.2.12.jar:6.2.12]
	at org.springframework.orm.jpa.vendor.HibernateJpaDialect.translateExceptionIfPossible(HibernateJpaDialect.java:241) ~[spring-orm-6.2.12.jar:6.2.12]
	at org.springframework.orm.jpa.AbstractEntityManagerFactoryBean.translateExceptionIfPossible(AbstractEntityManagerFactoryBean.java:560) ~[spring-orm-6.2.12.jar:6.2.12]
	at org.springframework.dao.support.ChainedPersistenceExceptionTranslator.translateExceptionIfPossible(ChainedPersistenceExceptionTranslator.java:61) ~[spring-tx-6.2.12.jar:6.2.12]
	at org.springframework.dao.support.DataAccessUtils.translateIfNecessary(DataAccessUtils.java:343) ~[spring-tx-6.2.12.jar:6.2.12]
	at org.springframework.dao.support.PersistenceExceptionTranslationInterceptor.invoke(PersistenceExceptionTranslationInterceptor.java:160) ~[spring-tx-6.2.12.jar:6.2.12]
	at org.springframework.aop.framework.ReflectiveMethodInvocation.proceed(ReflectiveMethodInvocation.java:184) ~[spring-aop-6.2.12.jar:6.2.12]
	at org.springframework.data.jpa.repository.support.CrudMethodMetadataPostProcessor$CrudMethodMetadataPopulatingMethodInterceptor.invoke(CrudMethodMetadataPostProcessor.java:165) ~[spring-data-jpa-3.5.5.jar:3.5.5]
	at org.springframework.aop.framework.ReflectiveMethodInvocation.proceed(ReflectiveMethodInvocation.java:184) ~[spring-aop-6.2.12.jar:6.2.12]
	at org.springframework.aop.framework.JdkDynamicAopProxy.invoke(JdkDynamicAopProxy.java:223) ~[spring-aop-6.2.12.jar:6.2.12]
	at jdk.proxy8/jdk.proxy8.$Proxy189.save(Unknown Source) ~[na:na]
	at com._Blog.mojebbari.services.NotificationService.createReportReviewedNotification(NotificationService.java:116) ~[classes/:na]
	at java.base/jdk.internal.reflect.DirectMethodHandleAccessor.invoke(DirectMethodHandleAccessor.java:104) ~[na:na]
	at java.base/java.lang.reflect.Method.invoke(Method.java:565) ~[na:na]
	at org.springframework.aop.support.AopUtils.invokeJoinpointUsingReflection(AopUtils.java:360) ~[spring-aop-6.2.12.jar:6.2.12]
	at org.springframework.aop.framework.ReflectiveMethodInvocation.invokeJoinpoint(ReflectiveMethodInvocation.java:196) ~[spring-aop-6.2.12.jar:6.2.12]
	at org.springframework.aop.framework.ReflectiveMethodInvocation.proceed(ReflectiveMethodInvocation.java:163) ~[spring-aop-6.2.12.jar:6.2.12]
	at org.springframework.transaction.interceptor.TransactionAspectSupport.invokeWithinTransaction(TransactionAspectSupport.java:380) ~[spring-tx-6.2.12.jar:6.2.12]
	at org.springframework.transaction.interceptor.TransactionInterceptor.invoke(TransactionInterceptor.java:119) ~[spring-tx-6.2.12.jar:6.2.12]
	at org.springframework.aop.framework.ReflectiveMethodInvocation.proceed(ReflectiveMethodInvocation.java:184) ~[spring-aop-6.2.12.jar:6.2.12]
	at org.springframework.aop.framework.CglibAopProxy$DynamicAdvisedInterceptor.intercept(CglibAopProxy.java:728) ~[spring-aop-6.2.12.jar:6.2.12]
	at com._Blog.mojebbari.services.NotificationService$$SpringCGLIB$$0.createReportReviewedNotification(<generated>) ~[classes/:na]
	at com._Blog.mojebbari.services.ReportService.createReportReviewedNotification(ReportService.java:210) ~[classes/:na]
	at com._Blog.mojebbari.services.ReportService.updateReportStatus(ReportService.java:195) ~[classes/:na]
	at java.base/jdk.internal.reflect.DirectMethodHandleAccessor.invoke(DirectMethodHandleAccessor.java:104) ~[na:na]
	at java.base/java.lang.reflect.Method.invoke(Method.java:565) ~[na:na]
	at org.springframework.aop.support.AopUtils.invokeJoinpointUsingReflection(AopUtils.java:360) ~[spring-aop-6.2.12.jar:6.2.12]
	at org.springframework.aop.framework.ReflectiveMethodInvocation.invokeJoinpoint(ReflectiveMethodInvocation.java:196) ~[spring-aop-6.2.12.jar:6.2.12]
	at org.springframework.aop.framework.ReflectiveMethodInvocation.proceed(ReflectiveMethodInvocation.java:163) ~[spring-aop-6.2.12.jar:6.2.12]
	at org.springframework.transaction.interceptor.TransactionAspectSupport.invokeWithinTransaction(TransactionAspectSupport.java:380) ~[spring-tx-6.2.12.jar:6.2.12]
	at org.springframework.transaction.interceptor.TransactionInterceptor.invoke(TransactionInterceptor.java:119) ~[spring-tx-6.2.12.jar:6.2.12]
	at org.springframework.aop.framework.ReflectiveMethodInvocation.proceed(ReflectiveMethodInvocation.java:184) ~[spring-aop-6.2.12.jar:6.2.12]
	at org.springframework.aop.framework.CglibAopProxy$DynamicAdvisedInterceptor.intercept(CglibAopProxy.java:728) ~[spring-aop-6.2.12.jar:6.2.12]
	at com._Blog.mojebbari.services.ReportService$$SpringCGLIB$$0.updateReportStatus(<generated>) ~[classes/:na]
	at com._Blog.mojebbari.controllers.ReportController.updateReportStatus(ReportController.java:148) ~[classes/:na]
	at java.base/jdk.internal.reflect.DirectMethodHandleAccessor.invoke(DirectMethodHandleAccessor.java:104) ~[na:na]
	at java.base/java.lang.reflect.Method.invoke(Method.java:565) ~[na:na]
	at org.springframework.aop.support.AopUtils.invokeJoinpointUsingReflection(AopUtils.java:360) ~[spring-aop-6.2.12.jar:6.2.12]
	at org.springframework.aop.framework.ReflectiveMethodInvocation.invokeJoinpoint(ReflectiveMethodInvocation.java:196) ~[spring-aop-6.2.12.jar:6.2.12]
	at org.springframework.aop.framework.ReflectiveMethodInvocation.proceed(ReflectiveMethodInvocation.java:163) ~[spring-aop-6.2.12.jar:6.2.12]
	at org.springframework.security.authorization.method.AuthorizationManagerBeforeMethodInterceptor.proceed(AuthorizationManagerBeforeMethodInterceptor.java:268) ~[spring-security-core-6.5.6.jar:6.5.6]
	at org.springframework.security.authorization.method.AuthorizationManagerBeforeMethodInterceptor.attemptAuthorization(AuthorizationManagerBeforeMethodInterceptor.java:263) ~[spring-security-core-6.5.6.jar:6.5.6]
	at org.springframework.security.authorization.method.AuthorizationManagerBeforeMethodInterceptor.invoke(AuthorizationManagerBeforeMethodInterceptor.java:196) ~[spring-security-core-6.5.6.jar:6.5.6]
	at org.springframework.security.config.annotation.method.configuration.DeferringMethodInterceptor.invoke(DeferringMethodInterceptor.java:44) ~[spring-security-config-6.5.6.jar:6.5.6]
	at org.springframework.aop.framework.ReflectiveMethodInvocation.proceed(ReflectiveMethodInvocation.java:184) ~[spring-aop-6.2.12.jar:6.2.12]
	at org.springframework.aop.framework.CglibAopProxy$DynamicAdvisedInterceptor.intercept(CglibAopProxy.java:728) ~[spring-aop-6.2.12.jar:6.2.12]
	at com._Blog.mojebbari.controllers.ReportController$$SpringCGLIB$$0.updateReportStatus(<generated>) ~[classes/:na]
	at java.base/jdk.internal.reflect.DirectMethodHandleAccessor.invoke(DirectMethodHandleAccessor.java:104) ~[na:na]
	at java.base/java.lang.reflect.Method.invoke(Method.java:565) ~[na:na]
	at org.springframework.web.method.support.InvocableHandlerMethod.doInvoke(InvocableHandlerMethod.java:258) ~[spring-web-6.2.12.jar:6.2.12]
	at org.springframework.web.method.support.InvocableHandlerMethod.invokeForRequest(InvocableHandlerMethod.java:191) ~[spring-web-6.2.12.jar:6.2.12]
	at org.springframework.web.servlet.mvc.method.annotation.ServletInvocableHandlerMethod.invokeAndHandle(ServletInvocableHandlerMethod.java:118) ~[spring-webmvc-6.2.12.jar:6.2.12]
	at org.springframework.web.servlet.mvc.method.annotation.RequestMappingHandlerAdapter.invokeHandlerMethod(RequestMappingHandlerAdapter.java:991) ~[spring-webmvc-6.2.12.jar:6.2.12]
	at org.springframework.web.servlet.mvc.method.annotation.RequestMappingHandlerAdapter.handleInternal(RequestMappingHandlerAdapter.java:896) ~[spring-webmvc-6.2.12.jar:6.2.12]
	at org.springframework.web.servlet.mvc.method.AbstractHandlerMethodAdapter.handle(AbstractHandlerMethodAdapter.java:87) ~[spring-webmvc-6.2.12.jar:6.2.12]
	at org.springframework.web.servlet.DispatcherServlet.doDispatch(DispatcherServlet.java:1089) ~[spring-webmvc-6.2.12.jar:6.2.12]
	at org.springframework.web.servlet.DispatcherServlet.doService(DispatcherServlet.java:979) ~[spring-webmvc-6.2.12.jar:6.2.12]
	at org.springframework.web.servlet.FrameworkServlet.processRequest(FrameworkServlet.java:1014) ~[spring-webmvc-6.2.12.jar:6.2.12]
	at org.springframework.web.servlet.FrameworkServlet.doPut(FrameworkServlet.java:925) ~[spring-webmvc-6.2.12.jar:6.2.12]
	at jakarta.servlet.http.HttpServlet.service(HttpServlet.java:593) ~[tomcat-embed-core-10.1.48.jar:6.0]
	at org.springframework.web.servlet.FrameworkServlet.service(FrameworkServlet.java:885) ~[spring-webmvc-6.2.12.jar:6.2.12]
	at jakarta.servlet.http.HttpServlet.service(HttpServlet.java:658) ~[tomcat-embed-core-10.1.48.jar:6.0]
	at org.apache.catalina.core.ApplicationFilterChain.internalDoFilter(ApplicationFilterChain.java:193) ~[tomcat-embed-core-10.1.48.jar:10.1.48]
	at org.apache.catalina.core.ApplicationFilterChain.doFilter(ApplicationFilterChain.java:138) ~[tomcat-embed-core-10.1.48.jar:10.1.48]
	at org.apache.tomcat.websocket.server.WsFilter.doFilter(WsFilter.java:51) ~[tomcat-embed-websocket-10.1.48.jar:10.1.48]
	at org.apache.catalina.core.ApplicationFilterChain.internalDoFilter(ApplicationFilterChain.java:162) ~[tomcat-embed-core-10.1.48.jar:10.1.48]
	at org.apache.catalina.core.ApplicationFilterChain.doFilter(ApplicationFilterChain.java:138) ~[tomcat-embed-core-10.1.48.jar:10.1.48]
	at org.springframework.web.filter.OncePerRequestFilter.doFilter(OncePerRequestFilter.java:110) ~[spring-web-6.2.12.jar:6.2.12]
	at org.apache.catalina.core.ApplicationFilterChain.internalDoFilter(ApplicationFilterChain.java:162) ~[tomcat-embed-core-10.1.48.jar:10.1.48]
	at org.apache.catalina.core.ApplicationFilterChain.doFilter(ApplicationFilterChain.java:138) ~[tomcat-embed-core-10.1.48.jar:10.1.48]
	at org.springframework.web.filter.CompositeFilter$VirtualFilterChain.doFilter(CompositeFilter.java:108) ~[spring-web-6.2.12.jar:6.2.12]
	at org.springframework.web.filter.CompositeFilter$VirtualFilterChain.doFilter(CompositeFilter.java:108) ~[spring-web-6.2.12.jar:6.2.12]
	at org.springframework.security.web.FilterChainProxy.lambda$doFilterInternal$3(FilterChainProxy.java:231) ~[spring-security-web-6.5.6.jar:6.5.6]
	at org.springframework.security.web.FilterChainProxy$VirtualFilterChain.doFilter(FilterChainProxy.java:365) ~[spring-security-web-6.5.6.jar:6.5.6]
	at org.springframework.security.web.access.intercept.AuthorizationFilter.doFilter(AuthorizationFilter.java:101) ~[spring-security-web-6.5.6.jar:6.5.6]
	at org.springframework.security.web.FilterChainProxy$VirtualFilterChain.doFilter(FilterChainProxy.java:374) ~[spring-security-web-6.5.6.jar:6.5.6]
	at org.springframework.security.web.access.ExceptionTranslationFilter.doFilter(ExceptionTranslationFilter.java:125) ~[spring-security-web-6.5.6.jar:6.5.6]
	at org.springframework.security.web.access.ExceptionTranslationFilter.doFilter(ExceptionTranslationFilter.java:119) ~[spring-security-web-6.5.6.jar:6.5.6]
	at org.springframework.security.web.FilterChainProxy$VirtualFilterChain.doFilter(FilterChainProxy.java:374) ~[spring-security-web-6.5.6.jar:6.5.6]
	at org.springframework.security.web.session.SessionManagementFilter.doFilter(SessionManagementFilter.java:131) ~[spring-security-web-6.5.6.jar:6.5.6]
	at org.springframework.security.web.session.SessionManagementFilter.doFilter(SessionManagementFilter.java:85) ~[spring-security-web-6.5.6.jar:6.5.6]
	at org.springframework.security.web.FilterChainProxy$VirtualFilterChain.doFilter(FilterChainProxy.java:374) ~[spring-security-web-6.5.6.jar:6.5.6]
	at org.springframework.security.web.authentication.AnonymousAuthenticationFilter.doFilter(AnonymousAuthenticationFilter.java:100) ~[spring-security-web-6.5.6.jar:6.5.6]
	at org.springframework.security.web.FilterChainProxy$VirtualFilterChain.doFilter(FilterChainProxy.java:374) ~[spring-security-web-6.5.6.jar:6.5.6]
	at org.springframework.security.web.servletapi.SecurityContextHolderAwareRequestFilter.doFilter(SecurityContextHolderAwareRequestFilter.java:179) ~[spring-security-web-6.5.6.jar:6.5.6]
	at org.springframework.security.web.FilterChainProxy$VirtualFilterChain.doFilter(FilterChainProxy.java:374) ~[spring-security-web-6.5.6.jar:6.5.6]
	at org.springframework.security.web.savedrequest.RequestCacheAwareFilter.doFilter(RequestCacheAwareFilter.java:63) ~[spring-security-web-6.5.6.jar:6.5.6]
	at org.springframework.security.web.FilterChainProxy$VirtualFilterChain.doFilter(FilterChainProxy.java:374) ~[spring-security-web-6.5.6.jar:6.5.6]
	at com._Blog.mojebbari.config.JwtAuthenticationFilter.doFilterInternal(JwtAuthenticationFilter.java:79) ~[classes/:na]
	at org.springframework.web.filter.OncePerRequestFilter.doFilter(OncePerRequestFilter.java:116) ~[spring-web-6.2.12.jar:6.2.12]
	at org.springframework.security.web.FilterChainProxy$VirtualFilterChain.doFilter(FilterChainProxy.java:374) ~[spring-security-web-6.5.6.jar:6.5.6]
	at org.springframework.security.web.authentication.logout.LogoutFilter.doFilter(LogoutFilter.java:107) ~[spring-security-web-6.5.6.jar:6.5.6]
	at org.springframework.security.web.authentication.logout.LogoutFilter.doFilter(LogoutFilter.java:93) ~[spring-security-web-6.5.6.jar:6.5.6]
	at org.springframework.security.web.FilterChainProxy$VirtualFilterChain.doFilter(FilterChainProxy.java:374) ~[spring-security-web-6.5.6.jar:6.5.6]
	at org.springframework.web.filter.CorsFilter.doFilterInternal(CorsFilter.java:91) ~[spring-web-6.2.12.jar:6.2.12]
	at org.springframework.web.filter.OncePerRequestFilter.doFilter(OncePerRequestFilter.java:116) ~[spring-web-6.2.12.jar:6.2.12]
	at org.springframework.security.web.FilterChainProxy$VirtualFilterChain.doFilter(FilterChainProxy.java:374) ~[spring-security-web-6.5.6.jar:6.5.6]
	at org.springframework.security.web.header.HeaderWriterFilter.doHeadersAfter(HeaderWriterFilter.java:90) ~[spring-security-web-6.5.6.jar:6.5.6]
	at org.springframework.security.web.header.HeaderWriterFilter.doFilterInternal(HeaderWriterFilter.java:75) ~[spring-security-web-6.5.6.jar:6.5.6]
	at org.springframework.web.filter.OncePerRequestFilter.doFilter(OncePerRequestFilter.java:116) ~[spring-web-6.2.12.jar:6.2.12]
	at org.springframework.security.web.FilterChainProxy$VirtualFilterChain.doFilter(FilterChainProxy.java:374) ~[spring-security-web-6.5.6.jar:6.5.6]
	at org.springframework.security.web.context.SecurityContextHolderFilter.doFilter(SecurityContextHolderFilter.java:82) ~[spring-security-web-6.5.6.jar:6.5.6]
	at org.springframework.security.web.context.SecurityContextHolderFilter.doFilter(SecurityContextHolderFilter.java:69) ~[spring-security-web-6.5.6.jar:6.5.6]
	at org.springframework.security.web.FilterChainProxy$VirtualFilterChain.doFilter(FilterChainProxy.java:374) ~[spring-security-web-6.5.6.jar:6.5.6]
	at org.springframework.security.web.context.request.async.WebAsyncManagerIntegrationFilter.doFilterInternal(WebAsyncManagerIntegrationFilter.java:62) ~[spring-security-web-6.5.6.jar:6.5.6]
	at org.springframework.web.filter.OncePerRequestFilter.doFilter(OncePerRequestFilter.java:116) ~[spring-web-6.2.12.jar:6.2.12]
	at org.springframework.security.web.FilterChainProxy$VirtualFilterChain.doFilter(FilterChainProxy.java:374) ~[spring-security-web-6.5.6.jar:6.5.6]
	at org.springframework.security.web.session.DisableEncodeUrlFilter.doFilterInternal(DisableEncodeUrlFilter.java:42) ~[spring-security-web-6.5.6.jar:6.5.6]
	at org.springframework.web.filter.OncePerRequestFilter.doFilter(OncePerRequestFilter.java:116) ~[spring-web-6.2.12.jar:6.2.12]
	at org.springframework.security.web.FilterChainProxy$VirtualFilterChain.doFilter(FilterChainProxy.java:374) ~[spring-security-web-6.5.6.jar:6.5.6]
	at org.springframework.security.web.FilterChainProxy.doFilterInternal(FilterChainProxy.java:233) ~[spring-security-web-6.5.6.jar:6.5.6]
	at org.springframework.security.web.FilterChainProxy.doFilter(FilterChainProxy.java:191) ~[spring-security-web-6.5.6.jar:6.5.6]
	at org.springframework.web.filter.CompositeFilter$VirtualFilterChain.doFilter(CompositeFilter.java:113) ~[spring-web-6.2.12.jar:6.2.12]
	at org.springframework.web.filter.ServletRequestPathFilter.doFilter(ServletRequestPathFilter.java:52) ~[spring-web-6.2.12.jar:6.2.12]
	at org.springframework.web.filter.CompositeFilter$VirtualFilterChain.doFilter(CompositeFilter.java:113) ~[spring-web-6.2.12.jar:6.2.12]
	at org.springframework.web.filter.CompositeFilter.doFilter(CompositeFilter.java:74) ~[spring-web-6.2.12.jar:6.2.12]
	at org.springframework.security.config.annotation.web.configuration.WebSecurityConfiguration$CompositeFilterChainProxy.doFilter(WebSecurityConfiguration.java:319) ~[spring-security-config-6.5.6.jar:6.5.6]
	at org.springframework.web.filter.CompositeFilter$VirtualFilterChain.doFilter(CompositeFilter.java:113) ~[spring-web-6.2.12.jar:6.2.12]
	at org.springframework.web.servlet.handler.HandlerMappingIntrospector.lambda$createCacheFilter$4(HandlerMappingIntrospector.java:267) ~[spring-webmvc-6.2.12.jar:6.2.12]
	at org.springframework.web.filter.CompositeFilter$VirtualFilterChain.doFilter(CompositeFilter.java:113) ~[spring-web-6.2.12.jar:6.2.12]
	at org.springframework.web.filter.CompositeFilter.doFilter(CompositeFilter.java:74) ~[spring-web-6.2.12.jar:6.2.12]
	at org.springframework.security.config.annotation.web.configuration.WebMvcSecurityConfiguration$CompositeFilterChainProxy.doFilter(WebMvcSecurityConfiguration.java:240) ~[spring-security-config-6.5.6.jar:6.5.6]
	at org.springframework.web.filter.DelegatingFilterProxy.invokeDelegate(DelegatingFilterProxy.java:362) ~[spring-web-6.2.12.jar:6.2.12]
	at org.springframework.web.filter.DelegatingFilterProxy.doFilter(DelegatingFilterProxy.java:278) ~[spring-web-6.2.12.jar:6.2.12]
	at org.apache.catalina.core.ApplicationFilterChain.internalDoFilter(ApplicationFilterChain.java:162) ~[tomcat-embed-core-10.1.48.jar:10.1.48]
	at org.apache.catalina.core.ApplicationFilterChain.doFilter(ApplicationFilterChain.java:138) ~[tomcat-embed-core-10.1.48.jar:10.1.48]
	at org.springframework.web.filter.RequestContextFilter.doFilterInternal(RequestContextFilter.java:100) ~[spring-web-6.2.12.jar:6.2.12]
	at org.springframework.web.filter.OncePerRequestFilter.doFilter(OncePerRequestFilter.java:116) ~[spring-web-6.2.12.jar:6.2.12]
	at org.apache.catalina.core.ApplicationFilterChain.internalDoFilter(ApplicationFilterChain.java:162) ~[tomcat-embed-core-10.1.48.jar:10.1.48]
	at org.apache.catalina.core.ApplicationFilterChain.doFilter(ApplicationFilterChain.java:138) ~[tomcat-embed-core-10.1.48.jar:10.1.48]
	at org.springframework.web.filter.FormContentFilter.doFilterInternal(FormContentFilter.java:93) ~[spring-web-6.2.12.jar:6.2.12]
	at org.springframework.web.filter.OncePerRequestFilter.doFilter(OncePerRequestFilter.java:116) ~[spring-web-6.2.12.jar:6.2.12]
	at org.apache.catalina.core.ApplicationFilterChain.internalDoFilter(ApplicationFilterChain.java:162) ~[tomcat-embed-core-10.1.48.jar:10.1.48]
	at org.apache.catalina.core.ApplicationFilterChain.doFilter(ApplicationFilterChain.java:138) ~[tomcat-embed-core-10.1.48.jar:10.1.48]
	at org.springframework.web.filter.CharacterEncodingFilter.doFilterInternal(CharacterEncodingFilter.java:201) ~[spring-web-6.2.12.jar:6.2.12]
	at org.springframework.web.filter.OncePerRequestFilter.doFilter(OncePerRequestFilter.java:116) ~[spring-web-6.2.12.jar:6.2.12]
	at org.apache.catalina.core.ApplicationFilterChain.internalDoFilter(ApplicationFilterChain.java:162) ~[tomcat-embed-core-10.1.48.jar:10.1.48]
	at org.apache.catalina.core.ApplicationFilterChain.doFilter(ApplicationFilterChain.java:138) ~[tomcat-embed-core-10.1.48.jar:10.1.48]
	at org.apache.catalina.core.StandardWrapperValve.invoke(StandardWrapperValve.java:165) ~[tomcat-embed-core-10.1.48.jar:10.1.48]
	at org.apache.catalina.core.StandardContextValve.invoke(StandardContextValve.java:88) ~[tomcat-embed-core-10.1.48.jar:10.1.48]
	at org.apache.catalina.authenticator.AuthenticatorBase.invoke(AuthenticatorBase.java:482) ~[tomcat-embed-core-10.1.48.jar:10.1.48]
	at org.apache.catalina.core.StandardHostValve.invoke(StandardHostValve.java:113) ~[tomcat-embed-core-10.1.48.jar:10.1.48]
	at org.apache.catalina.valves.ErrorReportValve.invoke(ErrorReportValve.java:83) ~[tomcat-embed-core-10.1.48.jar:10.1.48]
	at org.apache.catalina.core.StandardEngineValve.invoke(StandardEngineValve.java:72) ~[tomcat-embed-core-10.1.48.jar:10.1.48]
	at org.apache.catalina.connector.CoyoteAdapter.service(CoyoteAdapter.java:342) ~[tomcat-embed-core-10.1.48.jar:10.1.48]
	at org.apache.coyote.http11.Http11Processor.service(Http11Processor.java:399) ~[tomcat-embed-core-10.1.48.jar:10.1.48]
	at org.apache.coyote.AbstractProcessorLight.process(AbstractProcessorLight.java:63) ~[tomcat-embed-core-10.1.48.jar:10.1.48]
	at org.apache.coyote.AbstractProtocol$ConnectionHandler.process(AbstractProtocol.java:903) ~[tomcat-embed-core-10.1.48.jar:10.1.48]
	at org.apache.tomcat.util.net.NioEndpoint$SocketProcessor.doRun(NioEndpoint.java:1774) ~[tomcat-embed-core-10.1.48.jar:10.1.48]
	at org.apache.tomcat.util.net.SocketProcessorBase.run(SocketProcessorBase.java:52) ~[tomcat-embed-core-10.1.48.jar:10.1.48]
	at org.apache.tomcat.util.threads.ThreadPoolExecutor.runWorker(ThreadPoolExecutor.java:973) ~[tomcat-embed-core-10.1.48.jar:10.1.48]
	at org.apache.tomcat.util.threads.ThreadPoolExecutor$Worker.run(ThreadPoolExecutor.java:491) ~[tomcat-embed-core-10.1.48.jar:10.1.48]
	at org.apache.tomcat.util.threads.TaskThread$WrappingRunnable.run(TaskThread.java:63) ~[tomcat-embed-core-10.1.48.jar:10.1.48]
	at java.base/java.lang.Thread.run(Thread.java:1474) ~[na:na]
Caused by: org.hibernate.exception.ConstraintViolationException: could not execute statement [ERROR: new row for relation "notifications" violates check constraint "notifications_type_check"
  Detail: Failing row contains (16, 2026-01-17 22:09:29.567783, f, Your report about a post has been resolved by admin, REPORT_REVIEWED, 6, null, null, 22).] [insert into notifications (actor_id,comment_id,created_at,is_read,message,post_id,recipient_id,type) values (?,?,?,?,?,?,?,?)]
	at org.hibernate.exception.internal.SQLStateConversionDelegate.convert(SQLStateConversionDelegate.java:97) ~[hibernate-core-6.6.33.Final.jar:6.6.33.Final]
	at org.hibernate.exception.internal.StandardSQLExceptionConverter.convert(StandardSQLExceptionConverter.java:58) ~[hibernate-core-6.6.33.Final.jar:6.6.33.Final]
	at org.hibernate.engine.jdbc.spi.SqlExceptionHelper.convert(SqlExceptionHelper.java:108) ~[hibernate-core-6.6.33.Final.jar:6.6.33.Final]
	at org.hibernate.engine.jdbc.internal.ResultSetReturnImpl.executeUpdate(ResultSetReturnImpl.java:197) ~[hibernate-core-6.6.33.Final.jar:6.6.33.Final]
	at org.hibernate.id.insert.GetGeneratedKeysDelegate.performMutation(GetGeneratedKeysDelegate.java:116) ~[hibernate-core-6.6.33.Final.jar:6.6.33.Final]
	at org.hibernate.engine.jdbc.mutation.internal.MutationExecutorSingleNonBatched.performNonBatchedOperations(MutationExecutorSingleNonBatched.java:47) ~[hibernate-core-6.6.33.Final.jar:6.6.33.Final]
	at org.hibernate.engine.jdbc.mutation.internal.AbstractMutationExecutor.execute(AbstractMutationExecutor.java:55) ~[hibernate-core-6.6.33.Final.jar:6.6.33.Final]
	at org.hibernate.persister.entity.mutation.InsertCoordinatorStandard.doStaticInserts(InsertCoordinatorStandard.java:194) ~[hibernate-core-6.6.33.Final.jar:6.6.33.Final]
	at org.hibernate.persister.entity.mutation.InsertCoordinatorStandard.coordinateInsert(InsertCoordinatorStandard.java:132) ~[hibernate-core-6.6.33.Final.jar:6.6.33.Final]
	at org.hibernate.persister.entity.mutation.InsertCoordinatorStandard.insert(InsertCoordinatorStandard.java:95) ~[hibernate-core-6.6.33.Final.jar:6.6.33.Final]
	at org.hibernate.action.internal.EntityIdentityInsertAction.execute(EntityIdentityInsertAction.java:85) ~[hibernate-core-6.6.33.Final.jar:6.6.33.Final]
	at org.hibernate.engine.spi.ActionQueue.execute(ActionQueue.java:682) ~[hibernate-core-6.6.33.Final.jar:6.6.33.Final]
	at org.hibernate.engine.spi.ActionQueue.addResolvedEntityInsertAction(ActionQueue.java:293) ~[hibernate-core-6.6.33.Final.jar:6.6.33.Final]
	at org.hibernate.engine.spi.ActionQueue.addInsertAction(ActionQueue.java:274) ~[hibernate-core-6.6.33.Final.jar:6.6.33.Final]
	at org.hibernate.engine.spi.ActionQueue.addAction(ActionQueue.java:324) ~[hibernate-core-6.6.33.Final.jar:6.6.33.Final]
	at org.hibernate.event.internal.AbstractSaveEventListener.addInsertAction(AbstractSaveEventListener.java:394) ~[hibernate-core-6.6.33.Final.jar:6.6.33.Final]
	at org.hibernate.event.internal.AbstractSaveEventListener.performSaveOrReplicate(AbstractSaveEventListener.java:308) ~[hibernate-core-6.6.33.Final.jar:6.6.33.Final]
	at org.hibernate.event.internal.AbstractSaveEventListener.performSave(AbstractSaveEventListener.java:224) ~[hibernate-core-6.6.33.Final.jar:6.6.33.Final]
	at org.hibernate.event.internal.AbstractSaveEventListener.saveWithGeneratedId(AbstractSaveEventListener.java:136) ~[hibernate-core-6.6.33.Final.jar:6.6.33.Final]
	at org.hibernate.event.internal.DefaultPersistEventListener.entityIsTransient(DefaultPersistEventListener.java:177) ~[hibernate-core-6.6.33.Final.jar:6.6.33.Final]
	at org.hibernate.event.internal.DefaultPersistEventListener.persist(DefaultPersistEventListener.java:95) ~[hibernate-core-6.6.33.Final.jar:6.6.33.Final]
	at org.hibernate.event.internal.DefaultPersistEventListener.onPersist(DefaultPersistEventListener.java:79) ~[hibernate-core-6.6.33.Final.jar:6.6.33.Final]
	at org.hibernate.event.internal.DefaultPersistEventListener.onPersist(DefaultPersistEventListener.java:55) ~[hibernate-core-6.6.33.Final.jar:6.6.33.Final]
	at org.hibernate.event.service.internal.EventListenerGroupImpl.fireEventOnEachListener(EventListenerGroupImpl.java:127) ~[hibernate-core-6.6.33.Final.jar:6.6.33.Final]
	at org.hibernate.internal.SessionImpl.firePersist(SessionImpl.java:761) ~[hibernate-core-6.6.33.Final.jar:6.6.33.Final]
	at org.hibernate.internal.SessionImpl.persist(SessionImpl.java:745) ~[hibernate-core-6.6.33.Final.jar:6.6.33.Final]
	at java.base/jdk.internal.reflect.DirectMethodHandleAccessor.invoke(DirectMethodHandleAccessor.java:104) ~[na:na]
	at java.base/java.lang.reflect.Method.invoke(Method.java:565) ~[na:na]
	at org.springframework.orm.jpa.ExtendedEntityManagerCreator$ExtendedEntityManagerInvocationHandler.invoke(ExtendedEntityManagerCreator.java:364) ~[spring-orm-6.2.12.jar:6.2.12]
	at jdk.proxy8/jdk.proxy8.$Proxy183.persist(Unknown Source) ~[na:na]
	at java.base/jdk.internal.reflect.DirectMethodHandleAccessor.invoke(DirectMethodHandleAccessor.java:104) ~[na:na]
	at java.base/java.lang.reflect.Method.invoke(Method.java:565) ~[na:na]
	at org.springframework.orm.jpa.SharedEntityManagerCreator$SharedEntityManagerInvocationHandler.invoke(SharedEntityManagerCreator.java:320) ~[spring-orm-6.2.12.jar:6.2.12]
	at jdk.proxy8/jdk.proxy8.$Proxy183.persist(Unknown Source) ~[na:na]
	at org.springframework.data.jpa.repository.support.SimpleJpaRepository.save(SimpleJpaRepository.java:654) ~[spring-data-jpa-3.5.5.jar:3.5.5]
	at java.base/jdk.internal.reflect.DirectMethodHandleAccessor.invoke(DirectMethodHandleAccessor.java:104) ~[na:na]
	at java.base/java.lang.reflect.Method.invoke(Method.java:565) ~[na:na]
	at org.springframework.aop.support.AopUtils.invokeJoinpointUsingReflection(AopUtils.java:360) ~[spring-aop-6.2.12.jar:6.2.12]
	at org.springframework.data.repository.core.support.RepositoryMethodInvoker$RepositoryFragmentMethodInvoker.lambda$new$0(RepositoryMethodInvoker.java:277) ~[spring-data-commons-3.5.5.jar:3.5.5]
	at org.springframework.data.repository.core.support.RepositoryMethodInvoker.doInvoke(RepositoryMethodInvoker.java:170) ~[spring-data-commons-3.5.5.jar:3.5.5]
	at org.springframework.data.repository.core.support.RepositoryMethodInvoker.invoke(RepositoryMethodInvoker.java:158) ~[spring-data-commons-3.5.5.jar:3.5.5]
	at org.springframework.data.repository.core.support.RepositoryComposition$RepositoryFragments.invoke(RepositoryComposition.java:515) ~[spring-data-commons-3.5.5.jar:3.5.5]
	at org.springframework.data.repository.core.support.RepositoryComposition.invoke(RepositoryComposition.java:284) ~[spring-data-commons-3.5.5.jar:3.5.5]
	at org.springframework.data.repository.core.support.RepositoryFactorySupport$ImplementationMethodExecutionInterceptor.invoke(RepositoryFactorySupport.java:734) ~[spring-data-commons-3.5.5.jar:3.5.5]
	at org.springframework.aop.framework.ReflectiveMethodInvocation.proceed(ReflectiveMethodInvocation.java:184) ~[spring-aop-6.2.12.jar:6.2.12]
	at org.springframework.data.repository.core.support.QueryExecutorMethodInterceptor.doInvoke(QueryExecutorMethodInterceptor.java:174) ~[spring-data-commons-3.5.5.jar:3.5.5]
	at org.springframework.data.repository.core.support.QueryExecutorMethodInterceptor.invoke(QueryExecutorMethodInterceptor.java:149) ~[spring-data-commons-3.5.5.jar:3.5.5]
	at org.springframework.aop.framework.ReflectiveMethodInvocation.proceed(ReflectiveMethodInvocation.java:184) ~[spring-aop-6.2.12.jar:6.2.12]
	at org.springframework.data.projection.DefaultMethodInvokingMethodInterceptor.invoke(DefaultMethodInvokingMethodInterceptor.java:69) ~[spring-data-commons-3.5.5.jar:3.5.5]
	at org.springframework.aop.framework.ReflectiveMethodInvocation.proceed(ReflectiveMethodInvocation.java:184) ~[spring-aop-6.2.12.jar:6.2.12]
	at org.springframework.transaction.interceptor.TransactionAspectSupport.invokeWithinTransaction(TransactionAspectSupport.java:380) ~[spring-tx-6.2.12.jar:6.2.12]
	at org.springframework.transaction.interceptor.TransactionInterceptor.invoke(TransactionInterceptor.java:119) ~[spring-tx-6.2.12.jar:6.2.12]
	at org.springframework.aop.framework.ReflectiveMethodInvocation.proceed(ReflectiveMethodInvocation.java:184) ~[spring-aop-6.2.12.jar:6.2.12]
	at org.springframework.dao.support.PersistenceExceptionTranslationInterceptor.invoke(PersistenceExceptionTranslationInterceptor.java:138) ~[spring-tx-6.2.12.jar:6.2.12]
	... 148 common frames omitted
Caused by: org.postgresql.util.PSQLException: ERROR: new row for relation "notifications" violates check constraint "notifications_type_check"
  Detail: Failing row contains (16, 2026-01-17 22:09:29.567783, f, Your report about a post has been resolved by admin, REPORT_REVIEWED, 6, null, null, 22).
	at org.postgresql.core.v3.QueryExecutorImpl.receiveErrorResponse(QueryExecutorImpl.java:2736) ~[postgresql-42.7.8.jar:42.7.8]
	at org.postgresql.core.v3.QueryExecutorImpl.processResults(QueryExecutorImpl.java:2421) ~[postgresql-42.7.8.jar:42.7.8]
	at org.postgresql.core.v3.QueryExecutorImpl.execute(QueryExecutorImpl.java:372) ~[postgresql-42.7.8.jar:42.7.8]
	at org.postgresql.jdbc.PgStatement.executeInternal(PgStatement.java:525) ~[postgresql-42.7.8.jar:42.7.8]
	at org.postgresql.jdbc.PgStatement.execute(PgStatement.java:435) ~[postgresql-42.7.8.jar:42.7.8]
	at org.postgresql.jdbc.PgPreparedStatement.executeWithFlags(PgPreparedStatement.java:196) ~[postgresql-42.7.8.jar:42.7.8]
	at org.postgresql.jdbc.PgPreparedStatement.executeUpdate(PgPreparedStatement.java:157) ~[postgresql-42.7.8.jar:42.7.8]
	at com.zaxxer.hikari.pool.ProxyPreparedStatement.executeUpdate(ProxyPreparedStatement.java:61) ~[HikariCP-6.3.3.jar:na]
	at com.zaxxer.hikari.pool.HikariProxyPreparedStatement.executeUpdate(HikariProxyPreparedStatement.java) ~[HikariCP-6.3.3.jar:na]
	at org.hibernate.engine.jdbc.internal.ResultSetReturnImpl.executeUpdate(ResultSetReturnImpl.java:194) ~[hibernate-core-6.6.33.Final.jar:6.6.33.Final]
	... 198 common frames omitted

Hibernate: 
    select
        p1_0.id,
        p1_0.category,
        p1_0.content,
        p1_0.created_at,
        p1_0.media_url,
        p1_0.title,
        p1_0.user_id 
    from
        posts p1_0 
    where
        p1_0.id=?
2026-01-17T22:09:29.573+01:00  WARN 52678 --- [mojebbari] [nio-8080-exec-8] o.h.engine.jdbc.spi.SqlExceptionHelper   : SQL Error: 0, SQLState: 25P02
2026-01-17T22:09:29.573+01:00 ERROR 52678 --- [mojebbari] [nio-8080-exec-8] o.h.engine.jdbc.spi.SqlExceptionHelper   : ERROR: current transaction is aborted, commands ignored until end of transaction block
2026-01-17T22:09:29.573+01:00  INFO 52678 --- [mojebbari] [nio-8080-exec-8] o.h.e.internal.DefaultLoadEventListener  : HHH000327: Error performing load command

org.hibernate.exception.GenericJDBCException: JDBC exception executing SQL [select p1_0.id,p1_0.category,p1_0.content,p1_0.created_at,p1_0.media_url,p1_0.title,p1_0.user_id from posts p1_0 where p1_0.id=?] [ERROR: current transaction is aborted, commands ignored until end of transaction block] [n/a]
	at org.hibernate.exception.internal.StandardSQLExceptionConverter.convert(StandardSQLExceptionConverter.java:63) ~[hibernate-core-6.6.33.Final.jar:6.6.33.Final]
	at org.hibernate.engine.jdbc.spi.SqlExceptionHelper.convert(SqlExceptionHelper.java:108) ~[hibernate-core-6.6.33.Final.jar:6.6.33.Final]
	at org.hibernate.engine.jdbc.spi.SqlExceptionHelper.convert(SqlExceptionHelper.java:94) ~[hibernate-core-6.6.33.Final.jar:6.6.33.Final]
	at org.hibernate.sql.results.jdbc.internal.DeferredResultSetAccess.executeQuery(DeferredResultSetAccess.java:269) ~[hibernate-core-6.6.33.Final.jar:6.6.33.Final]
	at org.hibernate.sql.results.jdbc.internal.DeferredResultSetAccess.getResultSet(DeferredResultSetAccess.java:172) ~[hibernate-core-6.6.33.Final.jar:6.6.33.Final]
	at org.hibernate.sql.results.jdbc.internal.JdbcValuesResultSetImpl.<init>(JdbcValuesResultSetImpl.java:74) ~[hibernate-core-6.6.33.Final.jar:6.6.33.Final]
	at org.hibernate.sql.exec.internal.JdbcSelectExecutorStandardImpl.resolveJdbcValuesSource(JdbcSelectExecutorStandardImpl.java:355) ~[hibernate-core-6.6.33.Final.jar:6.6.33.Final]
	at org.hibernate.sql.exec.internal.JdbcSelectExecutorStandardImpl.doExecuteQuery(JdbcSelectExecutorStandardImpl.java:137) ~[hibernate-core-6.6.33.Final.jar:6.6.33.Final]
	at org.hibernate.sql.exec.internal.JdbcSelectExecutorStandardImpl.executeQuery(JdbcSelectExecutorStandardImpl.java:102) ~[hibernate-core-6.6.33.Final.jar:6.6.33.Final]
	at org.hibernate.sql.exec.spi.JdbcSelectExecutor.executeQuery(JdbcSelectExecutor.java:91) ~[hibernate-core-6.6.33.Final.jar:6.6.33.Final]
	at org.hibernate.sql.exec.spi.JdbcSelectExecutor.list(JdbcSelectExecutor.java:165) ~[hibernate-core-6.6.33.Final.jar:6.6.33.Final]
	at org.hibernate.loader.ast.internal.SingleIdLoadPlan.load(SingleIdLoadPlan.java:145) ~[hibernate-core-6.6.33.Final.jar:6.6.33.Final]
	at org.hibernate.loader.ast.internal.SingleIdLoadPlan.load(SingleIdLoadPlan.java:117) ~[hibernate-core-6.6.33.Final.jar:6.6.33.Final]
	at org.hibernate.loader.ast.internal.SingleIdEntityLoaderStandardImpl.load(SingleIdEntityLoaderStandardImpl.java:74) ~[hibernate-core-6.6.33.Final.jar:6.6.33.Final]
	at org.hibernate.persister.entity.AbstractEntityPersister.doLoad(AbstractEntityPersister.java:3908) ~[hibernate-core-6.6.33.Final.jar:6.6.33.Final]
	at org.hibernate.persister.entity.AbstractEntityPersister.load(AbstractEntityPersister.java:3897) ~[hibernate-core-6.6.33.Final.jar:6.6.33.Final]
	at org.hibernate.event.internal.DefaultLoadEventListener.loadFromDatasource(DefaultLoadEventListener.java:604) ~[hibernate-core-6.6.33.Final.jar:6.6.33.Final]
	at org.hibernate.event.internal.DefaultLoadEventListener.loadFromCacheOrDatasource(DefaultLoadEventListener.java:590) ~[hibernate-core-6.6.33.Final.jar:6.6.33.Final]
	at org.hibernate.event.internal.DefaultLoadEventListener.load(DefaultLoadEventListener.java:560) ~[hibernate-core-6.6.33.Final.jar:6.6.33.Final]
	at org.hibernate.event.internal.DefaultLoadEventListener.doLoad(DefaultLoadEventListener.java:544) ~[hibernate-core-6.6.33.Final.jar:6.6.33.Final]
	at org.hibernate.event.internal.DefaultLoadEventListener.load(DefaultLoadEventListener.java:206) ~[hibernate-core-6.6.33.Final.jar:6.6.33.Final]
	at org.hibernate.event.internal.DefaultLoadEventListener.doOnLoad(DefaultLoadEventListener.java:105) ~[hibernate-core-6.6.33.Final.jar:6.6.33.Final]
	at org.hibernate.event.internal.DefaultLoadEventListener.onLoad(DefaultLoadEventListener.java:69) ~[hibernate-core-6.6.33.Final.jar:6.6.33.Final]
	at org.hibernate.event.service.internal.EventListenerGroupImpl.fireEventOnEachListener(EventListenerGroupImpl.java:138) ~[hibernate-core-6.6.33.Final.jar:6.6.33.Final]
	at org.hibernate.internal.SessionImpl.fireLoadNoChecks(SessionImpl.java:1229) ~[hibernate-core-6.6.33.Final.jar:6.6.33.Final]
	at org.hibernate.internal.SessionImpl.immediateLoad(SessionImpl.java:1048) ~[hibernate-core-6.6.33.Final.jar:6.6.33.Final]
	at org.hibernate.proxy.AbstractLazyInitializer.initialize(AbstractLazyInitializer.java:186) ~[hibernate-core-6.6.33.Final.jar:6.6.33.Final]
	at org.hibernate.proxy.AbstractLazyInitializer.getImplementation(AbstractLazyInitializer.java:328) ~[hibernate-core-6.6.33.Final.jar:6.6.33.Final]
	at org.hibernate.proxy.pojo.bytebuddy.ByteBuddyInterceptor.intercept(ByteBuddyInterceptor.java:44) ~[hibernate-core-6.6.33.Final.jar:6.6.33.Final]
	at org.hibernate.proxy.ProxyConfiguration$InterceptorDispatcher.intercept(ProxyConfiguration.java:102) ~[hibernate-core-6.6.33.Final.jar:6.6.33.Final]
	at com._Blog.mojebbari.models.Post$HibernateProxy.getContent(Unknown Source) ~[classes/:na]
	at com._Blog.mojebbari.services.ReportService.mapToResponse(ReportService.java:274) ~[classes/:na]
	at com._Blog.mojebbari.services.ReportService.updateReportStatus(ReportService.java:197) ~[classes/:na]
	at java.base/jdk.internal.reflect.DirectMethodHandleAccessor.invoke(DirectMethodHandleAccessor.java:104) ~[na:na]
	at java.base/java.lang.reflect.Method.invoke(Method.java:565) ~[na:na]
	at org.springframework.aop.support.AopUtils.invokeJoinpointUsingReflection(AopUtils.java:360) ~[spring-aop-6.2.12.jar:6.2.12]
	at org.springframework.aop.framework.ReflectiveMethodInvocation.invokeJoinpoint(ReflectiveMethodInvocation.java:196) ~[spring-aop-6.2.12.jar:6.2.12]
	at org.springframework.aop.framework.ReflectiveMethodInvocation.proceed(ReflectiveMethodInvocation.java:163) ~[spring-aop-6.2.12.jar:6.2.12]
	at org.springframework.transaction.interceptor.TransactionAspectSupport.invokeWithinTransaction(TransactionAspectSupport.java:380) ~[spring-tx-6.2.12.jar:6.2.12]
	at org.springframework.transaction.interceptor.TransactionInterceptor.invoke(TransactionInterceptor.java:119) ~[spring-tx-6.2.12.jar:6.2.12]
	at org.springframework.aop.framework.ReflectiveMethodInvocation.proceed(ReflectiveMethodInvocation.java:184) ~[spring-aop-6.2.12.jar:6.2.12]
	at org.springframework.aop.framework.CglibAopProxy$DynamicAdvisedInterceptor.intercept(CglibAopProxy.java:728) ~[spring-aop-6.2.12.jar:6.2.12]
	at com._Blog.mojebbari.services.ReportService$$SpringCGLIB$$0.updateReportStatus(<generated>) ~[classes/:na]
	at com._Blog.mojebbari.controllers.ReportController.updateReportStatus(ReportController.java:148) ~[classes/:na]
	at java.base/jdk.internal.reflect.DirectMethodHandleAccessor.invoke(DirectMethodHandleAccessor.java:104) ~[na:na]
	at java.base/java.lang.reflect.Method.invoke(Method.java:565) ~[na:na]
	at org.springframework.aop.support.AopUtils.invokeJoinpointUsingReflection(AopUtils.java:360) ~[spring-aop-6.2.12.jar:6.2.12]
	at org.springframework.aop.framework.ReflectiveMethodInvocation.invokeJoinpoint(ReflectiveMethodInvocation.java:196) ~[spring-aop-6.2.12.jar:6.2.12]
	at org.springframework.aop.framework.ReflectiveMethodInvocation.proceed(ReflectiveMethodInvocation.java:163) ~[spring-aop-6.2.12.jar:6.2.12]
	at org.springframework.security.authorization.method.AuthorizationManagerBeforeMethodInterceptor.proceed(AuthorizationManagerBeforeMethodInterceptor.java:268) ~[spring-security-core-6.5.6.jar:6.5.6]
	at org.springframework.security.authorization.method.AuthorizationManagerBeforeMethodInterceptor.attemptAuthorization(AuthorizationManagerBeforeMethodInterceptor.java:263) ~[spring-security-core-6.5.6.jar:6.5.6]
	at org.springframework.security.authorization.method.AuthorizationManagerBeforeMethodInterceptor.invoke(AuthorizationManagerBeforeMethodInterceptor.java:196) ~[spring-security-core-6.5.6.jar:6.5.6]
	at org.springframework.security.config.annotation.method.configuration.DeferringMethodInterceptor.invoke(DeferringMethodInterceptor.java:44) ~[spring-security-config-6.5.6.jar:6.5.6]
	at org.springframework.aop.framework.ReflectiveMethodInvocation.proceed(ReflectiveMethodInvocation.java:184) ~[spring-aop-6.2.12.jar:6.2.12]
	at org.springframework.aop.framework.CglibAopProxy$DynamicAdvisedInterceptor.intercept(CglibAopProxy.java:728) ~[spring-aop-6.2.12.jar:6.2.12]
	at com._Blog.mojebbari.controllers.ReportController$$SpringCGLIB$$0.updateReportStatus(<generated>) ~[classes/:na]
	at java.base/jdk.internal.reflect.DirectMethodHandleAccessor.invoke(DirectMethodHandleAccessor.java:104) ~[na:na]
	at java.base/java.lang.reflect.Method.invoke(Method.java:565) ~[na:na]
	at org.springframework.web.method.support.InvocableHandlerMethod.doInvoke(InvocableHandlerMethod.java:258) ~[spring-web-6.2.12.jar:6.2.12]
	at org.springframework.web.method.support.InvocableHandlerMethod.invokeForRequest(InvocableHandlerMethod.java:191) ~[spring-web-6.2.12.jar:6.2.12]
	at org.springframework.web.servlet.mvc.method.annotation.ServletInvocableHandlerMethod.invokeAndHandle(ServletInvocableHandlerMethod.java:118) ~[spring-webmvc-6.2.12.jar:6.2.12]
	at org.springframework.web.servlet.mvc.method.annotation.RequestMappingHandlerAdapter.invokeHandlerMethod(RequestMappingHandlerAdapter.java:991) ~[spring-webmvc-6.2.12.jar:6.2.12]
	at org.springframework.web.servlet.mvc.method.annotation.RequestMappingHandlerAdapter.handleInternal(RequestMappingHandlerAdapter.java:896) ~[spring-webmvc-6.2.12.jar:6.2.12]
	at org.springframework.web.servlet.mvc.method.AbstractHandlerMethodAdapter.handle(AbstractHandlerMethodAdapter.java:87) ~[spring-webmvc-6.2.12.jar:6.2.12]
	at org.springframework.web.servlet.DispatcherServlet.doDispatch(DispatcherServlet.java:1089) ~[spring-webmvc-6.2.12.jar:6.2.12]
	at org.springframework.web.servlet.DispatcherServlet.doService(DispatcherServlet.java:979) ~[spring-webmvc-6.2.12.jar:6.2.12]
	at org.springframework.web.servlet.FrameworkServlet.processRequest(FrameworkServlet.java:1014) ~[spring-webmvc-6.2.12.jar:6.2.12]
	at org.springframework.web.servlet.FrameworkServlet.doPut(FrameworkServlet.java:925) ~[spring-webmvc-6.2.12.jar:6.2.12]
	at jakarta.servlet.http.HttpServlet.service(HttpServlet.java:593) ~[tomcat-embed-core-10.1.48.jar:6.0]
	at org.springframework.web.servlet.FrameworkServlet.service(FrameworkServlet.java:885) ~[spring-webmvc-6.2.12.jar:6.2.12]
	at jakarta.servlet.http.HttpServlet.service(HttpServlet.java:658) ~[tomcat-embed-core-10.1.48.jar:6.0]
	at org.apache.catalina.core.ApplicationFilterChain.internalDoFilter(ApplicationFilterChain.java:193) ~[tomcat-embed-core-10.1.48.jar:10.1.48]
	at org.apache.catalina.core.ApplicationFilterChain.doFilter(ApplicationFilterChain.java:138) ~[tomcat-embed-core-10.1.48.jar:10.1.48]
	at org.apache.tomcat.websocket.server.WsFilter.doFilter(WsFilter.java:51) ~[tomcat-embed-websocket-10.1.48.jar:10.1.48]
	at org.apache.catalina.core.ApplicationFilterChain.internalDoFilter(ApplicationFilterChain.java:162) ~[tomcat-embed-core-10.1.48.jar:10.1.48]
	at org.apache.catalina.core.ApplicationFilterChain.doFilter(ApplicationFilterChain.java:138) ~[tomcat-embed-core-10.1.48.jar:10.1.48]
	at org.springframework.web.filter.OncePerRequestFilter.doFilter(OncePerRequestFilter.java:110) ~[spring-web-6.2.12.jar:6.2.12]
	at org.apache.catalina.core.ApplicationFilterChain.internalDoFilter(ApplicationFilterChain.java:162) ~[tomcat-embed-core-10.1.48.jar:10.1.48]
	at org.apache.catalina.core.ApplicationFilterChain.doFilter(ApplicationFilterChain.java:138) ~[tomcat-embed-core-10.1.48.jar:10.1.48]
	at org.springframework.web.filter.CompositeFilter$VirtualFilterChain.doFilter(CompositeFilter.java:108) ~[spring-web-6.2.12.jar:6.2.12]
	at org.springframework.web.filter.CompositeFilter$VirtualFilterChain.doFilter(CompositeFilter.java:108) ~[spring-web-6.2.12.jar:6.2.12]
	at org.springframework.security.web.FilterChainProxy.lambda$doFilterInternal$3(FilterChainProxy.java:231) ~[spring-security-web-6.5.6.jar:6.5.6]
	at org.springframework.security.web.FilterChainProxy$VirtualFilterChain.doFilter(FilterChainProxy.java:365) ~[spring-security-web-6.5.6.jar:6.5.6]
	at org.springframework.security.web.access.intercept.AuthorizationFilter.doFilter(AuthorizationFilter.java:101) ~[spring-security-web-6.5.6.jar:6.5.6]
	at org.springframework.security.web.FilterChainProxy$VirtualFilterChain.doFilter(FilterChainProxy.java:374) ~[spring-security-web-6.5.6.jar:6.5.6]
	at org.springframework.security.web.access.ExceptionTranslationFilter.doFilter(ExceptionTranslationFilter.java:125) ~[spring-security-web-6.5.6.jar:6.5.6]
	at org.springframework.security.web.access.ExceptionTranslationFilter.doFilter(ExceptionTranslationFilter.java:119) ~[spring-security-web-6.5.6.jar:6.5.6]
	at org.springframework.security.web.FilterChainProxy$VirtualFilterChain.doFilter(FilterChainProxy.java:374) ~[spring-security-web-6.5.6.jar:6.5.6]
	at org.springframework.security.web.session.SessionManagementFilter.doFilter(SessionManagementFilter.java:131) ~[spring-security-web-6.5.6.jar:6.5.6]
	at org.springframework.security.web.session.SessionManagementFilter.doFilter(SessionManagementFilter.java:85) ~[spring-security-web-6.5.6.jar:6.5.6]
	at org.springframework.security.web.FilterChainProxy$VirtualFilterChain.doFilter(FilterChainProxy.java:374) ~[spring-security-web-6.5.6.jar:6.5.6]
	at org.springframework.security.web.authentication.AnonymousAuthenticationFilter.doFilter(AnonymousAuthenticationFilter.java:100) ~[spring-security-web-6.5.6.jar:6.5.6]
	at org.springframework.security.web.FilterChainProxy$VirtualFilterChain.doFilter(FilterChainProxy.java:374) ~[spring-security-web-6.5.6.jar:6.5.6]
	at org.springframework.security.web.servletapi.SecurityContextHolderAwareRequestFilter.doFilter(SecurityContextHolderAwareRequestFilter.java:179) ~[spring-security-web-6.5.6.jar:6.5.6]
	at org.springframework.security.web.FilterChainProxy$VirtualFilterChain.doFilter(FilterChainProxy.java:374) ~[spring-security-web-6.5.6.jar:6.5.6]
	at org.springframework.security.web.savedrequest.RequestCacheAwareFilter.doFilter(RequestCacheAwareFilter.java:63) ~[spring-security-web-6.5.6.jar:6.5.6]
	at org.springframework.security.web.FilterChainProxy$VirtualFilterChain.doFilter(FilterChainProxy.java:374) ~[spring-security-web-6.5.6.jar:6.5.6]
	at com._Blog.mojebbari.config.JwtAuthenticationFilter.doFilterInternal(JwtAuthenticationFilter.java:79) ~[classes/:na]
	at org.springframework.web.filter.OncePerRequestFilter.doFilter(OncePerRequestFilter.java:116) ~[spring-web-6.2.12.jar:6.2.12]
	at org.springframework.security.web.FilterChainProxy$VirtualFilterChain.doFilter(FilterChainProxy.java:374) ~[spring-security-web-6.5.6.jar:6.5.6]
	at org.springframework.security.web.authentication.logout.LogoutFilter.doFilter(LogoutFilter.java:107) ~[spring-security-web-6.5.6.jar:6.5.6]
	at org.springframework.security.web.authentication.logout.LogoutFilter.doFilter(LogoutFilter.java:93) ~[spring-security-web-6.5.6.jar:6.5.6]
	at org.springframework.security.web.FilterChainProxy$VirtualFilterChain.doFilter(FilterChainProxy.java:374) ~[spring-security-web-6.5.6.jar:6.5.6]
	at org.springframework.web.filter.CorsFilter.doFilterInternal(CorsFilter.java:91) ~[spring-web-6.2.12.jar:6.2.12]
	at org.springframework.web.filter.OncePerRequestFilter.doFilter(OncePerRequestFilter.java:116) ~[spring-web-6.2.12.jar:6.2.12]
	at org.springframework.security.web.FilterChainProxy$VirtualFilterChain.doFilter(FilterChainProxy.java:374) ~[spring-security-web-6.5.6.jar:6.5.6]
	at org.springframework.security.web.header.HeaderWriterFilter.doHeadersAfter(HeaderWriterFilter.java:90) ~[spring-security-web-6.5.6.jar:6.5.6]
	at org.springframework.security.web.header.HeaderWriterFilter.doFilterInternal(HeaderWriterFilter.java:75) ~[spring-security-web-6.5.6.jar:6.5.6]
	at org.springframework.web.filter.OncePerRequestFilter.doFilter(OncePerRequestFilter.java:116) ~[spring-web-6.2.12.jar:6.2.12]
	at org.springframework.security.web.FilterChainProxy$VirtualFilterChain.doFilter(FilterChainProxy.java:374) ~[spring-security-web-6.5.6.jar:6.5.6]
	at org.springframework.security.web.context.SecurityContextHolderFilter.doFilter(SecurityContextHolderFilter.java:82) ~[spring-security-web-6.5.6.jar:6.5.6]
	at org.springframework.security.web.context.SecurityContextHolderFilter.doFilter(SecurityContextHolderFilter.java:69) ~[spring-security-web-6.5.6.jar:6.5.6]
	at org.springframework.security.web.FilterChainProxy$VirtualFilterChain.doFilter(FilterChainProxy.java:374) ~[spring-security-web-6.5.6.jar:6.5.6]
	at org.springframework.security.web.context.request.async.WebAsyncManagerIntegrationFilter.doFilterInternal(WebAsyncManagerIntegrationFilter.java:62) ~[spring-security-web-6.5.6.jar:6.5.6]
	at org.springframework.web.filter.OncePerRequestFilter.doFilter(OncePerRequestFilter.java:116) ~[spring-web-6.2.12.jar:6.2.12]
	at org.springframework.security.web.FilterChainProxy$VirtualFilterChain.doFilter(FilterChainProxy.java:374) ~[spring-security-web-6.5.6.jar:6.5.6]
	at org.springframework.security.web.session.DisableEncodeUrlFilter.doFilterInternal(DisableEncodeUrlFilter.java:42) ~[spring-security-web-6.5.6.jar:6.5.6]
	at org.springframework.web.filter.OncePerRequestFilter.doFilter(OncePerRequestFilter.java:116) ~[spring-web-6.2.12.jar:6.2.12]
	at org.springframework.security.web.FilterChainProxy$VirtualFilterChain.doFilter(FilterChainProxy.java:374) ~[spring-security-web-6.5.6.jar:6.5.6]
	at org.springframework.security.web.FilterChainProxy.doFilterInternal(FilterChainProxy.java:233) ~[spring-security-web-6.5.6.jar:6.5.6]
	at org.springframework.security.web.FilterChainProxy.doFilter(FilterChainProxy.java:191) ~[spring-security-web-6.5.6.jar:6.5.6]
	at org.springframework.web.filter.CompositeFilter$VirtualFilterChain.doFilter(CompositeFilter.java:113) ~[spring-web-6.2.12.jar:6.2.12]
	at org.springframework.web.filter.ServletRequestPathFilter.doFilter(ServletRequestPathFilter.java:52) ~[spring-web-6.2.12.jar:6.2.12]
	at org.springframework.web.filter.CompositeFilter$VirtualFilterChain.doFilter(CompositeFilter.java:113) ~[spring-web-6.2.12.jar:6.2.12]
	at org.springframework.web.filter.CompositeFilter.doFilter(CompositeFilter.java:74) ~[spring-web-6.2.12.jar:6.2.12]
	at org.springframework.security.config.annotation.web.configuration.WebSecurityConfiguration$CompositeFilterChainProxy.doFilter(WebSecurityConfiguration.java:319) ~[spring-security-config-6.5.6.jar:6.5.6]
	at org.springframework.web.filter.CompositeFilter$VirtualFilterChain.doFilter(CompositeFilter.java:113) ~[spring-web-6.2.12.jar:6.2.12]
	at org.springframework.web.servlet.handler.HandlerMappingIntrospector.lambda$createCacheFilter$4(HandlerMappingIntrospector.java:267) ~[spring-webmvc-6.2.12.jar:6.2.12]
	at org.springframework.web.filter.CompositeFilter$VirtualFilterChain.doFilter(CompositeFilter.java:113) ~[spring-web-6.2.12.jar:6.2.12]
	at org.springframework.web.filter.CompositeFilter.doFilter(CompositeFilter.java:74) ~[spring-web-6.2.12.jar:6.2.12]
	at org.springframework.security.config.annotation.web.configuration.WebMvcSecurityConfiguration$CompositeFilterChainProxy.doFilter(WebMvcSecurityConfiguration.java:240) ~[spring-security-config-6.5.6.jar:6.5.6]
	at org.springframework.web.filter.DelegatingFilterProxy.invokeDelegate(DelegatingFilterProxy.java:362) ~[spring-web-6.2.12.jar:6.2.12]
	at org.springframework.web.filter.DelegatingFilterProxy.doFilter(DelegatingFilterProxy.java:278) ~[spring-web-6.2.12.jar:6.2.12]
	at org.apache.catalina.core.ApplicationFilterChain.internalDoFilter(ApplicationFilterChain.java:162) ~[tomcat-embed-core-10.1.48.jar:10.1.48]
	at org.apache.catalina.core.ApplicationFilterChain.doFilter(ApplicationFilterChain.java:138) ~[tomcat-embed-core-10.1.48.jar:10.1.48]
	at org.springframework.web.filter.RequestContextFilter.doFilterInternal(RequestContextFilter.java:100) ~[spring-web-6.2.12.jar:6.2.12]
	at org.springframework.web.filter.OncePerRequestFilter.doFilter(OncePerRequestFilter.java:116) ~[spring-web-6.2.12.jar:6.2.12]
	at org.apache.catalina.core.ApplicationFilterChain.internalDoFilter(ApplicationFilterChain.java:162) ~[tomcat-embed-core-10.1.48.jar:10.1.48]
	at org.apache.catalina.core.ApplicationFilterChain.doFilter(ApplicationFilterChain.java:138) ~[tomcat-embed-core-10.1.48.jar:10.1.48]
	at org.springframework.web.filter.FormContentFilter.doFilterInternal(FormContentFilter.java:93) ~[spring-web-6.2.12.jar:6.2.12]
	at org.springframework.web.filter.OncePerRequestFilter.doFilter(OncePerRequestFilter.java:116) ~[spring-web-6.2.12.jar:6.2.12]
	at org.apache.catalina.core.ApplicationFilterChain.internalDoFilter(ApplicationFilterChain.java:162) ~[tomcat-embed-core-10.1.48.jar:10.1.48]
	at org.apache.catalina.core.ApplicationFilterChain.doFilter(ApplicationFilterChain.java:138) ~[tomcat-embed-core-10.1.48.jar:10.1.48]
	at org.springframework.web.filter.CharacterEncodingFilter.doFilterInternal(CharacterEncodingFilter.java:201) ~[spring-web-6.2.12.jar:6.2.12]
	at org.springframework.web.filter.OncePerRequestFilter.doFilter(OncePerRequestFilter.java:116) ~[spring-web-6.2.12.jar:6.2.12]
	at org.apache.catalina.core.ApplicationFilterChain.internalDoFilter(ApplicationFilterChain.java:162) ~[tomcat-embed-core-10.1.48.jar:10.1.48]
	at org.apache.catalina.core.ApplicationFilterChain.doFilter(ApplicationFilterChain.java:138) ~[tomcat-embed-core-10.1.48.jar:10.1.48]
	at org.apache.catalina.core.StandardWrapperValve.invoke(StandardWrapperValve.java:165) ~[tomcat-embed-core-10.1.48.jar:10.1.48]
	at org.apache.catalina.core.StandardContextValve.invoke(StandardContextValve.java:88) ~[tomcat-embed-core-10.1.48.jar:10.1.48]
	at org.apache.catalina.authenticator.AuthenticatorBase.invoke(AuthenticatorBase.java:482) ~[tomcat-embed-core-10.1.48.jar:10.1.48]
	at org.apache.catalina.core.StandardHostValve.invoke(StandardHostValve.java:113) ~[tomcat-embed-core-10.1.48.jar:10.1.48]
	at org.apache.catalina.valves.ErrorReportValve.invoke(ErrorReportValve.java:83) ~[tomcat-embed-core-10.1.48.jar:10.1.48]
	at org.apache.catalina.core.StandardEngineValve.invoke(StandardEngineValve.java:72) ~[tomcat-embed-core-10.1.48.jar:10.1.48]
	at org.apache.catalina.connector.CoyoteAdapter.service(CoyoteAdapter.java:342) ~[tomcat-embed-core-10.1.48.jar:10.1.48]
	at org.apache.coyote.http11.Http11Processor.service(Http11Processor.java:399) ~[tomcat-embed-core-10.1.48.jar:10.1.48]
	at org.apache.coyote.AbstractProcessorLight.process(AbstractProcessorLight.java:63) ~[tomcat-embed-core-10.1.48.jar:10.1.48]
	at org.apache.coyote.AbstractProtocol$ConnectionHandler.process(AbstractProtocol.java:903) ~[tomcat-embed-core-10.1.48.jar:10.1.48]
	at org.apache.tomcat.util.net.NioEndpoint$SocketProcessor.doRun(NioEndpoint.java:1774) ~[tomcat-embed-core-10.1.48.jar:10.1.48]
	at org.apache.tomcat.util.net.SocketProcessorBase.run(SocketProcessorBase.java:52) ~[tomcat-embed-core-10.1.48.jar:10.1.48]
	at org.apache.tomcat.util.threads.ThreadPoolExecutor.runWorker(ThreadPoolExecutor.java:973) ~[tomcat-embed-core-10.1.48.jar:10.1.48]
	at org.apache.tomcat.util.threads.ThreadPoolExecutor$Worker.run(ThreadPoolExecutor.java:491) ~[tomcat-embed-core-10.1.48.jar:10.1.48]
	at org.apache.tomcat.util.threads.TaskThread$WrappingRunnable.run(TaskThread.java:63) ~[tomcat-embed-core-10.1.48.jar:10.1.48]
	at java.base/java.lang.Thread.run(Thread.java:1474) ~[na:na]
Caused by: org.postgresql.util.PSQLException: ERROR: current transaction is aborted, commands ignored until end of transaction block
	at org.postgresql.core.v3.QueryExecutorImpl.receiveErrorResponse(QueryExecutorImpl.java:2736) ~[postgresql-42.7.8.jar:42.7.8]
	at org.postgresql.core.v3.QueryExecutorImpl.processResults(QueryExecutorImpl.java:2421) ~[postgresql-42.7.8.jar:42.7.8]
	at org.postgresql.core.v3.QueryExecutorImpl.execute(QueryExecutorImpl.java:372) ~[postgresql-42.7.8.jar:42.7.8]
	at org.postgresql.jdbc.PgStatement.executeInternal(PgStatement.java:525) ~[postgresql-42.7.8.jar:42.7.8]
	at org.postgresql.jdbc.PgStatement.execute(PgStatement.java:435) ~[postgresql-42.7.8.jar:42.7.8]
	at org.postgresql.jdbc.PgPreparedStatement.executeWithFlags(PgPreparedStatement.java:196) ~[postgresql-42.7.8.jar:42.7.8]
	at org.postgresql.jdbc.PgPreparedStatement.executeQuery(PgPreparedStatement.java:139) ~[postgresql-42.7.8.jar:42.7.8]
	at com.zaxxer.hikari.pool.ProxyPreparedStatement.executeQuery(ProxyPreparedStatement.java:52) ~[HikariCP-6.3.3.jar:na]
	at com.zaxxer.hikari.pool.HikariProxyPreparedStatement.executeQuery(HikariProxyPreparedStatement.java) ~[HikariCP-6.3.3.jar:na]
	at org.hibernate.sql.results.jdbc.internal.DeferredResultSetAccess.executeQuery(DeferredResultSetAccess.java:251) ~[hibernate-core-6.6.33.Final.jar:6.6.33.Final]
	... 159 common frames omitted
Caused by: org.postgresql.util.PSQLException: ERROR: new row for relation "notifications" violates check constraint "notifications_type_check"
  Detail: Failing row contains (16, 2026-01-17 22:09:29.567783, f, Your report about a post has been resolved by admin, REPORT_REVIEWED, 6, null, null, 22).
	at org.postgresql.core.v3.QueryExecutorImpl.receiveErrorResponse(QueryExecutorImpl.java:2736) ~[postgresql-42.7.8.jar:42.7.8]
	at org.postgresql.core.v3.QueryExecutorImpl.processResults(QueryExecutorImpl.java:2421) ~[postgresql-42.7.8.jar:42.7.8]
	at org.postgresql.core.v3.QueryExecutorImpl.execute(QueryExecutorImpl.java:372) ~[postgresql-42.7.8.jar:42.7.8]
	at org.postgresql.jdbc.PgStatement.executeInternal(PgStatement.java:525) ~[postgresql-42.7.8.jar:42.7.8]
	at org.postgresql.jdbc.PgStatement.execute(PgStatement.java:435) ~[postgresql-42.7.8.jar:42.7.8]
	at org.postgresql.jdbc.PgPreparedStatement.executeWithFlags(PgPreparedStatement.java:196) ~[postgresql-42.7.8.jar:42.7.8]
	at org.postgresql.jdbc.PgPreparedStatement.executeUpdate(PgPreparedStatement.java:157) ~[postgresql-42.7.8.jar:42.7.8]
	at com.zaxxer.hikari.pool.ProxyPreparedStatement.executeUpdate(ProxyPreparedStatement.java:61) ~[HikariCP-6.3.3.jar:na]
	at com.zaxxer.hikari.pool.HikariProxyPreparedStatement.executeUpdate(HikariProxyPreparedStatement.java) ~[HikariCP-6.3.3.jar:na]
	at org.hibernate.engine.jdbc.internal.ResultSetReturnImpl.executeUpdate(ResultSetReturnImpl.java:194) ~[hibernate-core-6.6.33.Final.jar:6.6.33.Final]
	at org.hibernate.id.insert.GetGeneratedKeysDelegate.performMutation(GetGeneratedKeysDelegate.java:116) ~[hibernate-core-6.6.33.Final.jar:6.6.33.Final]
	at org.hibernate.engine.jdbc.mutation.internal.MutationExecutorSingleNonBatched.performNonBatchedOperations(MutationExecutorSingleNonBatched.java:47) ~[hibernate-core-6.6.33.Final.jar:6.6.33.Final]
	at org.hibernate.engine.jdbc.mutation.internal.AbstractMutationExecutor.execute(AbstractMutationExecutor.java:55) ~[hibernate-core-6.6.33.Final.jar:6.6.33.Final]
	at org.hibernate.persister.entity.mutation.InsertCoordinatorStandard.doStaticInserts(InsertCoordinatorStandard.java:194) ~[hibernate-core-6.6.33.Final.jar:6.6.33.Final]
	at org.hibernate.persister.entity.mutation.InsertCoordinatorStandard.coordinateInsert(InsertCoordinatorStandard.java:132) ~[hibernate-core-6.6.33.Final.jar:6.6.33.Final]
	at org.hibernate.persister.entity.mutation.InsertCoordinatorStandard.insert(InsertCoordinatorStandard.java:95) ~[hibernate-core-6.6.33.Final.jar:6.6.33.Final]
	at org.hibernate.action.internal.EntityIdentityInsertAction.execute(EntityIdentityInsertAction.java:85) ~[hibernate-core-6.6.33.Final.jar:6.6.33.Final]
	at org.hibernate.engine.spi.ActionQueue.execute(ActionQueue.java:682) ~[hibernate-core-6.6.33.Final.jar:6.6.33.Final]
	at org.hibernate.engine.spi.ActionQueue.addResolvedEntityInsertAction(ActionQueue.java:293) ~[hibernate-core-6.6.33.Final.jar:6.6.33.Final]
	at org.hibernate.engine.spi.ActionQueue.addInsertAction(ActionQueue.java:274) ~[hibernate-core-6.6.33.Final.jar:6.6.33.Final]
	at org.hibernate.engine.spi.ActionQueue.addAction(ActionQueue.java:324) ~[hibernate-core-6.6.33.Final.jar:6.6.33.Final]
	at org.hibernate.event.internal.AbstractSaveEventListener.addInsertAction(AbstractSaveEventListener.java:394) ~[hibernate-core-6.6.33.Final.jar:6.6.33.Final]
	at org.hibernate.event.internal.AbstractSaveEventListener.performSaveOrReplicate(AbstractSaveEventListener.java:308) ~[hibernate-core-6.6.33.Final.jar:6.6.33.Final]
	at org.hibernate.event.internal.AbstractSaveEventListener.performSave(AbstractSaveEventListener.java:224) ~[hibernate-core-6.6.33.Final.jar:6.6.33.Final]
	at org.hibernate.event.internal.AbstractSaveEventListener.saveWithGeneratedId(AbstractSaveEventListener.java:136) ~[hibernate-core-6.6.33.Final.jar:6.6.33.Final]
	at org.hibernate.event.internal.DefaultPersistEventListener.entityIsTransient(DefaultPersistEventListener.java:177) ~[hibernate-core-6.6.33.Final.jar:6.6.33.Final]
	at org.hibernate.event.internal.DefaultPersistEventListener.persist(DefaultPersistEventListener.java:95) ~[hibernate-core-6.6.33.Final.jar:6.6.33.Final]
	at org.hibernate.event.internal.DefaultPersistEventListener.onPersist(DefaultPersistEventListener.java:79) ~[hibernate-core-6.6.33.Final.jar:6.6.33.Final]
	at org.hibernate.event.internal.DefaultPersistEventListener.onPersist(DefaultPersistEventListener.java:55) ~[hibernate-core-6.6.33.Final.jar:6.6.33.Final]
	at org.hibernate.event.service.internal.EventListenerGroupImpl.fireEventOnEachListener(EventListenerGroupImpl.java:127) ~[hibernate-core-6.6.33.Final.jar:6.6.33.Final]
	at org.hibernate.internal.SessionImpl.firePersist(SessionImpl.java:761) ~[hibernate-core-6.6.33.Final.jar:6.6.33.Final]
	at org.hibernate.internal.SessionImpl.persist(SessionImpl.java:745) ~[hibernate-core-6.6.33.Final.jar:6.6.33.Final]
	at java.base/jdk.internal.reflect.DirectMethodHandleAccessor.invoke(DirectMethodHandleAccessor.java:104) ~[na:na]
	at java.base/java.lang.reflect.Method.invoke(Method.java:565) ~[na:na]
	at org.springframework.orm.jpa.ExtendedEntityManagerCreator$ExtendedEntityManagerInvocationHandler.invoke(ExtendedEntityManagerCreator.java:364) ~[spring-orm-6.2.12.jar:6.2.12]
	at jdk.proxy8/jdk.proxy8.$Proxy183.persist(Unknown Source) ~[na:na]
	at java.base/jdk.internal.reflect.DirectMethodHandleAccessor.invoke(DirectMethodHandleAccessor.java:104) ~[na:na]
	at java.base/java.lang.reflect.Method.invoke(Method.java:565) ~[na:na]
	at org.springframework.orm.jpa.SharedEntityManagerCreator$SharedEntityManagerInvocationHandler.invoke(SharedEntityManagerCreator.java:320) ~[spring-orm-6.2.12.jar:6.2.12]
	at jdk.proxy8/jdk.proxy8.$Proxy183.persist(Unknown Source) ~[na:na]
	at org.springframework.data.jpa.repository.support.SimpleJpaRepository.save(SimpleJpaRepository.java:654) ~[spring-data-jpa-3.5.5.jar:3.5.5]
	at java.base/jdk.internal.reflect.DirectMethodHandleAccessor.invoke(DirectMethodHandleAccessor.java:104) ~[na:na]
	at java.base/java.lang.reflect.Method.invoke(Method.java:565) ~[na:na]
	at org.springframework.aop.support.AopUtils.invokeJoinpointUsingReflection(AopUtils.java:360) ~[spring-aop-6.2.12.jar:6.2.12]
	at org.springframework.data.repository.core.support.RepositoryMethodInvoker$RepositoryFragmentMethodInvoker.lambda$new$0(RepositoryMethodInvoker.java:277) ~[spring-data-commons-3.5.5.jar:3.5.5]
	at org.springframework.data.repository.core.support.RepositoryMethodInvoker.doInvoke(RepositoryMethodInvoker.java:170) ~[spring-data-commons-3.5.5.jar:3.5.5]
	at org.springframework.data.repository.core.support.RepositoryMethodInvoker.invoke(RepositoryMethodInvoker.java:158) ~[spring-data-commons-3.5.5.jar:3.5.5]
	at org.springframework.data.repository.core.support.RepositoryComposition$RepositoryFragments.invoke(RepositoryComposition.java:515) ~[spring-data-commons-3.5.5.jar:3.5.5]
	at org.springframework.data.repository.core.support.RepositoryComposition.invoke(RepositoryComposition.java:284) ~[spring-data-commons-3.5.5.jar:3.5.5]
	at org.springframework.data.repository.core.support.RepositoryFactorySupport$ImplementationMethodExecutionInterceptor.invoke(RepositoryFactorySupport.java:734) ~[spring-data-commons-3.5.5.jar:3.5.5]
	at org.springframework.aop.framework.ReflectiveMethodInvocation.proceed(ReflectiveMethodInvocation.java:184) ~[spring-aop-6.2.12.jar:6.2.12]
	at org.springframework.data.repository.core.support.QueryExecutorMethodInterceptor.doInvoke(QueryExecutorMethodInterceptor.java:174) ~[spring-data-commons-3.5.5.jar:3.5.5]
	at org.springframework.data.repository.core.support.QueryExecutorMethodInterceptor.invoke(QueryExecutorMethodInterceptor.java:149) ~[spring-data-commons-3.5.5.jar:3.5.5]
	at org.springframework.aop.framework.ReflectiveMethodInvocation.proceed(ReflectiveMethodInvocation.java:184) ~[spring-aop-6.2.12.jar:6.2.12]
	at org.springframework.data.projection.DefaultMethodInvokingMethodInterceptor.invoke(DefaultMethodInvokingMethodInterceptor.java:69) ~[spring-data-commons-3.5.5.jar:3.5.5]
	at org.springframework.aop.framework.ReflectiveMethodInvocation.proceed(ReflectiveMethodInvocation.java:184) ~[spring-aop-6.2.12.jar:6.2.12]
	at org.springframework.transaction.interceptor.TransactionAspectSupport.invokeWithinTransaction(TransactionAspectSupport.java:380) ~[spring-tx-6.2.12.jar:6.2.12]
	at org.springframework.transaction.interceptor.TransactionInterceptor.invoke(TransactionInterceptor.java:119) ~[spring-tx-6.2.12.jar:6.2.12]
	at org.springframework.aop.framework.ReflectiveMethodInvocation.proceed(ReflectiveMethodInvocation.java:184) ~[spring-aop-6.2.12.jar:6.2.12]
	at org.springframework.dao.support.PersistenceExceptionTranslationInterceptor.invoke(PersistenceExceptionTranslationInterceptor.java:138) ~[spring-tx-6.2.12.jar:6.2.12]
	at org.springframework.aop.framework.ReflectiveMethodInvocation.proceed(ReflectiveMethodInvocation.java:184) ~[spring-aop-6.2.12.jar:6.2.12]
	at org.springframework.data.jpa.repository.support.CrudMethodMetadataPostProcessor$CrudMethodMetadataPopulatingMethodInterceptor.invoke(CrudMethodMetadataPostProcessor.java:165) ~[spring-data-jpa-3.5.5.jar:3.5.5]
	at org.springframework.aop.framework.ReflectiveMethodInvocation.proceed(ReflectiveMethodInvocation.java:184) ~[spring-aop-6.2.12.jar:6.2.12]
	at org.springframework.aop.framework.JdkDynamicAopProxy.invoke(JdkDynamicAopProxy.java:223) ~[spring-aop-6.2.12.jar:6.2.12]
	at jdk.proxy8/jdk.proxy8.$Proxy189.save(Unknown Source) ~[na:na]
	at com._Blog.mojebbari.services.NotificationService.createReportReviewedNotification(NotificationService.java:116) ~[classes/:na]
	at java.base/jdk.internal.reflect.DirectMethodHandleAccessor.invoke(DirectMethodHandleAccessor.java:104) ~[na:na]
	at java.base/java.lang.reflect.Method.invoke(Method.java:565) ~[na:na]
	at org.springframework.aop.support.AopUtils.invokeJoinpointUsingReflection(AopUtils.java:360) ~[spring-aop-6.2.12.jar:6.2.12]
	at org.springframework.aop.framework.ReflectiveMethodInvocation.invokeJoinpoint(ReflectiveMethodInvocation.java:196) ~[spring-aop-6.2.12.jar:6.2.12]
	at org.springframework.aop.framework.ReflectiveMethodInvocation.proceed(ReflectiveMethodInvocation.java:163) ~[spring-aop-6.2.12.jar:6.2.12]
	at org.springframework.transaction.interceptor.TransactionAspectSupport.invokeWithinTransaction(TransactionAspectSupport.java:380) ~[spring-tx-6.2.12.jar:6.2.12]
	at org.springframework.transaction.interceptor.TransactionInterceptor.invoke(TransactionInterceptor.java:119) ~[spring-tx-6.2.12.jar:6.2.12]
	at org.springframework.aop.framework.ReflectiveMethodInvocation.proceed(ReflectiveMethodInvocation.java:184) ~[spring-aop-6.2.12.jar:6.2.12]
	at org.springframework.aop.framework.CglibAopProxy$DynamicAdvisedInterceptor.intercept(CglibAopProxy.java:728) ~[spring-aop-6.2.12.jar:6.2.12]
	at com._Blog.mojebbari.services.NotificationService$$SpringCGLIB$$0.createReportReviewedNotification(<generated>) ~[classes/:na]
	at com._Blog.mojebbari.services.ReportService.createReportReviewedNotification(ReportService.java:210) ~[classes/:na]
	at com._Blog.mojebbari.services.ReportService.updateReportStatus(ReportService.java:195) ~[classes/:na]
	... 130 common frames omitted

2026-01-17T22:09:29.583+01:00 ERROR 52678 --- [mojebbari] [nio-8080-exec-8] c._.m.controllers.ReportController       : Error updating report status: JDBC exception executing SQL [select p1_0.id,p1_0.category,p1_0.content,p1_0.created_at,p1_0.media_url,p1_0.title,p1_0.user_id from posts p1_0 where p1_0.id=?] [ERROR: current transaction is aborted, commands ignored until end of transaction block] [n/a]
Hibernate: 
    select
        u1_0.id,
        u1_0.bio,
        u1_0.cover_image,
        u1_0.created_at,
        u1_0.email,
        u1_0.password,
        u1_0.profile_picture,
        u1_0.role,
        u1_0.username 
    from
        _user u1_0 
    where
        u1_0.email=? 
        or u1_0.username=?
Hibernate: 
    select
        u1_0.id,
        u1_0.bio,
        u1_0.cover_image,
        u1_0.created_at,
        u1_0.email,
        u1_0.password,
        u1_0.profile_picture,
        u1_0.role,
        u1_0.username 
    from
        _user u1_0 
    where
        u1_0.email=? 
        or u1_0.username=?
2026-01-17T22:09:32.745+01:00  INFO 52678 --- [mojebbari] [nio-8080-exec-1] c._.m.controllers.ReportController       : GET /api/reports/count/pending - Fetching pending reports count
Hibernate: 
    select
        count(r1_0.id) 
    from
        reports r1_0 
    where
        r1_0.status=?
Hibernate: 
    select
        u1_0.id,
        u1_0.bio,
        u1_0.cover_image,
        u1_0.created_at,
        u1_0.email,
        u1_0.password,
        u1_0.profile_picture,
        u1_0.role,
        u1_0.username 
    from
        _user u1_0 
    where
        u1_0.email=? 
        or u1_0.username=?
Hibernate: 
    select
        n1_0.id,
        n1_0.actor_id,
        n1_0.comment_id,
        n1_0.created_at,
        n1_0.is_read,
        n1_0.message,
        n1_0.post_id,
        n1_0.recipient_id,
        n1_0.type 
    from
        notifications n1_0 
    where
        n1_0.recipient_id=? 
    order by
        n1_0.created_at desc
2026-01-17T22:09:32.753+01:00  INFO 52678 --- [mojebbari] [nio-8080-exec-4] c._.m.controllers.ReportController       : GET /api/reports - Fetching all reports
Hibernate: 
    select
        r1_0.id,
        r1_0.admin_notes,
        r1_0.comment_id,
        r1_0.created_at,
        r1_0.description,
        r1_0.post_id,
        r1_0.reason,
        r1_0.report_type,
        r1_0.reported_user_id,
        r1_0.reporter_id,
        r1_0.reviewed_at,
        r1_0.reviewed_by_id,
        r1_0.status 
    from
        reports r1_0 
    order by
        r1_0.created_at desc
Hibernate: 
    select
        p1_0.id,
        p1_0.category,
        p1_0.content,
        p1_0.created_at,
        p1_0.media_url,
        p1_0.title,
        p1_0.user_id 
    from
        posts p1_0 
    where
        p1_0.id=?
Hibernate: 
    select
        u1_0.id,
        u1_0.bio,
        u1_0.cover_image,
        u1_0.created_at,
        u1_0.email,
        u1_0.password,
        u1_0.profile_picture,
        u1_0.role,
        u1_0.username 
    from
        _user u1_0 
    where
        u1_0.id=?
Hibernate: 
    select
        u1_0.id,
        u1_0.bio,
        u1_0.cover_image,
        u1_0.created_at,
        u1_0.email,
        u1_0.password,
        u1_0.profile_picture,
        u1_0.role,
        u1_0.username 
    from
        _user u1_0 
    where
        u1_0.id=?
Hibernate: 
    select
        p1_0.id,
        p1_0.category,
        p1_0.content,
        p1_0.created_at,
        p1_0.media_url,
        p1_0.title,
        p1_0.user_id 
    from
        posts p1_0 
    where
        p1_0.id=?
Hibernate: 
    select
        u1_0.id,
        u1_0.bio,
        u1_0.cover_image,
        u1_0.created_at,
        u1_0.email,
        u1_0.password,
        u1_0.profile_picture,
        u1_0.role,
        u1_0.username 
    from
        _user u1_0 
    where
        u1_0.id=?
Hibernate: 
    select
        u1_0.id,
        u1_0.bio,
        u1_0.cover_image,
        u1_0.created_at,
        u1_0.email,
        u1_0.password,
        u1_0.profile_picture,
        u1_0.role,
        u1_0.username 
    from
        _user u1_0 
    where
        u1_0.email=? 
        or u1_0.username=?
Hibernate: 
    select
        u1_0.id,
        u1_0.bio,
        u1_0.cover_image,
        u1_0.created_at,
        u1_0.email,
        u1_0.password,
        u1_0.profile_picture,
        u1_0.role,
        u1_0.username 
    from
        _user u1_0 
    where
        u1_0.id=?
Hibernate: 
    select
        p1_0.id,
        p1_0.category,
        p1_0.content,
        p1_0.created_at,
        p1_0.media_url,
        p1_0.title,
        p1_0.user_id 
    from
        posts p1_0 
    where
        p1_0.id=?
Hibernate: 
    select
        u1_0.id,
        u1_0.bio,
        u1_0.cover_image,
        u1_0.created_at,
        u1_0.email,
        u1_0.password,
        u1_0.profile_picture,
        u1_0.role,
        u1_0.username 
    from
        _user u1_0 
    where
        u1_0.id=?
Hibernate: 
    select
        count(n1_0.id) 
    from
        notifications n1_0 
    where
        n1_0.recipient_id=? 
        and n1_0.is_read=?
Hibernate: 
    select
        u1_0.id,
        u1_0.bio,
        u1_0.cover_image,
        u1_0.created_at,
        u1_0.email,
        u1_0.password,
        u1_0.profile_picture,
        u1_0.role,
        u1_0.username 
    from
        _user u1_0 
    where
        u1_0.email=? 
        or u1_0.username=?
2026-01-17T22:09:37.391+01:00  INFO 52678 --- [mojebbari] [nio-8080-exec-8] c._.m.controllers.ReportController       : PUT /api/reports/6/status - Admin admin updating status to RESOLVED
Hibernate: 
    select
        r1_0.id,
        r1_0.admin_notes,
        r1_0.comment_id,
        r1_0.created_at,
        r1_0.description,
        r1_0.post_id,
        r1_0.reason,
        r1_0.report_type,
        r1_0.reported_user_id,
        r1_0.reporter_id,
        r1_0.reviewed_at,
        r1_0.reviewed_by_id,
        r1_0.status 
    from
        reports r1_0 
    where
        r1_0.id=?
Hibernate: 
    select
        u1_0.id,
        u1_0.bio,
        u1_0.cover_image,
        u1_0.created_at,
        u1_0.email,
        u1_0.password,
        u1_0.profile_picture,
        u1_0.role,
        u1_0.username 
    from
        _user u1_0 
    where
        u1_0.id=?
2026-01-17T22:09:37.394+01:00  INFO 52678 --- [mojebbari] [nio-8080-exec-8] c._.mojebbari.services.ReportService     : Report updated: id=6, status=RESOLVED, reviewedBy=admin
Hibernate: 
    insert 
    into
        notifications
        (actor_id, comment_id, created_at, is_read, message, post_id, recipient_id, type) 
    values
        (?, ?, ?, ?, ?, ?, ?, ?)
2026-01-17T22:09:37.396+01:00  WARN 52678 --- [mojebbari] [nio-8080-exec-8] o.h.engine.jdbc.spi.SqlExceptionHelper   : SQL Error: 0, SQLState: 23514
2026-01-17T22:09:37.396+01:00 ERROR 52678 --- [mojebbari] [nio-8080-exec-8] o.h.engine.jdbc.spi.SqlExceptionHelper   : ERROR: new row for relation "notifications" violates check constraint "notifications_type_check"
  Detail: Failing row contains (17, 2026-01-17 22:09:37.395285, f, Your report about a post has been resolved by admin, REPORT_REVIEWED, 6, null, null, 22).
2026-01-17T22:09:37.397+01:00 ERROR 52678 --- [mojebbari] [nio-8080-exec-8] c._.mojebbari.services.ReportService     : Failed to create report reviewed notification

org.springframework.dao.DataIntegrityViolationException: could not execute statement [ERROR: new row for relation "notifications" violates check constraint "notifications_type_check"
  Detail: Failing row contains (17, 2026-01-17 22:09:37.395285, f, Your report about a post has been resolved by admin, REPORT_REVIEWED, 6, null, null, 22).] [insert into notifications (actor_id,comment_id,created_at,is_read,message,post_id,recipient_id,type) values (?,?,?,?,?,?,?,?)]; SQL [insert into notifications (actor_id,comment_id,created_at,is_read,message,post_id,recipient_id,type) values (?,?,?,?,?,?,?,?)]; constraint [notifications_type_check]
	at org.springframework.orm.jpa.vendor.HibernateJpaDialect.convertHibernateAccessException(HibernateJpaDialect.java:294) ~[spring-orm-6.2.12.jar:6.2.12]
	at org.springframework.orm.jpa.vendor.HibernateJpaDialect.convertHibernateAccessException(HibernateJpaDialect.java:256) ~[spring-orm-6.2.12.jar:6.2.12]
	at org.springframework.orm.jpa.vendor.HibernateJpaDialect.translateExceptionIfPossible(HibernateJpaDialect.java:241) ~[spring-orm-6.2.12.jar:6.2.12]
	at org.springframework.orm.jpa.AbstractEntityManagerFactoryBean.translateExceptionIfPossible(AbstractEntityManagerFactoryBean.java:560) ~[spring-orm-6.2.12.jar:6.2.12]
	at org.springframework.dao.support.ChainedPersistenceExceptionTranslator.translateExceptionIfPossible(ChainedPersistenceExceptionTranslator.java:61) ~[spring-tx-6.2.12.jar:6.2.12]
	at org.springframework.dao.support.DataAccessUtils.translateIfNecessary(DataAccessUtils.java:343) ~[spring-tx-6.2.12.jar:6.2.12]
	at org.springframework.dao.support.PersistenceExceptionTranslationInterceptor.invoke(PersistenceExceptionTranslationInterceptor.java:160) ~[spring-tx-6.2.12.jar:6.2.12]
	at org.springframework.aop.framework.ReflectiveMethodInvocation.proceed(ReflectiveMethodInvocation.java:184) ~[spring-aop-6.2.12.jar:6.2.12]
	at org.springframework.data.jpa.repository.support.CrudMethodMetadataPostProcessor$CrudMethodMetadataPopulatingMethodInterceptor.invoke(CrudMethodMetadataPostProcessor.java:165) ~[spring-data-jpa-3.5.5.jar:3.5.5]
	at org.springframework.aop.framework.ReflectiveMethodInvocation.proceed(ReflectiveMethodInvocation.java:184) ~[spring-aop-6.2.12.jar:6.2.12]
	at org.springframework.aop.framework.JdkDynamicAopProxy.invoke(JdkDynamicAopProxy.java:223) ~[spring-aop-6.2.12.jar:6.2.12]
	at jdk.proxy8/jdk.proxy8.$Proxy189.save(Unknown Source) ~[na:na]
	at com._Blog.mojebbari.services.NotificationService.createReportReviewedNotification(NotificationService.java:116) ~[classes/:na]
	at java.base/jdk.internal.reflect.DirectMethodHandleAccessor.invoke(DirectMethodHandleAccessor.java:104) ~[na:na]
	at java.base/java.lang.reflect.Method.invoke(Method.java:565) ~[na:na]
	at org.springframework.aop.support.AopUtils.invokeJoinpointUsingReflection(AopUtils.java:360) ~[spring-aop-6.2.12.jar:6.2.12]
	at org.springframework.aop.framework.ReflectiveMethodInvocation.invokeJoinpoint(ReflectiveMethodInvocation.java:196) ~[spring-aop-6.2.12.jar:6.2.12]
	at org.springframework.aop.framework.ReflectiveMethodInvocation.proceed(ReflectiveMethodInvocation.java:163) ~[spring-aop-6.2.12.jar:6.2.12]
	at org.springframework.transaction.interceptor.TransactionAspectSupport.invokeWithinTransaction(TransactionAspectSupport.java:380) ~[spring-tx-6.2.12.jar:6.2.12]
	at org.springframework.transaction.interceptor.TransactionInterceptor.invoke(TransactionInterceptor.java:119) ~[spring-tx-6.2.12.jar:6.2.12]
	at org.springframework.aop.framework.ReflectiveMethodInvocation.proceed(ReflectiveMethodInvocation.java:184) ~[spring-aop-6.2.12.jar:6.2.12]
	at org.springframework.aop.framework.CglibAopProxy$DynamicAdvisedInterceptor.intercept(CglibAopProxy.java:728) ~[spring-aop-6.2.12.jar:6.2.12]
	at com._Blog.mojebbari.services.NotificationService$$SpringCGLIB$$0.createReportReviewedNotification(<generated>) ~[classes/:na]
	at com._Blog.mojebbari.services.ReportService.createReportReviewedNotification(ReportService.java:210) ~[classes/:na]
	at com._Blog.mojebbari.services.ReportService.updateReportStatus(ReportService.java:195) ~[classes/:na]
	at java.base/jdk.internal.reflect.DirectMethodHandleAccessor.invoke(DirectMethodHandleAccessor.java:104) ~[na:na]
	at java.base/java.lang.reflect.Method.invoke(Method.java:565) ~[na:na]
	at org.springframework.aop.support.AopUtils.invokeJoinpointUsingReflection(AopUtils.java:360) ~[spring-aop-6.2.12.jar:6.2.12]
	at org.springframework.aop.framework.ReflectiveMethodInvocation.invokeJoinpoint(ReflectiveMethodInvocation.java:196) ~[spring-aop-6.2.12.jar:6.2.12]
	at org.springframework.aop.framework.ReflectiveMethodInvocation.proceed(ReflectiveMethodInvocation.java:163) ~[spring-aop-6.2.12.jar:6.2.12]
	at org.springframework.transaction.interceptor.TransactionAspectSupport.invokeWithinTransaction(TransactionAspectSupport.java:380) ~[spring-tx-6.2.12.jar:6.2.12]
	at org.springframework.transaction.interceptor.TransactionInterceptor.invoke(TransactionInterceptor.java:119) ~[spring-tx-6.2.12.jar:6.2.12]
	at org.springframework.aop.framework.ReflectiveMethodInvocation.proceed(ReflectiveMethodInvocation.java:184) ~[spring-aop-6.2.12.jar:6.2.12]
	at org.springframework.aop.framework.CglibAopProxy$DynamicAdvisedInterceptor.intercept(CglibAopProxy.java:728) ~[spring-aop-6.2.12.jar:6.2.12]
	at com._Blog.mojebbari.services.ReportService$$SpringCGLIB$$0.updateReportStatus(<generated>) ~[classes/:na]
	at com._Blog.mojebbari.controllers.ReportController.updateReportStatus(ReportController.java:148) ~[classes/:na]
	at java.base/jdk.internal.reflect.DirectMethodHandleAccessor.invoke(DirectMethodHandleAccessor.java:104) ~[na:na]
	at java.base/java.lang.reflect.Method.invoke(Method.java:565) ~[na:na]
	at org.springframework.aop.support.AopUtils.invokeJoinpointUsingReflection(AopUtils.java:360) ~[spring-aop-6.2.12.jar:6.2.12]
	at org.springframework.aop.framework.ReflectiveMethodInvocation.invokeJoinpoint(ReflectiveMethodInvocation.java:196) ~[spring-aop-6.2.12.jar:6.2.12]
	at org.springframework.aop.framework.ReflectiveMethodInvocation.proceed(ReflectiveMethodInvocation.java:163) ~[spring-aop-6.2.12.jar:6.2.12]
	at org.springframework.security.authorization.method.AuthorizationManagerBeforeMethodInterceptor.proceed(AuthorizationManagerBeforeMethodInterceptor.java:268) ~[spring-security-core-6.5.6.jar:6.5.6]
	at org.springframework.security.authorization.method.AuthorizationManagerBeforeMethodInterceptor.attemptAuthorization(AuthorizationManagerBeforeMethodInterceptor.java:263) ~[spring-security-core-6.5.6.jar:6.5.6]
	at org.springframework.security.authorization.method.AuthorizationManagerBeforeMethodInterceptor.invoke(AuthorizationManagerBeforeMethodInterceptor.java:196) ~[spring-security-core-6.5.6.jar:6.5.6]
	at org.springframework.security.config.annotation.method.configuration.DeferringMethodInterceptor.invoke(DeferringMethodInterceptor.java:44) ~[spring-security-config-6.5.6.jar:6.5.6]
	at org.springframework.aop.framework.ReflectiveMethodInvocation.proceed(ReflectiveMethodInvocation.java:184) ~[spring-aop-6.2.12.jar:6.2.12]
	at org.springframework.aop.framework.CglibAopProxy$DynamicAdvisedInterceptor.intercept(CglibAopProxy.java:728) ~[spring-aop-6.2.12.jar:6.2.12]
	at com._Blog.mojebbari.controllers.ReportController$$SpringCGLIB$$0.updateReportStatus(<generated>) ~[classes/:na]
	at java.base/jdk.internal.reflect.DirectMethodHandleAccessor.invoke(DirectMethodHandleAccessor.java:104) ~[na:na]
	at java.base/java.lang.reflect.Method.invoke(Method.java:565) ~[na:na]
	at org.springframework.web.method.support.InvocableHandlerMethod.doInvoke(InvocableHandlerMethod.java:258) ~[spring-web-6.2.12.jar:6.2.12]
	at org.springframework.web.method.support.InvocableHandlerMethod.invokeForRequest(InvocableHandlerMethod.java:191) ~[spring-web-6.2.12.jar:6.2.12]
	at org.springframework.web.servlet.mvc.method.annotation.ServletInvocableHandlerMethod.invokeAndHandle(ServletInvocableHandlerMethod.java:118) ~[spring-webmvc-6.2.12.jar:6.2.12]
	at org.springframework.web.servlet.mvc.method.annotation.RequestMappingHandlerAdapter.invokeHandlerMethod(RequestMappingHandlerAdapter.java:991) ~[spring-webmvc-6.2.12.jar:6.2.12]
	at org.springframework.web.servlet.mvc.method.annotation.RequestMappingHandlerAdapter.handleInternal(RequestMappingHandlerAdapter.java:896) ~[spring-webmvc-6.2.12.jar:6.2.12]
	at org.springframework.web.servlet.mvc.method.AbstractHandlerMethodAdapter.handle(AbstractHandlerMethodAdapter.java:87) ~[spring-webmvc-6.2.12.jar:6.2.12]
	at org.springframework.web.servlet.DispatcherServlet.doDispatch(DispatcherServlet.java:1089) ~[spring-webmvc-6.2.12.jar:6.2.12]
	at org.springframework.web.servlet.DispatcherServlet.doService(DispatcherServlet.java:979) ~[spring-webmvc-6.2.12.jar:6.2.12]
	at org.springframework.web.servlet.FrameworkServlet.processRequest(FrameworkServlet.java:1014) ~[spring-webmvc-6.2.12.jar:6.2.12]
	at org.springframework.web.servlet.FrameworkServlet.doPut(FrameworkServlet.java:925) ~[spring-webmvc-6.2.12.jar:6.2.12]
	at jakarta.servlet.http.HttpServlet.service(HttpServlet.java:593) ~[tomcat-embed-core-10.1.48.jar:6.0]
	at org.springframework.web.servlet.FrameworkServlet.service(FrameworkServlet.java:885) ~[spring-webmvc-6.2.12.jar:6.2.12]
	at jakarta.servlet.http.HttpServlet.service(HttpServlet.java:658) ~[tomcat-embed-core-10.1.48.jar:6.0]
	at org.apache.catalina.core.ApplicationFilterChain.internalDoFilter(ApplicationFilterChain.java:193) ~[tomcat-embed-core-10.1.48.jar:10.1.48]
	at org.apache.catalina.core.ApplicationFilterChain.doFilter(ApplicationFilterChain.java:138) ~[tomcat-embed-core-10.1.48.jar:10.1.48]
	at org.apache.tomcat.websocket.server.WsFilter.doFilter(WsFilter.java:51) ~[tomcat-embed-websocket-10.1.48.jar:10.1.48]
	at org.apache.catalina.core.ApplicationFilterChain.internalDoFilter(ApplicationFilterChain.java:162) ~[tomcat-embed-core-10.1.48.jar:10.1.48]
	at org.apache.catalina.core.ApplicationFilterChain.doFilter(ApplicationFilterChain.java:138) ~[tomcat-embed-core-10.1.48.jar:10.1.48]
	at org.springframework.web.filter.OncePerRequestFilter.doFilter(OncePerRequestFilter.java:110) ~[spring-web-6.2.12.jar:6.2.12]
	at org.apache.catalina.core.ApplicationFilterChain.internalDoFilter(ApplicationFilterChain.java:162) ~[tomcat-embed-core-10.1.48.jar:10.1.48]
	at org.apache.catalina.core.ApplicationFilterChain.doFilter(ApplicationFilterChain.java:138) ~[tomcat-embed-core-10.1.48.jar:10.1.48]
	at org.springframework.web.filter.CompositeFilter$VirtualFilterChain.doFilter(CompositeFilter.java:108) ~[spring-web-6.2.12.jar:6.2.12]
	at org.springframework.web.filter.CompositeFilter$VirtualFilterChain.doFilter(CompositeFilter.java:108) ~[spring-web-6.2.12.jar:6.2.12]
	at org.springframework.security.web.FilterChainProxy.lambda$doFilterInternal$3(FilterChainProxy.java:231) ~[spring-security-web-6.5.6.jar:6.5.6]
	at org.springframework.security.web.FilterChainProxy$VirtualFilterChain.doFilter(FilterChainProxy.java:365) ~[spring-security-web-6.5.6.jar:6.5.6]
	at org.springframework.security.web.access.intercept.AuthorizationFilter.doFilter(AuthorizationFilter.java:101) ~[spring-security-web-6.5.6.jar:6.5.6]
	at org.springframework.security.web.FilterChainProxy$VirtualFilterChain.doFilter(FilterChainProxy.java:374) ~[spring-security-web-6.5.6.jar:6.5.6]
	at org.springframework.security.web.access.ExceptionTranslationFilter.doFilter(ExceptionTranslationFilter.java:125) ~[spring-security-web-6.5.6.jar:6.5.6]
	at org.springframework.security.web.access.ExceptionTranslationFilter.doFilter(ExceptionTranslationFilter.java:119) ~[spring-security-web-6.5.6.jar:6.5.6]
	at org.springframework.security.web.FilterChainProxy$VirtualFilterChain.doFilter(FilterChainProxy.java:374) ~[spring-security-web-6.5.6.jar:6.5.6]
	at org.springframework.security.web.session.SessionManagementFilter.doFilter(SessionManagementFilter.java:131) ~[spring-security-web-6.5.6.jar:6.5.6]
	at org.springframework.security.web.session.SessionManagementFilter.doFilter(SessionManagementFilter.java:85) ~[spring-security-web-6.5.6.jar:6.5.6]
	at org.springframework.security.web.FilterChainProxy$VirtualFilterChain.doFilter(FilterChainProxy.java:374) ~[spring-security-web-6.5.6.jar:6.5.6]
	at org.springframework.security.web.authentication.AnonymousAuthenticationFilter.doFilter(AnonymousAuthenticationFilter.java:100) ~[spring-security-web-6.5.6.jar:6.5.6]
	at org.springframework.security.web.FilterChainProxy$VirtualFilterChain.doFilter(FilterChainProxy.java:374) ~[spring-security-web-6.5.6.jar:6.5.6]
	at org.springframework.security.web.servletapi.SecurityContextHolderAwareRequestFilter.doFilter(SecurityContextHolderAwareRequestFilter.java:179) ~[spring-security-web-6.5.6.jar:6.5.6]
	at org.springframework.security.web.FilterChainProxy$VirtualFilterChain.doFilter(FilterChainProxy.java:374) ~[spring-security-web-6.5.6.jar:6.5.6]
	at org.springframework.security.web.savedrequest.RequestCacheAwareFilter.doFilter(RequestCacheAwareFilter.java:63) ~[spring-security-web-6.5.6.jar:6.5.6]
	at org.springframework.security.web.FilterChainProxy$VirtualFilterChain.doFilter(FilterChainProxy.java:374) ~[spring-security-web-6.5.6.jar:6.5.6]
	at com._Blog.mojebbari.config.JwtAuthenticationFilter.doFilterInternal(JwtAuthenticationFilter.java:79) ~[classes/:na]
	at org.springframework.web.filter.OncePerRequestFilter.doFilter(OncePerRequestFilter.java:116) ~[spring-web-6.2.12.jar:6.2.12]
	at org.springframework.security.web.FilterChainProxy$VirtualFilterChain.doFilter(FilterChainProxy.java:374) ~[spring-security-web-6.5.6.jar:6.5.6]
	at org.springframework.security.web.authentication.logout.LogoutFilter.doFilter(LogoutFilter.java:107) ~[spring-security-web-6.5.6.jar:6.5.6]
	at org.springframework.security.web.authentication.logout.LogoutFilter.doFilter(LogoutFilter.java:93) ~[spring-security-web-6.5.6.jar:6.5.6]
	at org.springframework.security.web.FilterChainProxy$VirtualFilterChain.doFilter(FilterChainProxy.java:374) ~[spring-security-web-6.5.6.jar:6.5.6]
	at org.springframework.web.filter.CorsFilter.doFilterInternal(CorsFilter.java:91) ~[spring-web-6.2.12.jar:6.2.12]
	at org.springframework.web.filter.OncePerRequestFilter.doFilter(OncePerRequestFilter.java:116) ~[spring-web-6.2.12.jar:6.2.12]
	at org.springframework.security.web.FilterChainProxy$VirtualFilterChain.doFilter(FilterChainProxy.java:374) ~[spring-security-web-6.5.6.jar:6.5.6]
	at org.springframework.security.web.header.HeaderWriterFilter.doHeadersAfter(HeaderWriterFilter.java:90) ~[spring-security-web-6.5.6.jar:6.5.6]
	at org.springframework.security.web.header.HeaderWriterFilter.doFilterInternal(HeaderWriterFilter.java:75) ~[spring-security-web-6.5.6.jar:6.5.6]
	at org.springframework.web.filter.OncePerRequestFilter.doFilter(OncePerRequestFilter.java:116) ~[spring-web-6.2.12.jar:6.2.12]
	at org.springframework.security.web.FilterChainProxy$VirtualFilterChain.doFilter(FilterChainProxy.java:374) ~[spring-security-web-6.5.6.jar:6.5.6]
	at org.springframework.security.web.context.SecurityContextHolderFilter.doFilter(SecurityContextHolderFilter.java:82) ~[spring-security-web-6.5.6.jar:6.5.6]
	at org.springframework.security.web.context.SecurityContextHolderFilter.doFilter(SecurityContextHolderFilter.java:69) ~[spring-security-web-6.5.6.jar:6.5.6]
	at org.springframework.security.web.FilterChainProxy$VirtualFilterChain.doFilter(FilterChainProxy.java:374) ~[spring-security-web-6.5.6.jar:6.5.6]
	at org.springframework.security.web.context.request.async.WebAsyncManagerIntegrationFilter.doFilterInternal(WebAsyncManagerIntegrationFilter.java:62) ~[spring-security-web-6.5.6.jar:6.5.6]
	at org.springframework.web.filter.OncePerRequestFilter.doFilter(OncePerRequestFilter.java:116) ~[spring-web-6.2.12.jar:6.2.12]
	at org.springframework.security.web.FilterChainProxy$VirtualFilterChain.doFilter(FilterChainProxy.java:374) ~[spring-security-web-6.5.6.jar:6.5.6]
	at org.springframework.security.web.session.DisableEncodeUrlFilter.doFilterInternal(DisableEncodeUrlFilter.java:42) ~[spring-security-web-6.5.6.jar:6.5.6]
	at org.springframework.web.filter.OncePerRequestFilter.doFilter(OncePerRequestFilter.java:116) ~[spring-web-6.2.12.jar:6.2.12]
	at org.springframework.security.web.FilterChainProxy$VirtualFilterChain.doFilter(FilterChainProxy.java:374) ~[spring-security-web-6.5.6.jar:6.5.6]
	at org.springframework.security.web.FilterChainProxy.doFilterInternal(FilterChainProxy.java:233) ~[spring-security-web-6.5.6.jar:6.5.6]
	at org.springframework.security.web.FilterChainProxy.doFilter(FilterChainProxy.java:191) ~[spring-security-web-6.5.6.jar:6.5.6]
	at org.springframework.web.filter.CompositeFilter$VirtualFilterChain.doFilter(CompositeFilter.java:113) ~[spring-web-6.2.12.jar:6.2.12]
	at org.springframework.web.filter.ServletRequestPathFilter.doFilter(ServletRequestPathFilter.java:52) ~[spring-web-6.2.12.jar:6.2.12]
	at org.springframework.web.filter.CompositeFilter$VirtualFilterChain.doFilter(CompositeFilter.java:113) ~[spring-web-6.2.12.jar:6.2.12]
	at org.springframework.web.filter.CompositeFilter.doFilter(CompositeFilter.java:74) ~[spring-web-6.2.12.jar:6.2.12]
	at org.springframework.security.config.annotation.web.configuration.WebSecurityConfiguration$CompositeFilterChainProxy.doFilter(WebSecurityConfiguration.java:319) ~[spring-security-config-6.5.6.jar:6.5.6]
	at org.springframework.web.filter.CompositeFilter$VirtualFilterChain.doFilter(CompositeFilter.java:113) ~[spring-web-6.2.12.jar:6.2.12]
	at org.springframework.web.servlet.handler.HandlerMappingIntrospector.lambda$createCacheFilter$4(HandlerMappingIntrospector.java:267) ~[spring-webmvc-6.2.12.jar:6.2.12]
	at org.springframework.web.filter.CompositeFilter$VirtualFilterChain.doFilter(CompositeFilter.java:113) ~[spring-web-6.2.12.jar:6.2.12]
	at org.springframework.web.filter.CompositeFilter.doFilter(CompositeFilter.java:74) ~[spring-web-6.2.12.jar:6.2.12]
	at org.springframework.security.config.annotation.web.configuration.WebMvcSecurityConfiguration$CompositeFilterChainProxy.doFilter(WebMvcSecurityConfiguration.java:240) ~[spring-security-config-6.5.6.jar:6.5.6]
	at org.springframework.web.filter.DelegatingFilterProxy.invokeDelegate(DelegatingFilterProxy.java:362) ~[spring-web-6.2.12.jar:6.2.12]
	at org.springframework.web.filter.DelegatingFilterProxy.doFilter(DelegatingFilterProxy.java:278) ~[spring-web-6.2.12.jar:6.2.12]
	at org.apache.catalina.core.ApplicationFilterChain.internalDoFilter(ApplicationFilterChain.java:162) ~[tomcat-embed-core-10.1.48.jar:10.1.48]
	at org.apache.catalina.core.ApplicationFilterChain.doFilter(ApplicationFilterChain.java:138) ~[tomcat-embed-core-10.1.48.jar:10.1.48]
	at org.springframework.web.filter.RequestContextFilter.doFilterInternal(RequestContextFilter.java:100) ~[spring-web-6.2.12.jar:6.2.12]
	at org.springframework.web.filter.OncePerRequestFilter.doFilter(OncePerRequestFilter.java:116) ~[spring-web-6.2.12.jar:6.2.12]
	at org.apache.catalina.core.ApplicationFilterChain.internalDoFilter(ApplicationFilterChain.java:162) ~[tomcat-embed-core-10.1.48.jar:10.1.48]
	at org.apache.catalina.core.ApplicationFilterChain.doFilter(ApplicationFilterChain.java:138) ~[tomcat-embed-core-10.1.48.jar:10.1.48]
	at org.springframework.web.filter.FormContentFilter.doFilterInternal(FormContentFilter.java:93) ~[spring-web-6.2.12.jar:6.2.12]
	at org.springframework.web.filter.OncePerRequestFilter.doFilter(OncePerRequestFilter.java:116) ~[spring-web-6.2.12.jar:6.2.12]
	at org.apache.catalina.core.ApplicationFilterChain.internalDoFilter(ApplicationFilterChain.java:162) ~[tomcat-embed-core-10.1.48.jar:10.1.48]
	at org.apache.catalina.core.ApplicationFilterChain.doFilter(ApplicationFilterChain.java:138) ~[tomcat-embed-core-10.1.48.jar:10.1.48]
	at org.springframework.web.filter.CharacterEncodingFilter.doFilterInternal(CharacterEncodingFilter.java:201) ~[spring-web-6.2.12.jar:6.2.12]
	at org.springframework.web.filter.OncePerRequestFilter.doFilter(OncePerRequestFilter.java:116) ~[spring-web-6.2.12.jar:6.2.12]
	at org.apache.catalina.core.ApplicationFilterChain.internalDoFilter(ApplicationFilterChain.java:162) ~[tomcat-embed-core-10.1.48.jar:10.1.48]
	at org.apache.catalina.core.ApplicationFilterChain.doFilter(ApplicationFilterChain.java:138) ~[tomcat-embed-core-10.1.48.jar:10.1.48]
	at org.apache.catalina.core.StandardWrapperValve.invoke(StandardWrapperValve.java:165) ~[tomcat-embed-core-10.1.48.jar:10.1.48]
	at org.apache.catalina.core.StandardContextValve.invoke(StandardContextValve.java:88) ~[tomcat-embed-core-10.1.48.jar:10.1.48]
	at org.apache.catalina.authenticator.AuthenticatorBase.invoke(AuthenticatorBase.java:482) ~[tomcat-embed-core-10.1.48.jar:10.1.48]
	at org.apache.catalina.core.StandardHostValve.invoke(StandardHostValve.java:113) ~[tomcat-embed-core-10.1.48.jar:10.1.48]
	at org.apache.catalina.valves.ErrorReportValve.invoke(ErrorReportValve.java:83) ~[tomcat-embed-core-10.1.48.jar:10.1.48]
	at org.apache.catalina.core.StandardEngineValve.invoke(StandardEngineValve.java:72) ~[tomcat-embed-core-10.1.48.jar:10.1.48]
	at org.apache.catalina.connector.CoyoteAdapter.service(CoyoteAdapter.java:342) ~[tomcat-embed-core-10.1.48.jar:10.1.48]
	at org.apache.coyote.http11.Http11Processor.service(Http11Processor.java:399) ~[tomcat-embed-core-10.1.48.jar:10.1.48]
	at org.apache.coyote.AbstractProcessorLight.process(AbstractProcessorLight.java:63) ~[tomcat-embed-core-10.1.48.jar:10.1.48]
	at org.apache.coyote.AbstractProtocol$ConnectionHandler.process(AbstractProtocol.java:903) ~[tomcat-embed-core-10.1.48.jar:10.1.48]
	at org.apache.tomcat.util.net.NioEndpoint$SocketProcessor.doRun(NioEndpoint.java:1774) ~[tomcat-embed-core-10.1.48.jar:10.1.48]
	at org.apache.tomcat.util.net.SocketProcessorBase.run(SocketProcessorBase.java:52) ~[tomcat-embed-core-10.1.48.jar:10.1.48]
	at org.apache.tomcat.util.threads.ThreadPoolExecutor.runWorker(ThreadPoolExecutor.java:973) ~[tomcat-embed-core-10.1.48.jar:10.1.48]
	at org.apache.tomcat.util.threads.ThreadPoolExecutor$Worker.run(ThreadPoolExecutor.java:491) ~[tomcat-embed-core-10.1.48.jar:10.1.48]
	at org.apache.tomcat.util.threads.TaskThread$WrappingRunnable.run(TaskThread.java:63) ~[tomcat-embed-core-10.1.48.jar:10.1.48]
	at java.base/java.lang.Thread.run(Thread.java:1474) ~[na:na]
Caused by: org.hibernate.exception.ConstraintViolationException: could not execute statement [ERROR: new row for relation "notifications" violates check constraint "notifications_type_check"
  Detail: Failing row contains (17, 2026-01-17 22:09:37.395285, f, Your report about a post has been resolved by admin, REPORT_REVIEWED, 6, null, null, 22).] [insert into notifications (actor_id,comment_id,created_at,is_read,message,post_id,recipient_id,type) values (?,?,?,?,?,?,?,?)]
	at org.hibernate.exception.internal.SQLStateConversionDelegate.convert(SQLStateConversionDelegate.java:97) ~[hibernate-core-6.6.33.Final.jar:6.6.33.Final]
	at org.hibernate.exception.internal.StandardSQLExceptionConverter.convert(StandardSQLExceptionConverter.java:58) ~[hibernate-core-6.6.33.Final.jar:6.6.33.Final]
	at org.hibernate.engine.jdbc.spi.SqlExceptionHelper.convert(SqlExceptionHelper.java:108) ~[hibernate-core-6.6.33.Final.jar:6.6.33.Final]
	at org.hibernate.engine.jdbc.internal.ResultSetReturnImpl.executeUpdate(ResultSetReturnImpl.java:197) ~[hibernate-core-6.6.33.Final.jar:6.6.33.Final]
	at org.hibernate.id.insert.GetGeneratedKeysDelegate.performMutation(GetGeneratedKeysDelegate.java:116) ~[hibernate-core-6.6.33.Final.jar:6.6.33.Final]
	at org.hibernate.engine.jdbc.mutation.internal.MutationExecutorSingleNonBatched.performNonBatchedOperations(MutationExecutorSingleNonBatched.java:47) ~[hibernate-core-6.6.33.Final.jar:6.6.33.Final]
	at org.hibernate.engine.jdbc.mutation.internal.AbstractMutationExecutor.execute(AbstractMutationExecutor.java:55) ~[hibernate-core-6.6.33.Final.jar:6.6.33.Final]
	at org.hibernate.persister.entity.mutation.InsertCoordinatorStandard.doStaticInserts(InsertCoordinatorStandard.java:194) ~[hibernate-core-6.6.33.Final.jar:6.6.33.Final]
	at org.hibernate.persister.entity.mutation.InsertCoordinatorStandard.coordinateInsert(InsertCoordinatorStandard.java:132) ~[hibernate-core-6.6.33.Final.jar:6.6.33.Final]
	at org.hibernate.persister.entity.mutation.InsertCoordinatorStandard.insert(InsertCoordinatorStandard.java:95) ~[hibernate-core-6.6.33.Final.jar:6.6.33.Final]
	at org.hibernate.action.internal.EntityIdentityInsertAction.execute(EntityIdentityInsertAction.java:85) ~[hibernate-core-6.6.33.Final.jar:6.6.33.Final]
	at org.hibernate.engine.spi.ActionQueue.execute(ActionQueue.java:682) ~[hibernate-core-6.6.33.Final.jar:6.6.33.Final]
	at org.hibernate.engine.spi.ActionQueue.addResolvedEntityInsertAction(ActionQueue.java:293) ~[hibernate-core-6.6.33.Final.jar:6.6.33.Final]
	at org.hibernate.engine.spi.ActionQueue.addInsertAction(ActionQueue.java:274) ~[hibernate-core-6.6.33.Final.jar:6.6.33.Final]
	at org.hibernate.engine.spi.ActionQueue.addAction(ActionQueue.java:324) ~[hibernate-core-6.6.33.Final.jar:6.6.33.Final]
	at org.hibernate.event.internal.AbstractSaveEventListener.addInsertAction(AbstractSaveEventListener.java:394) ~[hibernate-core-6.6.33.Final.jar:6.6.33.Final]
	at org.hibernate.event.internal.AbstractSaveEventListener.performSaveOrReplicate(AbstractSaveEventListener.java:308) ~[hibernate-core-6.6.33.Final.jar:6.6.33.Final]
	at org.hibernate.event.internal.AbstractSaveEventListener.performSave(AbstractSaveEventListener.java:224) ~[hibernate-core-6.6.33.Final.jar:6.6.33.Final]
	at org.hibernate.event.internal.AbstractSaveEventListener.saveWithGeneratedId(AbstractSaveEventListener.java:136) ~[hibernate-core-6.6.33.Final.jar:6.6.33.Final]
	at org.hibernate.event.internal.DefaultPersistEventListener.entityIsTransient(DefaultPersistEventListener.java:177) ~[hibernate-core-6.6.33.Final.jar:6.6.33.Final]
	at org.hibernate.event.internal.DefaultPersistEventListener.persist(DefaultPersistEventListener.java:95) ~[hibernate-core-6.6.33.Final.jar:6.6.33.Final]
	at org.hibernate.event.internal.DefaultPersistEventListener.onPersist(DefaultPersistEventListener.java:79) ~[hibernate-core-6.6.33.Final.jar:6.6.33.Final]
	at org.hibernate.event.internal.DefaultPersistEventListener.onPersist(DefaultPersistEventListener.java:55) ~[hibernate-core-6.6.33.Final.jar:6.6.33.Final]
	at org.hibernate.event.service.internal.EventListenerGroupImpl.fireEventOnEachListener(EventListenerGroupImpl.java:127) ~[hibernate-core-6.6.33.Final.jar:6.6.33.Final]
	at org.hibernate.internal.SessionImpl.firePersist(SessionImpl.java:761) ~[hibernate-core-6.6.33.Final.jar:6.6.33.Final]
	at org.hibernate.internal.SessionImpl.persist(SessionImpl.java:745) ~[hibernate-core-6.6.33.Final.jar:6.6.33.Final]
	at java.base/jdk.internal.reflect.DirectMethodHandleAccessor.invoke(DirectMethodHandleAccessor.java:104) ~[na:na]
	at java.base/java.lang.reflect.Method.invoke(Method.java:565) ~[na:na]
	at org.springframework.orm.jpa.ExtendedEntityManagerCreator$ExtendedEntityManagerInvocationHandler.invoke(ExtendedEntityManagerCreator.java:364) ~[spring-orm-6.2.12.jar:6.2.12]
	at jdk.proxy8/jdk.proxy8.$Proxy183.persist(Unknown Source) ~[na:na]
	at java.base/jdk.internal.reflect.DirectMethodHandleAccessor.invoke(DirectMethodHandleAccessor.java:104) ~[na:na]
	at java.base/java.lang.reflect.Method.invoke(Method.java:565) ~[na:na]
	at org.springframework.orm.jpa.SharedEntityManagerCreator$SharedEntityManagerInvocationHandler.invoke(SharedEntityManagerCreator.java:320) ~[spring-orm-6.2.12.jar:6.2.12]
	at jdk.proxy8/jdk.proxy8.$Proxy183.persist(Unknown Source) ~[na:na]
	at org.springframework.data.jpa.repository.support.SimpleJpaRepository.save(SimpleJpaRepository.java:654) ~[spring-data-jpa-3.5.5.jar:3.5.5]
	at java.base/jdk.internal.reflect.DirectMethodHandleAccessor.invoke(DirectMethodHandleAccessor.java:104) ~[na:na]
	at java.base/java.lang.reflect.Method.invoke(Method.java:565) ~[na:na]
	at org.springframework.aop.support.AopUtils.invokeJoinpointUsingReflection(AopUtils.java:360) ~[spring-aop-6.2.12.jar:6.2.12]
	at org.springframework.data.repository.core.support.RepositoryMethodInvoker$RepositoryFragmentMethodInvoker.lambda$new$0(RepositoryMethodInvoker.java:277) ~[spring-data-commons-3.5.5.jar:3.5.5]
	at org.springframework.data.repository.core.support.RepositoryMethodInvoker.doInvoke(RepositoryMethodInvoker.java:170) ~[spring-data-commons-3.5.5.jar:3.5.5]
	at org.springframework.data.repository.core.support.RepositoryMethodInvoker.invoke(RepositoryMethodInvoker.java:158) ~[spring-data-commons-3.5.5.jar:3.5.5]
	at org.springframework.data.repository.core.support.RepositoryComposition$RepositoryFragments.invoke(RepositoryComposition.java:515) ~[spring-data-commons-3.5.5.jar:3.5.5]
	at org.springframework.data.repository.core.support.RepositoryComposition.invoke(RepositoryComposition.java:284) ~[spring-data-commons-3.5.5.jar:3.5.5]
	at org.springframework.data.repository.core.support.RepositoryFactorySupport$ImplementationMethodExecutionInterceptor.invoke(RepositoryFactorySupport.java:734) ~[spring-data-commons-3.5.5.jar:3.5.5]
	at org.springframework.aop.framework.ReflectiveMethodInvocation.proceed(ReflectiveMethodInvocation.java:184) ~[spring-aop-6.2.12.jar:6.2.12]
	at org.springframework.data.repository.core.support.QueryExecutorMethodInterceptor.doInvoke(QueryExecutorMethodInterceptor.java:174) ~[spring-data-commons-3.5.5.jar:3.5.5]
	at org.springframework.data.repository.core.support.QueryExecutorMethodInterceptor.invoke(QueryExecutorMethodInterceptor.java:149) ~[spring-data-commons-3.5.5.jar:3.5.5]
	at org.springframework.aop.framework.ReflectiveMethodInvocation.proceed(ReflectiveMethodInvocation.java:184) ~[spring-aop-6.2.12.jar:6.2.12]
	at org.springframework.data.projection.DefaultMethodInvokingMethodInterceptor.invoke(DefaultMethodInvokingMethodInterceptor.java:69) ~[spring-data-commons-3.5.5.jar:3.5.5]
	at org.springframework.aop.framework.ReflectiveMethodInvocation.proceed(ReflectiveMethodInvocation.java:184) ~[spring-aop-6.2.12.jar:6.2.12]
	at org.springframework.transaction.interceptor.TransactionAspectSupport.invokeWithinTransaction(TransactionAspectSupport.java:380) ~[spring-tx-6.2.12.jar:6.2.12]
	at org.springframework.transaction.interceptor.TransactionInterceptor.invoke(TransactionInterceptor.java:119) ~[spring-tx-6.2.12.jar:6.2.12]
	at org.springframework.aop.framework.ReflectiveMethodInvocation.proceed(ReflectiveMethodInvocation.java:184) ~[spring-aop-6.2.12.jar:6.2.12]
	at org.springframework.dao.support.PersistenceExceptionTranslationInterceptor.invoke(PersistenceExceptionTranslationInterceptor.java:138) ~[spring-tx-6.2.12.jar:6.2.12]
	... 148 common frames omitted
Caused by: org.postgresql.util.PSQLException: ERROR: new row for relation "notifications" violates check constraint "notifications_type_check"
  Detail: Failing row contains (17, 2026-01-17 22:09:37.395285, f, Your report about a post has been resolved by admin, REPORT_REVIEWED, 6, null, null, 22).
	at org.postgresql.core.v3.QueryExecutorImpl.receiveErrorResponse(QueryExecutorImpl.java:2736) ~[postgresql-42.7.8.jar:42.7.8]
	at org.postgresql.core.v3.QueryExecutorImpl.processResults(QueryExecutorImpl.java:2421) ~[postgresql-42.7.8.jar:42.7.8]
	at org.postgresql.core.v3.QueryExecutorImpl.execute(QueryExecutorImpl.java:372) ~[postgresql-42.7.8.jar:42.7.8]
	at org.postgresql.jdbc.PgStatement.executeInternal(PgStatement.java:525) ~[postgresql-42.7.8.jar:42.7.8]
	at org.postgresql.jdbc.PgStatement.execute(PgStatement.java:435) ~[postgresql-42.7.8.jar:42.7.8]
	at org.postgresql.jdbc.PgPreparedStatement.executeWithFlags(PgPreparedStatement.java:196) ~[postgresql-42.7.8.jar:42.7.8]
	at org.postgresql.jdbc.PgPreparedStatement.executeUpdate(PgPreparedStatement.java:157) ~[postgresql-42.7.8.jar:42.7.8]
	at com.zaxxer.hikari.pool.ProxyPreparedStatement.executeUpdate(ProxyPreparedStatement.java:61) ~[HikariCP-6.3.3.jar:na]
	at com.zaxxer.hikari.pool.HikariProxyPreparedStatement.executeUpdate(HikariProxyPreparedStatement.java) ~[HikariCP-6.3.3.jar:na]
	at org.hibernate.engine.jdbc.internal.ResultSetReturnImpl.executeUpdate(ResultSetReturnImpl.java:194) ~[hibernate-core-6.6.33.Final.jar:6.6.33.Final]
	... 198 common frames omitted

Hibernate: 
    select
        p1_0.id,
        p1_0.category,
        p1_0.content,
        p1_0.created_at,
        p1_0.media_url,
        p1_0.title,
        p1_0.user_id 
    from
        posts p1_0 
    where
        p1_0.id=?
2026-01-17T22:09:37.401+01:00  WARN 52678 --- [mojebbari] [nio-8080-exec-8] o.h.engine.jdbc.spi.SqlExceptionHelper   : SQL Error: 0, SQLState: 25P02
2026-01-17T22:09:37.401+01:00 ERROR 52678 --- [mojebbari] [nio-8080-exec-8] o.h.engine.jdbc.spi.SqlExceptionHelper   : ERROR: current transaction is aborted, commands ignored until end of transaction block
2026-01-17T22:09:37.401+01:00  INFO 52678 --- [mojebbari] [nio-8080-exec-8] o.h.e.internal.DefaultLoadEventListener  : HHH000327: Error performing load command

org.hibernate.exception.GenericJDBCException: JDBC exception executing SQL [select p1_0.id,p1_0.category,p1_0.content,p1_0.created_at,p1_0.media_url,p1_0.title,p1_0.user_id from posts p1_0 where p1_0.id=?] [ERROR: current transaction is aborted, commands ignored until end of transaction block] [n/a]
	at org.hibernate.exception.internal.StandardSQLExceptionConverter.convert(StandardSQLExceptionConverter.java:63) ~[hibernate-core-6.6.33.Final.jar:6.6.33.Final]
	at org.hibernate.engine.jdbc.spi.SqlExceptionHelper.convert(SqlExceptionHelper.java:108) ~[hibernate-core-6.6.33.Final.jar:6.6.33.Final]
	at org.hibernate.engine.jdbc.spi.SqlExceptionHelper.convert(SqlExceptionHelper.java:94) ~[hibernate-core-6.6.33.Final.jar:6.6.33.Final]
	at org.hibernate.sql.results.jdbc.internal.DeferredResultSetAccess.executeQuery(DeferredResultSetAccess.java:269) ~[hibernate-core-6.6.33.Final.jar:6.6.33.Final]
	at org.hibernate.sql.results.jdbc.internal.DeferredResultSetAccess.getResultSet(DeferredResultSetAccess.java:172) ~[hibernate-core-6.6.33.Final.jar:6.6.33.Final]
	at org.hibernate.sql.results.jdbc.internal.JdbcValuesResultSetImpl.<init>(JdbcValuesResultSetImpl.java:74) ~[hibernate-core-6.6.33.Final.jar:6.6.33.Final]
	at org.hibernate.sql.exec.internal.JdbcSelectExecutorStandardImpl.resolveJdbcValuesSource(JdbcSelectExecutorStandardImpl.java:355) ~[hibernate-core-6.6.33.Final.jar:6.6.33.Final]
	at org.hibernate.sql.exec.internal.JdbcSelectExecutorStandardImpl.doExecuteQuery(JdbcSelectExecutorStandardImpl.java:137) ~[hibernate-core-6.6.33.Final.jar:6.6.33.Final]
	at org.hibernate.sql.exec.internal.JdbcSelectExecutorStandardImpl.executeQuery(JdbcSelectExecutorStandardImpl.java:102) ~[hibernate-core-6.6.33.Final.jar:6.6.33.Final]
	at org.hibernate.sql.exec.spi.JdbcSelectExecutor.executeQuery(JdbcSelectExecutor.java:91) ~[hibernate-core-6.6.33.Final.jar:6.6.33.Final]
	at org.hibernate.sql.exec.spi.JdbcSelectExecutor.list(JdbcSelectExecutor.java:165) ~[hibernate-core-6.6.33.Final.jar:6.6.33.Final]
	at org.hibernate.loader.ast.internal.SingleIdLoadPlan.load(SingleIdLoadPlan.java:145) ~[hibernate-core-6.6.33.Final.jar:6.6.33.Final]
	at org.hibernate.loader.ast.internal.SingleIdLoadPlan.load(SingleIdLoadPlan.java:117) ~[hibernate-core-6.6.33.Final.jar:6.6.33.Final]
	at org.hibernate.loader.ast.internal.SingleIdEntityLoaderStandardImpl.load(SingleIdEntityLoaderStandardImpl.java:74) ~[hibernate-core-6.6.33.Final.jar:6.6.33.Final]
	at org.hibernate.persister.entity.AbstractEntityPersister.doLoad(AbstractEntityPersister.java:3908) ~[hibernate-core-6.6.33.Final.jar:6.6.33.Final]
	at org.hibernate.persister.entity.AbstractEntityPersister.load(AbstractEntityPersister.java:3897) ~[hibernate-core-6.6.33.Final.jar:6.6.33.Final]
	at org.hibernate.event.internal.DefaultLoadEventListener.loadFromDatasource(DefaultLoadEventListener.java:604) ~[hibernate-core-6.6.33.Final.jar:6.6.33.Final]
	at org.hibernate.event.internal.DefaultLoadEventListener.loadFromCacheOrDatasource(DefaultLoadEventListener.java:590) ~[hibernate-core-6.6.33.Final.jar:6.6.33.Final]
	at org.hibernate.event.internal.DefaultLoadEventListener.load(DefaultLoadEventListener.java:560) ~[hibernate-core-6.6.33.Final.jar:6.6.33.Final]
	at org.hibernate.event.internal.DefaultLoadEventListener.doLoad(DefaultLoadEventListener.java:544) ~[hibernate-core-6.6.33.Final.jar:6.6.33.Final]
	at org.hibernate.event.internal.DefaultLoadEventListener.load(DefaultLoadEventListener.java:206) ~[hibernate-core-6.6.33.Final.jar:6.6.33.Final]
	at org.hibernate.event.internal.DefaultLoadEventListener.doOnLoad(DefaultLoadEventListener.java:105) ~[hibernate-core-6.6.33.Final.jar:6.6.33.Final]
	at org.hibernate.event.internal.DefaultLoadEventListener.onLoad(DefaultLoadEventListener.java:69) ~[hibernate-core-6.6.33.Final.jar:6.6.33.Final]
	at org.hibernate.event.service.internal.EventListenerGroupImpl.fireEventOnEachListener(EventListenerGroupImpl.java:138) ~[hibernate-core-6.6.33.Final.jar:6.6.33.Final]
	at org.hibernate.internal.SessionImpl.fireLoadNoChecks(SessionImpl.java:1229) ~[hibernate-core-6.6.33.Final.jar:6.6.33.Final]
	at org.hibernate.internal.SessionImpl.immediateLoad(SessionImpl.java:1048) ~[hibernate-core-6.6.33.Final.jar:6.6.33.Final]
	at org.hibernate.proxy.AbstractLazyInitializer.initialize(AbstractLazyInitializer.java:186) ~[hibernate-core-6.6.33.Final.jar:6.6.33.Final]
	at org.hibernate.proxy.AbstractLazyInitializer.getImplementation(AbstractLazyInitializer.java:328) ~[hibernate-core-6.6.33.Final.jar:6.6.33.Final]
	at org.hibernate.proxy.pojo.bytebuddy.ByteBuddyInterceptor.intercept(ByteBuddyInterceptor.java:44) ~[hibernate-core-6.6.33.Final.jar:6.6.33.Final]
	at org.hibernate.proxy.ProxyConfiguration$InterceptorDispatcher.intercept(ProxyConfiguration.java:102) ~[hibernate-core-6.6.33.Final.jar:6.6.33.Final]
	at com._Blog.mojebbari.models.Post$HibernateProxy.getContent(Unknown Source) ~[classes/:na]
	at com._Blog.mojebbari.services.ReportService.mapToResponse(ReportService.java:274) ~[classes/:na]
	at com._Blog.mojebbari.services.ReportService.updateReportStatus(ReportService.java:197) ~[classes/:na]
	at java.base/jdk.internal.reflect.DirectMethodHandleAccessor.invoke(DirectMethodHandleAccessor.java:104) ~[na:na]
	at java.base/java.lang.reflect.Method.invoke(Method.java:565) ~[na:na]
	at org.springframework.aop.support.AopUtils.invokeJoinpointUsingReflection(AopUtils.java:360) ~[spring-aop-6.2.12.jar:6.2.12]
	at org.springframework.aop.framework.ReflectiveMethodInvocation.invokeJoinpoint(ReflectiveMethodInvocation.java:196) ~[spring-aop-6.2.12.jar:6.2.12]
	at org.springframework.aop.framework.ReflectiveMethodInvocation.proceed(ReflectiveMethodInvocation.java:163) ~[spring-aop-6.2.12.jar:6.2.12]
	at org.springframework.transaction.interceptor.TransactionAspectSupport.invokeWithinTransaction(TransactionAspectSupport.java:380) ~[spring-tx-6.2.12.jar:6.2.12]
	at org.springframework.transaction.interceptor.TransactionInterceptor.invoke(TransactionInterceptor.java:119) ~[spring-tx-6.2.12.jar:6.2.12]
	at org.springframework.aop.framework.ReflectiveMethodInvocation.proceed(ReflectiveMethodInvocation.java:184) ~[spring-aop-6.2.12.jar:6.2.12]
	at org.springframework.aop.framework.CglibAopProxy$DynamicAdvisedInterceptor.intercept(CglibAopProxy.java:728) ~[spring-aop-6.2.12.jar:6.2.12]
	at com._Blog.mojebbari.services.ReportService$$SpringCGLIB$$0.updateReportStatus(<generated>) ~[classes/:na]
	at com._Blog.mojebbari.controllers.ReportController.updateReportStatus(ReportController.java:148) ~[classes/:na]
	at java.base/jdk.internal.reflect.DirectMethodHandleAccessor.invoke(DirectMethodHandleAccessor.java:104) ~[na:na]
	at java.base/java.lang.reflect.Method.invoke(Method.java:565) ~[na:na]
	at org.springframework.aop.support.AopUtils.invokeJoinpointUsingReflection(AopUtils.java:360) ~[spring-aop-6.2.12.jar:6.2.12]
	at org.springframework.aop.framework.ReflectiveMethodInvocation.invokeJoinpoint(ReflectiveMethodInvocation.java:196) ~[spring-aop-6.2.12.jar:6.2.12]
	at org.springframework.aop.framework.ReflectiveMethodInvocation.proceed(ReflectiveMethodInvocation.java:163) ~[spring-aop-6.2.12.jar:6.2.12]
	at org.springframework.security.authorization.method.AuthorizationManagerBeforeMethodInterceptor.proceed(AuthorizationManagerBeforeMethodInterceptor.java:268) ~[spring-security-core-6.5.6.jar:6.5.6]
	at org.springframework.security.authorization.method.AuthorizationManagerBeforeMethodInterceptor.attemptAuthorization(AuthorizationManagerBeforeMethodInterceptor.java:263) ~[spring-security-core-6.5.6.jar:6.5.6]
	at org.springframework.security.authorization.method.AuthorizationManagerBeforeMethodInterceptor.invoke(AuthorizationManagerBeforeMethodInterceptor.java:196) ~[spring-security-core-6.5.6.jar:6.5.6]
	at org.springframework.security.config.annotation.method.configuration.DeferringMethodInterceptor.invoke(DeferringMethodInterceptor.java:44) ~[spring-security-config-6.5.6.jar:6.5.6]
	at org.springframework.aop.framework.ReflectiveMethodInvocation.proceed(ReflectiveMethodInvocation.java:184) ~[spring-aop-6.2.12.jar:6.2.12]
	at org.springframework.aop.framework.CglibAopProxy$DynamicAdvisedInterceptor.intercept(CglibAopProxy.java:728) ~[spring-aop-6.2.12.jar:6.2.12]
	at com._Blog.mojebbari.controllers.ReportController$$SpringCGLIB$$0.updateReportStatus(<generated>) ~[classes/:na]
	at java.base/jdk.internal.reflect.DirectMethodHandleAccessor.invoke(DirectMethodHandleAccessor.java:104) ~[na:na]
	at java.base/java.lang.reflect.Method.invoke(Method.java:565) ~[na:na]
	at org.springframework.web.method.support.InvocableHandlerMethod.doInvoke(InvocableHandlerMethod.java:258) ~[spring-web-6.2.12.jar:6.2.12]
	at org.springframework.web.method.support.InvocableHandlerMethod.invokeForRequest(InvocableHandlerMethod.java:191) ~[spring-web-6.2.12.jar:6.2.12]
	at org.springframework.web.servlet.mvc.method.annotation.ServletInvocableHandlerMethod.invokeAndHandle(ServletInvocableHandlerMethod.java:118) ~[spring-webmvc-6.2.12.jar:6.2.12]
	at org.springframework.web.servlet.mvc.method.annotation.RequestMappingHandlerAdapter.invokeHandlerMethod(RequestMappingHandlerAdapter.java:991) ~[spring-webmvc-6.2.12.jar:6.2.12]
	at org.springframework.web.servlet.mvc.method.annotation.RequestMappingHandlerAdapter.handleInternal(RequestMappingHandlerAdapter.java:896) ~[spring-webmvc-6.2.12.jar:6.2.12]
	at org.springframework.web.servlet.mvc.method.AbstractHandlerMethodAdapter.handle(AbstractHandlerMethodAdapter.java:87) ~[spring-webmvc-6.2.12.jar:6.2.12]
	at org.springframework.web.servlet.DispatcherServlet.doDispatch(DispatcherServlet.java:1089) ~[spring-webmvc-6.2.12.jar:6.2.12]
	at org.springframework.web.servlet.DispatcherServlet.doService(DispatcherServlet.java:979) ~[spring-webmvc-6.2.12.jar:6.2.12]
	at org.springframework.web.servlet.FrameworkServlet.processRequest(FrameworkServlet.java:1014) ~[spring-webmvc-6.2.12.jar:6.2.12]
	at org.springframework.web.servlet.FrameworkServlet.doPut(FrameworkServlet.java:925) ~[spring-webmvc-6.2.12.jar:6.2.12]
	at jakarta.servlet.http.HttpServlet.service(HttpServlet.java:593) ~[tomcat-embed-core-10.1.48.jar:6.0]
	at org.springframework.web.servlet.FrameworkServlet.service(FrameworkServlet.java:885) ~[spring-webmvc-6.2.12.jar:6.2.12]
	at jakarta.servlet.http.HttpServlet.service(HttpServlet.java:658) ~[tomcat-embed-core-10.1.48.jar:6.0]
	at org.apache.catalina.core.ApplicationFilterChain.internalDoFilter(ApplicationFilterChain.java:193) ~[tomcat-embed-core-10.1.48.jar:10.1.48]
	at org.apache.catalina.core.ApplicationFilterChain.doFilter(ApplicationFilterChain.java:138) ~[tomcat-embed-core-10.1.48.jar:10.1.48]
	at org.apache.tomcat.websocket.server.WsFilter.doFilter(WsFilter.java:51) ~[tomcat-embed-websocket-10.1.48.jar:10.1.48]
	at org.apache.catalina.core.ApplicationFilterChain.internalDoFilter(ApplicationFilterChain.java:162) ~[tomcat-embed-core-10.1.48.jar:10.1.48]
	at org.apache.catalina.core.ApplicationFilterChain.doFilter(ApplicationFilterChain.java:138) ~[tomcat-embed-core-10.1.48.jar:10.1.48]
	at org.springframework.web.filter.OncePerRequestFilter.doFilter(OncePerRequestFilter.java:110) ~[spring-web-6.2.12.jar:6.2.12]
	at org.apache.catalina.core.ApplicationFilterChain.internalDoFilter(ApplicationFilterChain.java:162) ~[tomcat-embed-core-10.1.48.jar:10.1.48]
	at org.apache.catalina.core.ApplicationFilterChain.doFilter(ApplicationFilterChain.java:138) ~[tomcat-embed-core-10.1.48.jar:10.1.48]
	at org.springframework.web.filter.CompositeFilter$VirtualFilterChain.doFilter(CompositeFilter.java:108) ~[spring-web-6.2.12.jar:6.2.12]
	at org.springframework.web.filter.CompositeFilter$VirtualFilterChain.doFilter(CompositeFilter.java:108) ~[spring-web-6.2.12.jar:6.2.12]
	at org.springframework.security.web.FilterChainProxy.lambda$doFilterInternal$3(FilterChainProxy.java:231) ~[spring-security-web-6.5.6.jar:6.5.6]
	at org.springframework.security.web.FilterChainProxy$VirtualFilterChain.doFilter(FilterChainProxy.java:365) ~[spring-security-web-6.5.6.jar:6.5.6]
	at org.springframework.security.web.access.intercept.AuthorizationFilter.doFilter(AuthorizationFilter.java:101) ~[spring-security-web-6.5.6.jar:6.5.6]
	at org.springframework.security.web.FilterChainProxy$VirtualFilterChain.doFilter(FilterChainProxy.java:374) ~[spring-security-web-6.5.6.jar:6.5.6]
	at org.springframework.security.web.access.ExceptionTranslationFilter.doFilter(ExceptionTranslationFilter.java:125) ~[spring-security-web-6.5.6.jar:6.5.6]
	at org.springframework.security.web.access.ExceptionTranslationFilter.doFilter(ExceptionTranslationFilter.java:119) ~[spring-security-web-6.5.6.jar:6.5.6]
	at org.springframework.security.web.FilterChainProxy$VirtualFilterChain.doFilter(FilterChainProxy.java:374) ~[spring-security-web-6.5.6.jar:6.5.6]
	at org.springframework.security.web.session.SessionManagementFilter.doFilter(SessionManagementFilter.java:131) ~[spring-security-web-6.5.6.jar:6.5.6]
	at org.springframework.security.web.session.SessionManagementFilter.doFilter(SessionManagementFilter.java:85) ~[spring-security-web-6.5.6.jar:6.5.6]
	at org.springframework.security.web.FilterChainProxy$VirtualFilterChain.doFilter(FilterChainProxy.java:374) ~[spring-security-web-6.5.6.jar:6.5.6]
	at org.springframework.security.web.authentication.AnonymousAuthenticationFilter.doFilter(AnonymousAuthenticationFilter.java:100) ~[spring-security-web-6.5.6.jar:6.5.6]
	at org.springframework.security.web.FilterChainProxy$VirtualFilterChain.doFilter(FilterChainProxy.java:374) ~[spring-security-web-6.5.6.jar:6.5.6]
	at org.springframework.security.web.servletapi.SecurityContextHolderAwareRequestFilter.doFilter(SecurityContextHolderAwareRequestFilter.java:179) ~[spring-security-web-6.5.6.jar:6.5.6]
	at org.springframework.security.web.FilterChainProxy$VirtualFilterChain.doFilter(FilterChainProxy.java:374) ~[spring-security-web-6.5.6.jar:6.5.6]
	at org.springframework.security.web.savedrequest.RequestCacheAwareFilter.doFilter(RequestCacheAwareFilter.java:63) ~[spring-security-web-6.5.6.jar:6.5.6]
	at org.springframework.security.web.FilterChainProxy$VirtualFilterChain.doFilter(FilterChainProxy.java:374) ~[spring-security-web-6.5.6.jar:6.5.6]
	at com._Blog.mojebbari.config.JwtAuthenticationFilter.doFilterInternal(JwtAuthenticationFilter.java:79) ~[classes/:na]
	at org.springframework.web.filter.OncePerRequestFilter.doFilter(OncePerRequestFilter.java:116) ~[spring-web-6.2.12.jar:6.2.12]
	at org.springframework.security.web.FilterChainProxy$VirtualFilterChain.doFilter(FilterChainProxy.java:374) ~[spring-security-web-6.5.6.jar:6.5.6]
	at org.springframework.security.web.authentication.logout.LogoutFilter.doFilter(LogoutFilter.java:107) ~[spring-security-web-6.5.6.jar:6.5.6]
	at org.springframework.security.web.authentication.logout.LogoutFilter.doFilter(LogoutFilter.java:93) ~[spring-security-web-6.5.6.jar:6.5.6]
	at org.springframework.security.web.FilterChainProxy$VirtualFilterChain.doFilter(FilterChainProxy.java:374) ~[spring-security-web-6.5.6.jar:6.5.6]
	at org.springframework.web.filter.CorsFilter.doFilterInternal(CorsFilter.java:91) ~[spring-web-6.2.12.jar:6.2.12]
	at org.springframework.web.filter.OncePerRequestFilter.doFilter(OncePerRequestFilter.java:116) ~[spring-web-6.2.12.jar:6.2.12]
	at org.springframework.security.web.FilterChainProxy$VirtualFilterChain.doFilter(FilterChainProxy.java:374) ~[spring-security-web-6.5.6.jar:6.5.6]
	at org.springframework.security.web.header.HeaderWriterFilter.doHeadersAfter(HeaderWriterFilter.java:90) ~[spring-security-web-6.5.6.jar:6.5.6]
	at org.springframework.security.web.header.HeaderWriterFilter.doFilterInternal(HeaderWriterFilter.java:75) ~[spring-security-web-6.5.6.jar:6.5.6]
	at org.springframework.web.filter.OncePerRequestFilter.doFilter(OncePerRequestFilter.java:116) ~[spring-web-6.2.12.jar:6.2.12]
	at org.springframework.security.web.FilterChainProxy$VirtualFilterChain.doFilter(FilterChainProxy.java:374) ~[spring-security-web-6.5.6.jar:6.5.6]
	at org.springframework.security.web.context.SecurityContextHolderFilter.doFilter(SecurityContextHolderFilter.java:82) ~[spring-security-web-6.5.6.jar:6.5.6]
	at org.springframework.security.web.context.SecurityContextHolderFilter.doFilter(SecurityContextHolderFilter.java:69) ~[spring-security-web-6.5.6.jar:6.5.6]
	at org.springframework.security.web.FilterChainProxy$VirtualFilterChain.doFilter(FilterChainProxy.java:374) ~[spring-security-web-6.5.6.jar:6.5.6]
	at org.springframework.security.web.context.request.async.WebAsyncManagerIntegrationFilter.doFilterInternal(WebAsyncManagerIntegrationFilter.java:62) ~[spring-security-web-6.5.6.jar:6.5.6]
	at org.springframework.web.filter.OncePerRequestFilter.doFilter(OncePerRequestFilter.java:116) ~[spring-web-6.2.12.jar:6.2.12]
	at org.springframework.security.web.FilterChainProxy$VirtualFilterChain.doFilter(FilterChainProxy.java:374) ~[spring-security-web-6.5.6.jar:6.5.6]
	at org.springframework.security.web.session.DisableEncodeUrlFilter.doFilterInternal(DisableEncodeUrlFilter.java:42) ~[spring-security-web-6.5.6.jar:6.5.6]
	at org.springframework.web.filter.OncePerRequestFilter.doFilter(OncePerRequestFilter.java:116) ~[spring-web-6.2.12.jar:6.2.12]
	at org.springframework.security.web.FilterChainProxy$VirtualFilterChain.doFilter(FilterChainProxy.java:374) ~[spring-security-web-6.5.6.jar:6.5.6]
	at org.springframework.security.web.FilterChainProxy.doFilterInternal(FilterChainProxy.java:233) ~[spring-security-web-6.5.6.jar:6.5.6]
	at org.springframework.security.web.FilterChainProxy.doFilter(FilterChainProxy.java:191) ~[spring-security-web-6.5.6.jar:6.5.6]
	at org.springframework.web.filter.CompositeFilter$VirtualFilterChain.doFilter(CompositeFilter.java:113) ~[spring-web-6.2.12.jar:6.2.12]
	at org.springframework.web.filter.ServletRequestPathFilter.doFilter(ServletRequestPathFilter.java:52) ~[spring-web-6.2.12.jar:6.2.12]
	at org.springframework.web.filter.CompositeFilter$VirtualFilterChain.doFilter(CompositeFilter.java:113) ~[spring-web-6.2.12.jar:6.2.12]
	at org.springframework.web.filter.CompositeFilter.doFilter(CompositeFilter.java:74) ~[spring-web-6.2.12.jar:6.2.12]
	at org.springframework.security.config.annotation.web.configuration.WebSecurityConfiguration$CompositeFilterChainProxy.doFilter(WebSecurityConfiguration.java:319) ~[spring-security-config-6.5.6.jar:6.5.6]
	at org.springframework.web.filter.CompositeFilter$VirtualFilterChain.doFilter(CompositeFilter.java:113) ~[spring-web-6.2.12.jar:6.2.12]
	at org.springframework.web.servlet.handler.HandlerMappingIntrospector.lambda$createCacheFilter$4(HandlerMappingIntrospector.java:267) ~[spring-webmvc-6.2.12.jar:6.2.12]
	at org.springframework.web.filter.CompositeFilter$VirtualFilterChain.doFilter(CompositeFilter.java:113) ~[spring-web-6.2.12.jar:6.2.12]
	at org.springframework.web.filter.CompositeFilter.doFilter(CompositeFilter.java:74) ~[spring-web-6.2.12.jar:6.2.12]
	at org.springframework.security.config.annotation.web.configuration.WebMvcSecurityConfiguration$CompositeFilterChainProxy.doFilter(WebMvcSecurityConfiguration.java:240) ~[spring-security-config-6.5.6.jar:6.5.6]
	at org.springframework.web.filter.DelegatingFilterProxy.invokeDelegate(DelegatingFilterProxy.java:362) ~[spring-web-6.2.12.jar:6.2.12]
	at org.springframework.web.filter.DelegatingFilterProxy.doFilter(DelegatingFilterProxy.java:278) ~[spring-web-6.2.12.jar:6.2.12]
	at org.apache.catalina.core.ApplicationFilterChain.internalDoFilter(ApplicationFilterChain.java:162) ~[tomcat-embed-core-10.1.48.jar:10.1.48]
	at org.apache.catalina.core.ApplicationFilterChain.doFilter(ApplicationFilterChain.java:138) ~[tomcat-embed-core-10.1.48.jar:10.1.48]
	at org.springframework.web.filter.RequestContextFilter.doFilterInternal(RequestContextFilter.java:100) ~[spring-web-6.2.12.jar:6.2.12]
	at org.springframework.web.filter.OncePerRequestFilter.doFilter(OncePerRequestFilter.java:116) ~[spring-web-6.2.12.jar:6.2.12]
	at org.apache.catalina.core.ApplicationFilterChain.internalDoFilter(ApplicationFilterChain.java:162) ~[tomcat-embed-core-10.1.48.jar:10.1.48]
	at org.apache.catalina.core.ApplicationFilterChain.doFilter(ApplicationFilterChain.java:138) ~[tomcat-embed-core-10.1.48.jar:10.1.48]
	at org.springframework.web.filter.FormContentFilter.doFilterInternal(FormContentFilter.java:93) ~[spring-web-6.2.12.jar:6.2.12]
	at org.springframework.web.filter.OncePerRequestFilter.doFilter(OncePerRequestFilter.java:116) ~[spring-web-6.2.12.jar:6.2.12]
	at org.apache.catalina.core.ApplicationFilterChain.internalDoFilter(ApplicationFilterChain.java:162) ~[tomcat-embed-core-10.1.48.jar:10.1.48]
	at org.apache.catalina.core.ApplicationFilterChain.doFilter(ApplicationFilterChain.java:138) ~[tomcat-embed-core-10.1.48.jar:10.1.48]
	at org.springframework.web.filter.CharacterEncodingFilter.doFilterInternal(CharacterEncodingFilter.java:201) ~[spring-web-6.2.12.jar:6.2.12]
	at org.springframework.web.filter.OncePerRequestFilter.doFilter(OncePerRequestFilter.java:116) ~[spring-web-6.2.12.jar:6.2.12]
	at org.apache.catalina.core.ApplicationFilterChain.internalDoFilter(ApplicationFilterChain.java:162) ~[tomcat-embed-core-10.1.48.jar:10.1.48]
	at org.apache.catalina.core.ApplicationFilterChain.doFilter(ApplicationFilterChain.java:138) ~[tomcat-embed-core-10.1.48.jar:10.1.48]
	at org.apache.catalina.core.StandardWrapperValve.invoke(StandardWrapperValve.java:165) ~[tomcat-embed-core-10.1.48.jar:10.1.48]
	at org.apache.catalina.core.StandardContextValve.invoke(StandardContextValve.java:88) ~[tomcat-embed-core-10.1.48.jar:10.1.48]
	at org.apache.catalina.authenticator.AuthenticatorBase.invoke(AuthenticatorBase.java:482) ~[tomcat-embed-core-10.1.48.jar:10.1.48]
	at org.apache.catalina.core.StandardHostValve.invoke(StandardHostValve.java:113) ~[tomcat-embed-core-10.1.48.jar:10.1.48]
	at org.apache.catalina.valves.ErrorReportValve.invoke(ErrorReportValve.java:83) ~[tomcat-embed-core-10.1.48.jar:10.1.48]
	at org.apache.catalina.core.StandardEngineValve.invoke(StandardEngineValve.java:72) ~[tomcat-embed-core-10.1.48.jar:10.1.48]
	at org.apache.catalina.connector.CoyoteAdapter.service(CoyoteAdapter.java:342) ~[tomcat-embed-core-10.1.48.jar:10.1.48]
	at org.apache.coyote.http11.Http11Processor.service(Http11Processor.java:399) ~[tomcat-embed-core-10.1.48.jar:10.1.48]
	at org.apache.coyote.AbstractProcessorLight.process(AbstractProcessorLight.java:63) ~[tomcat-embed-core-10.1.48.jar:10.1.48]
	at org.apache.coyote.AbstractProtocol$ConnectionHandler.process(AbstractProtocol.java:903) ~[tomcat-embed-core-10.1.48.jar:10.1.48]
	at org.apache.tomcat.util.net.NioEndpoint$SocketProcessor.doRun(NioEndpoint.java:1774) ~[tomcat-embed-core-10.1.48.jar:10.1.48]
	at org.apache.tomcat.util.net.SocketProcessorBase.run(SocketProcessorBase.java:52) ~[tomcat-embed-core-10.1.48.jar:10.1.48]
	at org.apache.tomcat.util.threads.ThreadPoolExecutor.runWorker(ThreadPoolExecutor.java:973) ~[tomcat-embed-core-10.1.48.jar:10.1.48]
	at org.apache.tomcat.util.threads.ThreadPoolExecutor$Worker.run(ThreadPoolExecutor.java:491) ~[tomcat-embed-core-10.1.48.jar:10.1.48]
	at org.apache.tomcat.util.threads.TaskThread$WrappingRunnable.run(TaskThread.java:63) ~[tomcat-embed-core-10.1.48.jar:10.1.48]
	at java.base/java.lang.Thread.run(Thread.java:1474) ~[na:na]
Caused by: org.postgresql.util.PSQLException: ERROR: current transaction is aborted, commands ignored until end of transaction block
	at org.postgresql.core.v3.QueryExecutorImpl.receiveErrorResponse(QueryExecutorImpl.java:2736) ~[postgresql-42.7.8.jar:42.7.8]
	at org.postgresql.core.v3.QueryExecutorImpl.processResults(QueryExecutorImpl.java:2421) ~[postgresql-42.7.8.jar:42.7.8]
	at org.postgresql.core.v3.QueryExecutorImpl.execute(QueryExecutorImpl.java:372) ~[postgresql-42.7.8.jar:42.7.8]
	at org.postgresql.jdbc.PgStatement.executeInternal(PgStatement.java:525) ~[postgresql-42.7.8.jar:42.7.8]
	at org.postgresql.jdbc.PgStatement.execute(PgStatement.java:435) ~[postgresql-42.7.8.jar:42.7.8]
	at org.postgresql.jdbc.PgPreparedStatement.executeWithFlags(PgPreparedStatement.java:196) ~[postgresql-42.7.8.jar:42.7.8]
	at org.postgresql.jdbc.PgPreparedStatement.executeQuery(PgPreparedStatement.java:139) ~[postgresql-42.7.8.jar:42.7.8]
	at com.zaxxer.hikari.pool.ProxyPreparedStatement.executeQuery(ProxyPreparedStatement.java:52) ~[HikariCP-6.3.3.jar:na]
	at com.zaxxer.hikari.pool.HikariProxyPreparedStatement.executeQuery(HikariProxyPreparedStatement.java) ~[HikariCP-6.3.3.jar:na]
	at org.hibernate.sql.results.jdbc.internal.DeferredResultSetAccess.executeQuery(DeferredResultSetAccess.java:251) ~[hibernate-core-6.6.33.Final.jar:6.6.33.Final]
	... 159 common frames omitted
Caused by: org.postgresql.util.PSQLException: ERROR: new row for relation "notifications" violates check constraint "notifications_type_check"
  Detail: Failing row contains (17, 2026-01-17 22:09:37.395285, f, Your report about a post has been resolved by admin, REPORT_REVIEWED, 6, null, null, 22).
	at org.postgresql.core.v3.QueryExecutorImpl.receiveErrorResponse(QueryExecutorImpl.java:2736) ~[postgresql-42.7.8.jar:42.7.8]
	at org.postgresql.core.v3.QueryExecutorImpl.processResults(QueryExecutorImpl.java:2421) ~[postgresql-42.7.8.jar:42.7.8]
	at org.postgresql.core.v3.QueryExecutorImpl.execute(QueryExecutorImpl.java:372) ~[postgresql-42.7.8.jar:42.7.8]
	at org.postgresql.jdbc.PgStatement.executeInternal(PgStatement.java:525) ~[postgresql-42.7.8.jar:42.7.8]
	at org.postgresql.jdbc.PgStatement.execute(PgStatement.java:435) ~[postgresql-42.7.8.jar:42.7.8]
	at org.postgresql.jdbc.PgPreparedStatement.executeWithFlags(PgPreparedStatement.java:196) ~[postgresql-42.7.8.jar:42.7.8]
	at org.postgresql.jdbc.PgPreparedStatement.executeUpdate(PgPreparedStatement.java:157) ~[postgresql-42.7.8.jar:42.7.8]
	at com.zaxxer.hikari.pool.ProxyPreparedStatement.executeUpdate(ProxyPreparedStatement.java:61) ~[HikariCP-6.3.3.jar:na]
	at com.zaxxer.hikari.pool.HikariProxyPreparedStatement.executeUpdate(HikariProxyPreparedStatement.java) ~[HikariCP-6.3.3.jar:na]
	at org.hibernate.engine.jdbc.internal.ResultSetReturnImpl.executeUpdate(ResultSetReturnImpl.java:194) ~[hibernate-core-6.6.33.Final.jar:6.6.33.Final]
	at org.hibernate.id.insert.GetGeneratedKeysDelegate.performMutation(GetGeneratedKeysDelegate.java:116) ~[hibernate-core-6.6.33.Final.jar:6.6.33.Final]
	at org.hibernate.engine.jdbc.mutation.internal.MutationExecutorSingleNonBatched.performNonBatchedOperations(MutationExecutorSingleNonBatched.java:47) ~[hibernate-core-6.6.33.Final.jar:6.6.33.Final]
	at org.hibernate.engine.jdbc.mutation.internal.AbstractMutationExecutor.execute(AbstractMutationExecutor.java:55) ~[hibernate-core-6.6.33.Final.jar:6.6.33.Final]
	at org.hibernate.persister.entity.mutation.InsertCoordinatorStandard.doStaticInserts(InsertCoordinatorStandard.java:194) ~[hibernate-core-6.6.33.Final.jar:6.6.33.Final]
	at org.hibernate.persister.entity.mutation.InsertCoordinatorStandard.coordinateInsert(InsertCoordinatorStandard.java:132) ~[hibernate-core-6.6.33.Final.jar:6.6.33.Final]
	at org.hibernate.persister.entity.mutation.InsertCoordinatorStandard.insert(InsertCoordinatorStandard.java:95) ~[hibernate-core-6.6.33.Final.jar:6.6.33.Final]
	at org.hibernate.action.internal.EntityIdentityInsertAction.execute(EntityIdentityInsertAction.java:85) ~[hibernate-core-6.6.33.Final.jar:6.6.33.Final]
	at org.hibernate.engine.spi.ActionQueue.execute(ActionQueue.java:682) ~[hibernate-core-6.6.33.Final.jar:6.6.33.Final]
	at org.hibernate.engine.spi.ActionQueue.addResolvedEntityInsertAction(ActionQueue.java:293) ~[hibernate-core-6.6.33.Final.jar:6.6.33.Final]
	at org.hibernate.engine.spi.ActionQueue.addInsertAction(ActionQueue.java:274) ~[hibernate-core-6.6.33.Final.jar:6.6.33.Final]
	at org.hibernate.engine.spi.ActionQueue.addAction(ActionQueue.java:324) ~[hibernate-core-6.6.33.Final.jar:6.6.33.Final]
	at org.hibernate.event.internal.AbstractSaveEventListener.addInsertAction(AbstractSaveEventListener.java:394) ~[hibernate-core-6.6.33.Final.jar:6.6.33.Final]
	at org.hibernate.event.internal.AbstractSaveEventListener.performSaveOrReplicate(AbstractSaveEventListener.java:308) ~[hibernate-core-6.6.33.Final.jar:6.6.33.Final]
	at org.hibernate.event.internal.AbstractSaveEventListener.performSave(AbstractSaveEventListener.java:224) ~[hibernate-core-6.6.33.Final.jar:6.6.33.Final]
	at org.hibernate.event.internal.AbstractSaveEventListener.saveWithGeneratedId(AbstractSaveEventListener.java:136) ~[hibernate-core-6.6.33.Final.jar:6.6.33.Final]
	at org.hibernate.event.internal.DefaultPersistEventListener.entityIsTransient(DefaultPersistEventListener.java:177) ~[hibernate-core-6.6.33.Final.jar:6.6.33.Final]
	at org.hibernate.event.internal.DefaultPersistEventListener.persist(DefaultPersistEventListener.java:95) ~[hibernate-core-6.6.33.Final.jar:6.6.33.Final]
	at org.hibernate.event.internal.DefaultPersistEventListener.onPersist(DefaultPersistEventListener.java:79) ~[hibernate-core-6.6.33.Final.jar:6.6.33.Final]
	at org.hibernate.event.internal.DefaultPersistEventListener.onPersist(DefaultPersistEventListener.java:55) ~[hibernate-core-6.6.33.Final.jar:6.6.33.Final]
	at org.hibernate.event.service.internal.EventListenerGroupImpl.fireEventOnEachListener(EventListenerGroupImpl.java:127) ~[hibernate-core-6.6.33.Final.jar:6.6.33.Final]
	at org.hibernate.internal.SessionImpl.firePersist(SessionImpl.java:761) ~[hibernate-core-6.6.33.Final.jar:6.6.33.Final]
	at org.hibernate.internal.SessionImpl.persist(SessionImpl.java:745) ~[hibernate-core-6.6.33.Final.jar:6.6.33.Final]
	at java.base/jdk.internal.reflect.DirectMethodHandleAccessor.invoke(DirectMethodHandleAccessor.java:104) ~[na:na]
	at java.base/java.lang.reflect.Method.invoke(Method.java:565) ~[na:na]
	at org.springframework.orm.jpa.ExtendedEntityManagerCreator$ExtendedEntityManagerInvocationHandler.invoke(ExtendedEntityManagerCreator.java:364) ~[spring-orm-6.2.12.jar:6.2.12]
	at jdk.proxy8/jdk.proxy8.$Proxy183.persist(Unknown Source) ~[na:na]
	at java.base/jdk.internal.reflect.DirectMethodHandleAccessor.invoke(DirectMethodHandleAccessor.java:104) ~[na:na]
	at java.base/java.lang.reflect.Method.invoke(Method.java:565) ~[na:na]
	at org.springframework.orm.jpa.SharedEntityManagerCreator$SharedEntityManagerInvocationHandler.invoke(SharedEntityManagerCreator.java:320) ~[spring-orm-6.2.12.jar:6.2.12]
	at jdk.proxy8/jdk.proxy8.$Proxy183.persist(Unknown Source) ~[na:na]
	at org.springframework.data.jpa.repository.support.SimpleJpaRepository.save(SimpleJpaRepository.java:654) ~[spring-data-jpa-3.5.5.jar:3.5.5]
	at java.base/jdk.internal.reflect.DirectMethodHandleAccessor.invoke(DirectMethodHandleAccessor.java:104) ~[na:na]
	at java.base/java.lang.reflect.Method.invoke(Method.java:565) ~[na:na]
	at org.springframework.aop.support.AopUtils.invokeJoinpointUsingReflection(AopUtils.java:360) ~[spring-aop-6.2.12.jar:6.2.12]
	at org.springframework.data.repository.core.support.RepositoryMethodInvoker$RepositoryFragmentMethodInvoker.lambda$new$0(RepositoryMethodInvoker.java:277) ~[spring-data-commons-3.5.5.jar:3.5.5]
	at org.springframework.data.repository.core.support.RepositoryMethodInvoker.doInvoke(RepositoryMethodInvoker.java:170) ~[spring-data-commons-3.5.5.jar:3.5.5]
	at org.springframework.data.repository.core.support.RepositoryMethodInvoker.invoke(RepositoryMethodInvoker.java:158) ~[spring-data-commons-3.5.5.jar:3.5.5]
	at org.springframework.data.repository.core.support.RepositoryComposition$RepositoryFragments.invoke(RepositoryComposition.java:515) ~[spring-data-commons-3.5.5.jar:3.5.5]
	at org.springframework.data.repository.core.support.RepositoryComposition.invoke(RepositoryComposition.java:284) ~[spring-data-commons-3.5.5.jar:3.5.5]
	at org.springframework.data.repository.core.support.RepositoryFactorySupport$ImplementationMethodExecutionInterceptor.invoke(RepositoryFactorySupport.java:734) ~[spring-data-commons-3.5.5.jar:3.5.5]
	at org.springframework.aop.framework.ReflectiveMethodInvocation.proceed(ReflectiveMethodInvocation.java:184) ~[spring-aop-6.2.12.jar:6.2.12]
	at org.springframework.data.repository.core.support.QueryExecutorMethodInterceptor.doInvoke(QueryExecutorMethodInterceptor.java:174) ~[spring-data-commons-3.5.5.jar:3.5.5]
	at org.springframework.data.repository.core.support.QueryExecutorMethodInterceptor.invoke(QueryExecutorMethodInterceptor.java:149) ~[spring-data-commons-3.5.5.jar:3.5.5]
	at org.springframework.aop.framework.ReflectiveMethodInvocation.proceed(ReflectiveMethodInvocation.java:184) ~[spring-aop-6.2.12.jar:6.2.12]
	at org.springframework.data.projection.DefaultMethodInvokingMethodInterceptor.invoke(DefaultMethodInvokingMethodInterceptor.java:69) ~[spring-data-commons-3.5.5.jar:3.5.5]
	at org.springframework.aop.framework.ReflectiveMethodInvocation.proceed(ReflectiveMethodInvocation.java:184) ~[spring-aop-6.2.12.jar:6.2.12]
	at org.springframework.transaction.interceptor.TransactionAspectSupport.invokeWithinTransaction(TransactionAspectSupport.java:380) ~[spring-tx-6.2.12.jar:6.2.12]
	at org.springframework.transaction.interceptor.TransactionInterceptor.invoke(TransactionInterceptor.java:119) ~[spring-tx-6.2.12.jar:6.2.12]
	at org.springframework.aop.framework.ReflectiveMethodInvocation.proceed(ReflectiveMethodInvocation.java:184) ~[spring-aop-6.2.12.jar:6.2.12]
	at org.springframework.dao.support.PersistenceExceptionTranslationInterceptor.invoke(PersistenceExceptionTranslationInterceptor.java:138) ~[spring-tx-6.2.12.jar:6.2.12]
	at org.springframework.aop.framework.ReflectiveMethodInvocation.proceed(ReflectiveMethodInvocation.java:184) ~[spring-aop-6.2.12.jar:6.2.12]
	at org.springframework.data.jpa.repository.support.CrudMethodMetadataPostProcessor$CrudMethodMetadataPopulatingMethodInterceptor.invoke(CrudMethodMetadataPostProcessor.java:165) ~[spring-data-jpa-3.5.5.jar:3.5.5]
	at org.springframework.aop.framework.ReflectiveMethodInvocation.proceed(ReflectiveMethodInvocation.java:184) ~[spring-aop-6.2.12.jar:6.2.12]
	at org.springframework.aop.framework.JdkDynamicAopProxy.invoke(JdkDynamicAopProxy.java:223) ~[spring-aop-6.2.12.jar:6.2.12]
	at jdk.proxy8/jdk.proxy8.$Proxy189.save(Unknown Source) ~[na:na]
	at com._Blog.mojebbari.services.NotificationService.createReportReviewedNotification(NotificationService.java:116) ~[classes/:na]
	at java.base/jdk.internal.reflect.DirectMethodHandleAccessor.invoke(DirectMethodHandleAccessor.java:104) ~[na:na]
	at java.base/java.lang.reflect.Method.invoke(Method.java:565) ~[na:na]
	at org.springframework.aop.support.AopUtils.invokeJoinpointUsingReflection(AopUtils.java:360) ~[spring-aop-6.2.12.jar:6.2.12]
	at org.springframework.aop.framework.ReflectiveMethodInvocation.invokeJoinpoint(ReflectiveMethodInvocation.java:196) ~[spring-aop-6.2.12.jar:6.2.12]
	at org.springframework.aop.framework.ReflectiveMethodInvocation.proceed(ReflectiveMethodInvocation.java:163) ~[spring-aop-6.2.12.jar:6.2.12]
	at org.springframework.transaction.interceptor.TransactionAspectSupport.invokeWithinTransaction(TransactionAspectSupport.java:380) ~[spring-tx-6.2.12.jar:6.2.12]
	at org.springframework.transaction.interceptor.TransactionInterceptor.invoke(TransactionInterceptor.java:119) ~[spring-tx-6.2.12.jar:6.2.12]
	at org.springframework.aop.framework.ReflectiveMethodInvocation.proceed(ReflectiveMethodInvocation.java:184) ~[spring-aop-6.2.12.jar:6.2.12]
	at org.springframework.aop.framework.CglibAopProxy$DynamicAdvisedInterceptor.intercept(CglibAopProxy.java:728) ~[spring-aop-6.2.12.jar:6.2.12]
	at com._Blog.mojebbari.services.NotificationService$$SpringCGLIB$$0.createReportReviewedNotification(<generated>) ~[classes/:na]
	at com._Blog.mojebbari.services.ReportService.createReportReviewedNotification(ReportService.java:210) ~[classes/:na]
	at com._Blog.mojebbari.services.ReportService.updateReportStatus(ReportService.java:195) ~[classes/:na]
	... 130 common frames omitted

2026-01-17T22:09:37.404+01:00 ERROR 52678 --- [mojebbari] [nio-8080-exec-8] c._.m.controllers.ReportController       : Error updating report status: JDBC exception executing SQL [select p1_0.id,p1_0.category,p1_0.content,p1_0.created_at,p1_0.media_url,p1_0.title,p1_0.user_id from posts p1_0 where p1_0.id=?] [ERROR: current transaction is aborted, commands ignored until end of transaction block] [n/a]
Hibernate: 
    select
        u1_0.id,
        u1_0.bio,
        u1_0.cover_image,
        u1_0.created_at,
        u1_0.email,
        u1_0.password,
        u1_0.profile_picture,
        u1_0.role,
        u1_0.username 
    from
        _user u1_0 
    where
        u1_0.email=? 
        or u1_0.username=?
2026-01-17T22:09:55.925+01:00  INFO 52678 --- [mojebbari] [io-8080-exec-10] c._.m.controllers.ReportController       : PUT /api/reports/6/status - Admin admin updating status to RESOLVED
Hibernate: 
    select
        r1_0.id,
        r1_0.admin_notes,
        r1_0.comment_id,
        r1_0.created_at,
        r1_0.description,
        r1_0.post_id,
        r1_0.reason,
        r1_0.report_type,
        r1_0.reported_user_id,
        r1_0.reporter_id,
        r1_0.reviewed_at,
        r1_0.reviewed_by_id,
        r1_0.status 
    from
        reports r1_0 
    where
        r1_0.id=?
Hibernate: 
    select
        u1_0.id,
        u1_0.bio,
        u1_0.cover_image,
        u1_0.created_at,
        u1_0.email,
        u1_0.password,
        u1_0.profile_picture,
        u1_0.role,
        u1_0.username 
    from
        _user u1_0 
    where
        u1_0.id=?
2026-01-17T22:09:55.928+01:00  INFO 52678 --- [mojebbari] [io-8080-exec-10] c._.mojebbari.services.ReportService     : Report updated: id=6, status=RESOLVED, reviewedBy=admin
Hibernate: 
    insert 
    into
        notifications
        (actor_id, comment_id, created_at, is_read, message, post_id, recipient_id, type) 
    values
        (?, ?, ?, ?, ?, ?, ?, ?)
2026-01-17T22:09:55.930+01:00  WARN 52678 --- [mojebbari] [io-8080-exec-10] o.h.engine.jdbc.spi.SqlExceptionHelper   : SQL Error: 0, SQLState: 23514
2026-01-17T22:09:55.931+01:00 ERROR 52678 --- [mojebbari] [io-8080-exec-10] o.h.engine.jdbc.spi.SqlExceptionHelper   : ERROR: new row for relation "notifications" violates check constraint "notifications_type_check"
  Detail: Failing row contains (18, 2026-01-17 22:09:55.929387, f, Your report about a post has been resolved by admin, REPORT_REVIEWED, 6, null, null, 22).
2026-01-17T22:09:55.931+01:00 ERROR 52678 --- [mojebbari] [io-8080-exec-10] c._.mojebbari.services.ReportService     : Failed to create report reviewed notification

org.springframework.dao.DataIntegrityViolationException: could not execute statement [ERROR: new row for relation "notifications" violates check constraint "notifications_type_check"
  Detail: Failing row contains (18, 2026-01-17 22:09:55.929387, f, Your report about a post has been resolved by admin, REPORT_REVIEWED, 6, null, null, 22).] [insert into notifications (actor_id,comment_id,created_at,is_read,message,post_id,recipient_id,type) values (?,?,?,?,?,?,?,?)]; SQL [insert into notifications (actor_id,comment_id,created_at,is_read,message,post_id,recipient_id,type) values (?,?,?,?,?,?,?,?)]; constraint [notifications_type_check]
	at org.springframework.orm.jpa.vendor.HibernateJpaDialect.convertHibernateAccessException(HibernateJpaDialect.java:294) ~[spring-orm-6.2.12.jar:6.2.12]
	at org.springframework.orm.jpa.vendor.HibernateJpaDialect.convertHibernateAccessException(HibernateJpaDialect.java:256) ~[spring-orm-6.2.12.jar:6.2.12]
	at org.springframework.orm.jpa.vendor.HibernateJpaDialect.translateExceptionIfPossible(HibernateJpaDialect.java:241) ~[spring-orm-6.2.12.jar:6.2.12]
	at org.springframework.orm.jpa.AbstractEntityManagerFactoryBean.translateExceptionIfPossible(AbstractEntityManagerFactoryBean.java:560) ~[spring-orm-6.2.12.jar:6.2.12]
	at org.springframework.dao.support.ChainedPersistenceExceptionTranslator.translateExceptionIfPossible(ChainedPersistenceExceptionTranslator.java:61) ~[spring-tx-6.2.12.jar:6.2.12]
	at org.springframework.dao.support.DataAccessUtils.translateIfNecessary(DataAccessUtils.java:343) ~[spring-tx-6.2.12.jar:6.2.12]
	at org.springframework.dao.support.PersistenceExceptionTranslationInterceptor.invoke(PersistenceExceptionTranslationInterceptor.java:160) ~[spring-tx-6.2.12.jar:6.2.12]
	at org.springframework.aop.framework.ReflectiveMethodInvocation.proceed(ReflectiveMethodInvocation.java:184) ~[spring-aop-6.2.12.jar:6.2.12]
	at org.springframework.data.jpa.repository.support.CrudMethodMetadataPostProcessor$CrudMethodMetadataPopulatingMethodInterceptor.invoke(CrudMethodMetadataPostProcessor.java:165) ~[spring-data-jpa-3.5.5.jar:3.5.5]
	at org.springframework.aop.framework.ReflectiveMethodInvocation.proceed(ReflectiveMethodInvocation.java:184) ~[spring-aop-6.2.12.jar:6.2.12]
	at org.springframework.aop.framework.JdkDynamicAopProxy.invoke(JdkDynamicAopProxy.java:223) ~[spring-aop-6.2.12.jar:6.2.12]
	at jdk.proxy8/jdk.proxy8.$Proxy189.save(Unknown Source) ~[na:na]
	at com._Blog.mojebbari.services.NotificationService.createReportReviewedNotification(NotificationService.java:116) ~[classes/:na]
	at java.base/jdk.internal.reflect.DirectMethodHandleAccessor.invoke(DirectMethodHandleAccessor.java:104) ~[na:na]
	at java.base/java.lang.reflect.Method.invoke(Method.java:565) ~[na:na]
	at org.springframework.aop.support.AopUtils.invokeJoinpointUsingReflection(AopUtils.java:360) ~[spring-aop-6.2.12.jar:6.2.12]
	at org.springframework.aop.framework.ReflectiveMethodInvocation.invokeJoinpoint(ReflectiveMethodInvocation.java:196) ~[spring-aop-6.2.12.jar:6.2.12]
	at org.springframework.aop.framework.ReflectiveMethodInvocation.proceed(ReflectiveMethodInvocation.java:163) ~[spring-aop-6.2.12.jar:6.2.12]
	at org.springframework.transaction.interceptor.TransactionAspectSupport.invokeWithinTransaction(TransactionAspectSupport.java:380) ~[spring-tx-6.2.12.jar:6.2.12]
	at org.springframework.transaction.interceptor.TransactionInterceptor.invoke(TransactionInterceptor.java:119) ~[spring-tx-6.2.12.jar:6.2.12]
	at org.springframework.aop.framework.ReflectiveMethodInvocation.proceed(ReflectiveMethodInvocation.java:184) ~[spring-aop-6.2.12.jar:6.2.12]
	at org.springframework.aop.framework.CglibAopProxy$DynamicAdvisedInterceptor.intercept(CglibAopProxy.java:728) ~[spring-aop-6.2.12.jar:6.2.12]
	at com._Blog.mojebbari.services.NotificationService$$SpringCGLIB$$0.createReportReviewedNotification(<generated>) ~[classes/:na]
	at com._Blog.mojebbari.services.ReportService.createReportReviewedNotification(ReportService.java:210) ~[classes/:na]
	at com._Blog.mojebbari.services.ReportService.updateReportStatus(ReportService.java:195) ~[classes/:na]
	at java.base/jdk.internal.reflect.DirectMethodHandleAccessor.invoke(DirectMethodHandleAccessor.java:104) ~[na:na]
	at java.base/java.lang.reflect.Method.invoke(Method.java:565) ~[na:na]
	at org.springframework.aop.support.AopUtils.invokeJoinpointUsingReflection(AopUtils.java:360) ~[spring-aop-6.2.12.jar:6.2.12]
	at org.springframework.aop.framework.ReflectiveMethodInvocation.invokeJoinpoint(ReflectiveMethodInvocation.java:196) ~[spring-aop-6.2.12.jar:6.2.12]
	at org.springframework.aop.framework.ReflectiveMethodInvocation.proceed(ReflectiveMethodInvocation.java:163) ~[spring-aop-6.2.12.jar:6.2.12]
	at org.springframework.transaction.interceptor.TransactionAspectSupport.invokeWithinTransaction(TransactionAspectSupport.java:380) ~[spring-tx-6.2.12.jar:6.2.12]
	at org.springframework.transaction.interceptor.TransactionInterceptor.invoke(TransactionInterceptor.java:119) ~[spring-tx-6.2.12.jar:6.2.12]
	at org.springframework.aop.framework.ReflectiveMethodInvocation.proceed(ReflectiveMethodInvocation.java:184) ~[spring-aop-6.2.12.jar:6.2.12]
	at org.springframework.aop.framework.CglibAopProxy$DynamicAdvisedInterceptor.intercept(CglibAopProxy.java:728) ~[spring-aop-6.2.12.jar:6.2.12]
	at com._Blog.mojebbari.services.ReportService$$SpringCGLIB$$0.updateReportStatus(<generated>) ~[classes/:na]
	at com._Blog.mojebbari.controllers.ReportController.updateReportStatus(ReportController.java:148) ~[classes/:na]
	at java.base/jdk.internal.reflect.DirectMethodHandleAccessor.invoke(DirectMethodHandleAccessor.java:104) ~[na:na]
	at java.base/java.lang.reflect.Method.invoke(Method.java:565) ~[na:na]
	at org.springframework.aop.support.AopUtils.invokeJoinpointUsingReflection(AopUtils.java:360) ~[spring-aop-6.2.12.jar:6.2.12]
	at org.springframework.aop.framework.ReflectiveMethodInvocation.invokeJoinpoint(ReflectiveMethodInvocation.java:196) ~[spring-aop-6.2.12.jar:6.2.12]
	at org.springframework.aop.framework.ReflectiveMethodInvocation.proceed(ReflectiveMethodInvocation.java:163) ~[spring-aop-6.2.12.jar:6.2.12]
	at org.springframework.security.authorization.method.AuthorizationManagerBeforeMethodInterceptor.proceed(AuthorizationManagerBeforeMethodInterceptor.java:268) ~[spring-security-core-6.5.6.jar:6.5.6]
	at org.springframework.security.authorization.method.AuthorizationManagerBeforeMethodInterceptor.attemptAuthorization(AuthorizationManagerBeforeMethodInterceptor.java:263) ~[spring-security-core-6.5.6.jar:6.5.6]
	at org.springframework.security.authorization.method.AuthorizationManagerBeforeMethodInterceptor.invoke(AuthorizationManagerBeforeMethodInterceptor.java:196) ~[spring-security-core-6.5.6.jar:6.5.6]
	at org.springframework.security.config.annotation.method.configuration.DeferringMethodInterceptor.invoke(DeferringMethodInterceptor.java:44) ~[spring-security-config-6.5.6.jar:6.5.6]
	at org.springframework.aop.framework.ReflectiveMethodInvocation.proceed(ReflectiveMethodInvocation.java:184) ~[spring-aop-6.2.12.jar:6.2.12]
	at org.springframework.aop.framework.CglibAopProxy$DynamicAdvisedInterceptor.intercept(CglibAopProxy.java:728) ~[spring-aop-6.2.12.jar:6.2.12]
	at com._Blog.mojebbari.controllers.ReportController$$SpringCGLIB$$0.updateReportStatus(<generated>) ~[classes/:na]
	at java.base/jdk.internal.reflect.DirectMethodHandleAccessor.invoke(DirectMethodHandleAccessor.java:104) ~[na:na]
	at java.base/java.lang.reflect.Method.invoke(Method.java:565) ~[na:na]
	at org.springframework.web.method.support.InvocableHandlerMethod.doInvoke(InvocableHandlerMethod.java:258) ~[spring-web-6.2.12.jar:6.2.12]
	at org.springframework.web.method.support.InvocableHandlerMethod.invokeForRequest(InvocableHandlerMethod.java:191) ~[spring-web-6.2.12.jar:6.2.12]
	at org.springframework.web.servlet.mvc.method.annotation.ServletInvocableHandlerMethod.invokeAndHandle(ServletInvocableHandlerMethod.java:118) ~[spring-webmvc-6.2.12.jar:6.2.12]
	at org.springframework.web.servlet.mvc.method.annotation.RequestMappingHandlerAdapter.invokeHandlerMethod(RequestMappingHandlerAdapter.java:991) ~[spring-webmvc-6.2.12.jar:6.2.12]
	at org.springframework.web.servlet.mvc.method.annotation.RequestMappingHandlerAdapter.handleInternal(RequestMappingHandlerAdapter.java:896) ~[spring-webmvc-6.2.12.jar:6.2.12]
	at org.springframework.web.servlet.mvc.method.AbstractHandlerMethodAdapter.handle(AbstractHandlerMethodAdapter.java:87) ~[spring-webmvc-6.2.12.jar:6.2.12]
	at org.springframework.web.servlet.DispatcherServlet.doDispatch(DispatcherServlet.java:1089) ~[spring-webmvc-6.2.12.jar:6.2.12]
	at org.springframework.web.servlet.DispatcherServlet.doService(DispatcherServlet.java:979) ~[spring-webmvc-6.2.12.jar:6.2.12]
	at org.springframework.web.servlet.FrameworkServlet.processRequest(FrameworkServlet.java:1014) ~[spring-webmvc-6.2.12.jar:6.2.12]
	at org.springframework.web.servlet.FrameworkServlet.doPut(FrameworkServlet.java:925) ~[spring-webmvc-6.2.12.jar:6.2.12]
	at jakarta.servlet.http.HttpServlet.service(HttpServlet.java:593) ~[tomcat-embed-core-10.1.48.jar:6.0]
	at org.springframework.web.servlet.FrameworkServlet.service(FrameworkServlet.java:885) ~[spring-webmvc-6.2.12.jar:6.2.12]
	at jakarta.servlet.http.HttpServlet.service(HttpServlet.java:658) ~[tomcat-embed-core-10.1.48.jar:6.0]
	at org.apache.catalina.core.ApplicationFilterChain.internalDoFilter(ApplicationFilterChain.java:193) ~[tomcat-embed-core-10.1.48.jar:10.1.48]
	at org.apache.catalina.core.ApplicationFilterChain.doFilter(ApplicationFilterChain.java:138) ~[tomcat-embed-core-10.1.48.jar:10.1.48]
	at org.apache.tomcat.websocket.server.WsFilter.doFilter(WsFilter.java:51) ~[tomcat-embed-websocket-10.1.48.jar:10.1.48]
	at org.apache.catalina.core.ApplicationFilterChain.internalDoFilter(ApplicationFilterChain.java:162) ~[tomcat-embed-core-10.1.48.jar:10.1.48]
	at org.apache.catalina.core.ApplicationFilterChain.doFilter(ApplicationFilterChain.java:138) ~[tomcat-embed-core-10.1.48.jar:10.1.48]
	at org.springframework.web.filter.OncePerRequestFilter.doFilter(OncePerRequestFilter.java:110) ~[spring-web-6.2.12.jar:6.2.12]
	at org.apache.catalina.core.ApplicationFilterChain.internalDoFilter(ApplicationFilterChain.java:162) ~[tomcat-embed-core-10.1.48.jar:10.1.48]
	at org.apache.catalina.core.ApplicationFilterChain.doFilter(ApplicationFilterChain.java:138) ~[tomcat-embed-core-10.1.48.jar:10.1.48]
	at org.springframework.web.filter.CompositeFilter$VirtualFilterChain.doFilter(CompositeFilter.java:108) ~[spring-web-6.2.12.jar:6.2.12]
	at org.springframework.web.filter.CompositeFilter$VirtualFilterChain.doFilter(CompositeFilter.java:108) ~[spring-web-6.2.12.jar:6.2.12]
	at org.springframework.security.web.FilterChainProxy.lambda$doFilterInternal$3(FilterChainProxy.java:231) ~[spring-security-web-6.5.6.jar:6.5.6]
	at org.springframework.security.web.FilterChainProxy$VirtualFilterChain.doFilter(FilterChainProxy.java:365) ~[spring-security-web-6.5.6.jar:6.5.6]
	at org.springframework.security.web.access.intercept.AuthorizationFilter.doFilter(AuthorizationFilter.java:101) ~[spring-security-web-6.5.6.jar:6.5.6]
	at org.springframework.security.web.FilterChainProxy$VirtualFilterChain.doFilter(FilterChainProxy.java:374) ~[spring-security-web-6.5.6.jar:6.5.6]
	at org.springframework.security.web.access.ExceptionTranslationFilter.doFilter(ExceptionTranslationFilter.java:125) ~[spring-security-web-6.5.6.jar:6.5.6]
	at org.springframework.security.web.access.ExceptionTranslationFilter.doFilter(ExceptionTranslationFilter.java:119) ~[spring-security-web-6.5.6.jar:6.5.6]
	at org.springframework.security.web.FilterChainProxy$VirtualFilterChain.doFilter(FilterChainProxy.java:374) ~[spring-security-web-6.5.6.jar:6.5.6]
	at org.springframework.security.web.session.SessionManagementFilter.doFilter(SessionManagementFilter.java:131) ~[spring-security-web-6.5.6.jar:6.5.6]
	at org.springframework.security.web.session.SessionManagementFilter.doFilter(SessionManagementFilter.java:85) ~[spring-security-web-6.5.6.jar:6.5.6]
	at org.springframework.security.web.FilterChainProxy$VirtualFilterChain.doFilter(FilterChainProxy.java:374) ~[spring-security-web-6.5.6.jar:6.5.6]
	at org.springframework.security.web.authentication.AnonymousAuthenticationFilter.doFilter(AnonymousAuthenticationFilter.java:100) ~[spring-security-web-6.5.6.jar:6.5.6]
	at org.springframework.security.web.FilterChainProxy$VirtualFilterChain.doFilter(FilterChainProxy.java:374) ~[spring-security-web-6.5.6.jar:6.5.6]
	at org.springframework.security.web.servletapi.SecurityContextHolderAwareRequestFilter.doFilter(SecurityContextHolderAwareRequestFilter.java:179) ~[spring-security-web-6.5.6.jar:6.5.6]
	at org.springframework.security.web.FilterChainProxy$VirtualFilterChain.doFilter(FilterChainProxy.java:374) ~[spring-security-web-6.5.6.jar:6.5.6]
	at org.springframework.security.web.savedrequest.RequestCacheAwareFilter.doFilter(RequestCacheAwareFilter.java:63) ~[spring-security-web-6.5.6.jar:6.5.6]
	at org.springframework.security.web.FilterChainProxy$VirtualFilterChain.doFilter(FilterChainProxy.java:374) ~[spring-security-web-6.5.6.jar:6.5.6]
	at com._Blog.mojebbari.config.JwtAuthenticationFilter.doFilterInternal(JwtAuthenticationFilter.java:79) ~[classes/:na]
	at org.springframework.web.filter.OncePerRequestFilter.doFilter(OncePerRequestFilter.java:116) ~[spring-web-6.2.12.jar:6.2.12]
	at org.springframework.security.web.FilterChainProxy$VirtualFilterChain.doFilter(FilterChainProxy.java:374) ~[spring-security-web-6.5.6.jar:6.5.6]
	at org.springframework.security.web.authentication.logout.LogoutFilter.doFilter(LogoutFilter.java:107) ~[spring-security-web-6.5.6.jar:6.5.6]
	at org.springframework.security.web.authentication.logout.LogoutFilter.doFilter(LogoutFilter.java:93) ~[spring-security-web-6.5.6.jar:6.5.6]
	at org.springframework.security.web.FilterChainProxy$VirtualFilterChain.doFilter(FilterChainProxy.java:374) ~[spring-security-web-6.5.6.jar:6.5.6]
	at org.springframework.web.filter.CorsFilter.doFilterInternal(CorsFilter.java:91) ~[spring-web-6.2.12.jar:6.2.12]
	at org.springframework.web.filter.OncePerRequestFilter.doFilter(OncePerRequestFilter.java:116) ~[spring-web-6.2.12.jar:6.2.12]
	at org.springframework.security.web.FilterChainProxy$VirtualFilterChain.doFilter(FilterChainProxy.java:374) ~[spring-security-web-6.5.6.jar:6.5.6]
	at org.springframework.security.web.header.HeaderWriterFilter.doHeadersAfter(HeaderWriterFilter.java:90) ~[spring-security-web-6.5.6.jar:6.5.6]
	at org.springframework.security.web.header.HeaderWriterFilter.doFilterInternal(HeaderWriterFilter.java:75) ~[spring-security-web-6.5.6.jar:6.5.6]
	at org.springframework.web.filter.OncePerRequestFilter.doFilter(OncePerRequestFilter.java:116) ~[spring-web-6.2.12.jar:6.2.12]
	at org.springframework.security.web.FilterChainProxy$VirtualFilterChain.doFilter(FilterChainProxy.java:374) ~[spring-security-web-6.5.6.jar:6.5.6]
	at org.springframework.security.web.context.SecurityContextHolderFilter.doFilter(SecurityContextHolderFilter.java:82) ~[spring-security-web-6.5.6.jar:6.5.6]
	at org.springframework.security.web.context.SecurityContextHolderFilter.doFilter(SecurityContextHolderFilter.java:69) ~[spring-security-web-6.5.6.jar:6.5.6]
	at org.springframework.security.web.FilterChainProxy$VirtualFilterChain.doFilter(FilterChainProxy.java:374) ~[spring-security-web-6.5.6.jar:6.5.6]
	at org.springframework.security.web.context.request.async.WebAsyncManagerIntegrationFilter.doFilterInternal(WebAsyncManagerIntegrationFilter.java:62) ~[spring-security-web-6.5.6.jar:6.5.6]
	at org.springframework.web.filter.OncePerRequestFilter.doFilter(OncePerRequestFilter.java:116) ~[spring-web-6.2.12.jar:6.2.12]
	at org.springframework.security.web.FilterChainProxy$VirtualFilterChain.doFilter(FilterChainProxy.java:374) ~[spring-security-web-6.5.6.jar:6.5.6]
	at org.springframework.security.web.session.DisableEncodeUrlFilter.doFilterInternal(DisableEncodeUrlFilter.java:42) ~[spring-security-web-6.5.6.jar:6.5.6]
	at org.springframework.web.filter.OncePerRequestFilter.doFilter(OncePerRequestFilter.java:116) ~[spring-web-6.2.12.jar:6.2.12]
	at org.springframework.security.web.FilterChainProxy$VirtualFilterChain.doFilter(FilterChainProxy.java:374) ~[spring-security-web-6.5.6.jar:6.5.6]
	at org.springframework.security.web.FilterChainProxy.doFilterInternal(FilterChainProxy.java:233) ~[spring-security-web-6.5.6.jar:6.5.6]
	at org.springframework.security.web.FilterChainProxy.doFilter(FilterChainProxy.java:191) ~[spring-security-web-6.5.6.jar:6.5.6]
	at org.springframework.web.filter.CompositeFilter$VirtualFilterChain.doFilter(CompositeFilter.java:113) ~[spring-web-6.2.12.jar:6.2.12]
	at org.springframework.web.filter.ServletRequestPathFilter.doFilter(ServletRequestPathFilter.java:52) ~[spring-web-6.2.12.jar:6.2.12]
	at org.springframework.web.filter.CompositeFilter$VirtualFilterChain.doFilter(CompositeFilter.java:113) ~[spring-web-6.2.12.jar:6.2.12]
	at org.springframework.web.filter.CompositeFilter.doFilter(CompositeFilter.java:74) ~[spring-web-6.2.12.jar:6.2.12]
	at org.springframework.security.config.annotation.web.configuration.WebSecurityConfiguration$CompositeFilterChainProxy.doFilter(WebSecurityConfiguration.java:319) ~[spring-security-config-6.5.6.jar:6.5.6]
	at org.springframework.web.filter.CompositeFilter$VirtualFilterChain.doFilter(CompositeFilter.java:113) ~[spring-web-6.2.12.jar:6.2.12]
	at org.springframework.web.servlet.handler.HandlerMappingIntrospector.lambda$createCacheFilter$4(HandlerMappingIntrospector.java:267) ~[spring-webmvc-6.2.12.jar:6.2.12]
	at org.springframework.web.filter.CompositeFilter$VirtualFilterChain.doFilter(CompositeFilter.java:113) ~[spring-web-6.2.12.jar:6.2.12]
	at org.springframework.web.filter.CompositeFilter.doFilter(CompositeFilter.java:74) ~[spring-web-6.2.12.jar:6.2.12]
	at org.springframework.security.config.annotation.web.configuration.WebMvcSecurityConfiguration$CompositeFilterChainProxy.doFilter(WebMvcSecurityConfiguration.java:240) ~[spring-security-config-6.5.6.jar:6.5.6]
	at org.springframework.web.filter.DelegatingFilterProxy.invokeDelegate(DelegatingFilterProxy.java:362) ~[spring-web-6.2.12.jar:6.2.12]
	at org.springframework.web.filter.DelegatingFilterProxy.doFilter(DelegatingFilterProxy.java:278) ~[spring-web-6.2.12.jar:6.2.12]
	at org.apache.catalina.core.ApplicationFilterChain.internalDoFilter(ApplicationFilterChain.java:162) ~[tomcat-embed-core-10.1.48.jar:10.1.48]
	at org.apache.catalina.core.ApplicationFilterChain.doFilter(ApplicationFilterChain.java:138) ~[tomcat-embed-core-10.1.48.jar:10.1.48]
	at org.springframework.web.filter.RequestContextFilter.doFilterInternal(RequestContextFilter.java:100) ~[spring-web-6.2.12.jar:6.2.12]
	at org.springframework.web.filter.OncePerRequestFilter.doFilter(OncePerRequestFilter.java:116) ~[spring-web-6.2.12.jar:6.2.12]
	at org.apache.catalina.core.ApplicationFilterChain.internalDoFilter(ApplicationFilterChain.java:162) ~[tomcat-embed-core-10.1.48.jar:10.1.48]
	at org.apache.catalina.core.ApplicationFilterChain.doFilter(ApplicationFilterChain.java:138) ~[tomcat-embed-core-10.1.48.jar:10.1.48]
	at org.springframework.web.filter.FormContentFilter.doFilterInternal(FormContentFilter.java:93) ~[spring-web-6.2.12.jar:6.2.12]
	at org.springframework.web.filter.OncePerRequestFilter.doFilter(OncePerRequestFilter.java:116) ~[spring-web-6.2.12.jar:6.2.12]
	at org.apache.catalina.core.ApplicationFilterChain.internalDoFilter(ApplicationFilterChain.java:162) ~[tomcat-embed-core-10.1.48.jar:10.1.48]
	at org.apache.catalina.core.ApplicationFilterChain.doFilter(ApplicationFilterChain.java:138) ~[tomcat-embed-core-10.1.48.jar:10.1.48]
	at org.springframework.web.filter.CharacterEncodingFilter.doFilterInternal(CharacterEncodingFilter.java:201) ~[spring-web-6.2.12.jar:6.2.12]
	at org.springframework.web.filter.OncePerRequestFilter.doFilter(OncePerRequestFilter.java:116) ~[spring-web-6.2.12.jar:6.2.12]
	at org.apache.catalina.core.ApplicationFilterChain.internalDoFilter(ApplicationFilterChain.java:162) ~[tomcat-embed-core-10.1.48.jar:10.1.48]
	at org.apache.catalina.core.ApplicationFilterChain.doFilter(ApplicationFilterChain.java:138) ~[tomcat-embed-core-10.1.48.jar:10.1.48]
	at org.apache.catalina.core.StandardWrapperValve.invoke(StandardWrapperValve.java:165) ~[tomcat-embed-core-10.1.48.jar:10.1.48]
	at org.apache.catalina.core.StandardContextValve.invoke(StandardContextValve.java:88) ~[tomcat-embed-core-10.1.48.jar:10.1.48]
	at org.apache.catalina.authenticator.AuthenticatorBase.invoke(AuthenticatorBase.java:482) ~[tomcat-embed-core-10.1.48.jar:10.1.48]
	at org.apache.catalina.core.StandardHostValve.invoke(StandardHostValve.java:113) ~[tomcat-embed-core-10.1.48.jar:10.1.48]
	at org.apache.catalina.valves.ErrorReportValve.invoke(ErrorReportValve.java:83) ~[tomcat-embed-core-10.1.48.jar:10.1.48]
	at org.apache.catalina.core.StandardEngineValve.invoke(StandardEngineValve.java:72) ~[tomcat-embed-core-10.1.48.jar:10.1.48]
	at org.apache.catalina.connector.CoyoteAdapter.service(CoyoteAdapter.java:342) ~[tomcat-embed-core-10.1.48.jar:10.1.48]
	at org.apache.coyote.http11.Http11Processor.service(Http11Processor.java:399) ~[tomcat-embed-core-10.1.48.jar:10.1.48]
	at org.apache.coyote.AbstractProcessorLight.process(AbstractProcessorLight.java:63) ~[tomcat-embed-core-10.1.48.jar:10.1.48]
	at org.apache.coyote.AbstractProtocol$ConnectionHandler.process(AbstractProtocol.java:903) ~[tomcat-embed-core-10.1.48.jar:10.1.48]
	at org.apache.tomcat.util.net.NioEndpoint$SocketProcessor.doRun(NioEndpoint.java:1774) ~[tomcat-embed-core-10.1.48.jar:10.1.48]
	at org.apache.tomcat.util.net.SocketProcessorBase.run(SocketProcessorBase.java:52) ~[tomcat-embed-core-10.1.48.jar:10.1.48]
	at org.apache.tomcat.util.threads.ThreadPoolExecutor.runWorker(ThreadPoolExecutor.java:973) ~[tomcat-embed-core-10.1.48.jar:10.1.48]
	at org.apache.tomcat.util.threads.ThreadPoolExecutor$Worker.run(ThreadPoolExecutor.java:491) ~[tomcat-embed-core-10.1.48.jar:10.1.48]
	at org.apache.tomcat.util.threads.TaskThread$WrappingRunnable.run(TaskThread.java:63) ~[tomcat-embed-core-10.1.48.jar:10.1.48]
	at java.base/java.lang.Thread.run(Thread.java:1474) ~[na:na]
Caused by: org.hibernate.exception.ConstraintViolationException: could not execute statement [ERROR: new row for relation "notifications" violates check constraint "notifications_type_check"
  Detail: Failing row contains (18, 2026-01-17 22:09:55.929387, f, Your report about a post has been resolved by admin, REPORT_REVIEWED, 6, null, null, 22).] [insert into notifications (actor_id,comment_id,created_at,is_read,message,post_id,recipient_id,type) values (?,?,?,?,?,?,?,?)]
	at org.hibernate.exception.internal.SQLStateConversionDelegate.convert(SQLStateConversionDelegate.java:97) ~[hibernate-core-6.6.33.Final.jar:6.6.33.Final]
	at org.hibernate.exception.internal.StandardSQLExceptionConverter.convert(StandardSQLExceptionConverter.java:58) ~[hibernate-core-6.6.33.Final.jar:6.6.33.Final]
	at org.hibernate.engine.jdbc.spi.SqlExceptionHelper.convert(SqlExceptionHelper.java:108) ~[hibernate-core-6.6.33.Final.jar:6.6.33.Final]
	at org.hibernate.engine.jdbc.internal.ResultSetReturnImpl.executeUpdate(ResultSetReturnImpl.java:197) ~[hibernate-core-6.6.33.Final.jar:6.6.33.Final]
	at org.hibernate.id.insert.GetGeneratedKeysDelegate.performMutation(GetGeneratedKeysDelegate.java:116) ~[hibernate-core-6.6.33.Final.jar:6.6.33.Final]
	at org.hibernate.engine.jdbc.mutation.internal.MutationExecutorSingleNonBatched.performNonBatchedOperations(MutationExecutorSingleNonBatched.java:47) ~[hibernate-core-6.6.33.Final.jar:6.6.33.Final]
	at org.hibernate.engine.jdbc.mutation.internal.AbstractMutationExecutor.execute(AbstractMutationExecutor.java:55) ~[hibernate-core-6.6.33.Final.jar:6.6.33.Final]
	at org.hibernate.persister.entity.mutation.InsertCoordinatorStandard.doStaticInserts(InsertCoordinatorStandard.java:194) ~[hibernate-core-6.6.33.Final.jar:6.6.33.Final]
	at org.hibernate.persister.entity.mutation.InsertCoordinatorStandard.coordinateInsert(InsertCoordinatorStandard.java:132) ~[hibernate-core-6.6.33.Final.jar:6.6.33.Final]
	at org.hibernate.persister.entity.mutation.InsertCoordinatorStandard.insert(InsertCoordinatorStandard.java:95) ~[hibernate-core-6.6.33.Final.jar:6.6.33.Final]
	at org.hibernate.action.internal.EntityIdentityInsertAction.execute(EntityIdentityInsertAction.java:85) ~[hibernate-core-6.6.33.Final.jar:6.6.33.Final]
	at org.hibernate.engine.spi.ActionQueue.execute(ActionQueue.java:682) ~[hibernate-core-6.6.33.Final.jar:6.6.33.Final]
	at org.hibernate.engine.spi.ActionQueue.addResolvedEntityInsertAction(ActionQueue.java:293) ~[hibernate-core-6.6.33.Final.jar:6.6.33.Final]
	at org.hibernate.engine.spi.ActionQueue.addInsertAction(ActionQueue.java:274) ~[hibernate-core-6.6.33.Final.jar:6.6.33.Final]
	at org.hibernate.engine.spi.ActionQueue.addAction(ActionQueue.java:324) ~[hibernate-core-6.6.33.Final.jar:6.6.33.Final]
	at org.hibernate.event.internal.AbstractSaveEventListener.addInsertAction(AbstractSaveEventListener.java:394) ~[hibernate-core-6.6.33.Final.jar:6.6.33.Final]
	at org.hibernate.event.internal.AbstractSaveEventListener.performSaveOrReplicate(AbstractSaveEventListener.java:308) ~[hibernate-core-6.6.33.Final.jar:6.6.33.Final]
	at org.hibernate.event.internal.AbstractSaveEventListener.performSave(AbstractSaveEventListener.java:224) ~[hibernate-core-6.6.33.Final.jar:6.6.33.Final]
	at org.hibernate.event.internal.AbstractSaveEventListener.saveWithGeneratedId(AbstractSaveEventListener.java:136) ~[hibernate-core-6.6.33.Final.jar:6.6.33.Final]
	at org.hibernate.event.internal.DefaultPersistEventListener.entityIsTransient(DefaultPersistEventListener.java:177) ~[hibernate-core-6.6.33.Final.jar:6.6.33.Final]
	at org.hibernate.event.internal.DefaultPersistEventListener.persist(DefaultPersistEventListener.java:95) ~[hibernate-core-6.6.33.Final.jar:6.6.33.Final]
	at org.hibernate.event.internal.DefaultPersistEventListener.onPersist(DefaultPersistEventListener.java:79) ~[hibernate-core-6.6.33.Final.jar:6.6.33.Final]
	at org.hibernate.event.internal.DefaultPersistEventListener.onPersist(DefaultPersistEventListener.java:55) ~[hibernate-core-6.6.33.Final.jar:6.6.33.Final]
	at org.hibernate.event.service.internal.EventListenerGroupImpl.fireEventOnEachListener(EventListenerGroupImpl.java:127) ~[hibernate-core-6.6.33.Final.jar:6.6.33.Final]
	at org.hibernate.internal.SessionImpl.firePersist(SessionImpl.java:761) ~[hibernate-core-6.6.33.Final.jar:6.6.33.Final]
	at org.hibernate.internal.SessionImpl.persist(SessionImpl.java:745) ~[hibernate-core-6.6.33.Final.jar:6.6.33.Final]
	at java.base/jdk.internal.reflect.DirectMethodHandleAccessor.invoke(DirectMethodHandleAccessor.java:104) ~[na:na]
	at java.base/java.lang.reflect.Method.invoke(Method.java:565) ~[na:na]
	at org.springframework.orm.jpa.ExtendedEntityManagerCreator$ExtendedEntityManagerInvocationHandler.invoke(ExtendedEntityManagerCreator.java:364) ~[spring-orm-6.2.12.jar:6.2.12]
	at jdk.proxy8/jdk.proxy8.$Proxy183.persist(Unknown Source) ~[na:na]
	at java.base/jdk.internal.reflect.DirectMethodHandleAccessor.invoke(DirectMethodHandleAccessor.java:104) ~[na:na]
	at java.base/java.lang.reflect.Method.invoke(Method.java:565) ~[na:na]
	at org.springframework.orm.jpa.SharedEntityManagerCreator$SharedEntityManagerInvocationHandler.invoke(SharedEntityManagerCreator.java:320) ~[spring-orm-6.2.12.jar:6.2.12]
	at jdk.proxy8/jdk.proxy8.$Proxy183.persist(Unknown Source) ~[na:na]
	at org.springframework.data.jpa.repository.support.SimpleJpaRepository.save(SimpleJpaRepository.java:654) ~[spring-data-jpa-3.5.5.jar:3.5.5]
	at java.base/jdk.internal.reflect.DirectMethodHandleAccessor.invoke(DirectMethodHandleAccessor.java:104) ~[na:na]
	at java.base/java.lang.reflect.Method.invoke(Method.java:565) ~[na:na]
	at org.springframework.aop.support.AopUtils.invokeJoinpointUsingReflection(AopUtils.java:360) ~[spring-aop-6.2.12.jar:6.2.12]
	at org.springframework.data.repository.core.support.RepositoryMethodInvoker$RepositoryFragmentMethodInvoker.lambda$new$0(RepositoryMethodInvoker.java:277) ~[spring-data-commons-3.5.5.jar:3.5.5]
	at org.springframework.data.repository.core.support.RepositoryMethodInvoker.doInvoke(RepositoryMethodInvoker.java:170) ~[spring-data-commons-3.5.5.jar:3.5.5]
	at org.springframework.data.repository.core.support.RepositoryMethodInvoker.invoke(RepositoryMethodInvoker.java:158) ~[spring-data-commons-3.5.5.jar:3.5.5]
	at org.springframework.data.repository.core.support.RepositoryComposition$RepositoryFragments.invoke(RepositoryComposition.java:515) ~[spring-data-commons-3.5.5.jar:3.5.5]
	at org.springframework.data.repository.core.support.RepositoryComposition.invoke(RepositoryComposition.java:284) ~[spring-data-commons-3.5.5.jar:3.5.5]
	at org.springframework.data.repository.core.support.RepositoryFactorySupport$ImplementationMethodExecutionInterceptor.invoke(RepositoryFactorySupport.java:734) ~[spring-data-commons-3.5.5.jar:3.5.5]
	at org.springframework.aop.framework.ReflectiveMethodInvocation.proceed(ReflectiveMethodInvocation.java:184) ~[spring-aop-6.2.12.jar:6.2.12]
	at org.springframework.data.repository.core.support.QueryExecutorMethodInterceptor.doInvoke(QueryExecutorMethodInterceptor.java:174) ~[spring-data-commons-3.5.5.jar:3.5.5]
	at org.springframework.data.repository.core.support.QueryExecutorMethodInterceptor.invoke(QueryExecutorMethodInterceptor.java:149) ~[spring-data-commons-3.5.5.jar:3.5.5]
	at org.springframework.aop.framework.ReflectiveMethodInvocation.proceed(ReflectiveMethodInvocation.java:184) ~[spring-aop-6.2.12.jar:6.2.12]
	at org.springframework.data.projection.DefaultMethodInvokingMethodInterceptor.invoke(DefaultMethodInvokingMethodInterceptor.java:69) ~[spring-data-commons-3.5.5.jar:3.5.5]
	at org.springframework.aop.framework.ReflectiveMethodInvocation.proceed(ReflectiveMethodInvocation.java:184) ~[spring-aop-6.2.12.jar:6.2.12]
	at org.springframework.transaction.interceptor.TransactionAspectSupport.invokeWithinTransaction(TransactionAspectSupport.java:380) ~[spring-tx-6.2.12.jar:6.2.12]
	at org.springframework.transaction.interceptor.TransactionInterceptor.invoke(TransactionInterceptor.java:119) ~[spring-tx-6.2.12.jar:6.2.12]
	at org.springframework.aop.framework.ReflectiveMethodInvocation.proceed(ReflectiveMethodInvocation.java:184) ~[spring-aop-6.2.12.jar:6.2.12]
	at org.springframework.dao.support.PersistenceExceptionTranslationInterceptor.invoke(PersistenceExceptionTranslationInterceptor.java:138) ~[spring-tx-6.2.12.jar:6.2.12]
	... 148 common frames omitted
Caused by: org.postgresql.util.PSQLException: ERROR: new row for relation "notifications" violates check constraint "notifications_type_check"
  Detail: Failing row contains (18, 2026-01-17 22:09:55.929387, f, Your report about a post has been resolved by admin, REPORT_REVIEWED, 6, null, null, 22).
	at org.postgresql.core.v3.QueryExecutorImpl.receiveErrorResponse(QueryExecutorImpl.java:2736) ~[postgresql-42.7.8.jar:42.7.8]
	at org.postgresql.core.v3.QueryExecutorImpl.processResults(QueryExecutorImpl.java:2421) ~[postgresql-42.7.8.jar:42.7.8]
	at org.postgresql.core.v3.QueryExecutorImpl.execute(QueryExecutorImpl.java:372) ~[postgresql-42.7.8.jar:42.7.8]
	at org.postgresql.jdbc.PgStatement.executeInternal(PgStatement.java:525) ~[postgresql-42.7.8.jar:42.7.8]
	at org.postgresql.jdbc.PgStatement.execute(PgStatement.java:435) ~[postgresql-42.7.8.jar:42.7.8]
	at org.postgresql.jdbc.PgPreparedStatement.executeWithFlags(PgPreparedStatement.java:196) ~[postgresql-42.7.8.jar:42.7.8]
	at org.postgresql.jdbc.PgPreparedStatement.executeUpdate(PgPreparedStatement.java:157) ~[postgresql-42.7.8.jar:42.7.8]
	at com.zaxxer.hikari.pool.ProxyPreparedStatement.executeUpdate(ProxyPreparedStatement.java:61) ~[HikariCP-6.3.3.jar:na]
	at com.zaxxer.hikari.pool.HikariProxyPreparedStatement.executeUpdate(HikariProxyPreparedStatement.java) ~[HikariCP-6.3.3.jar:na]
	at org.hibernate.engine.jdbc.internal.ResultSetReturnImpl.executeUpdate(ResultSetReturnImpl.java:194) ~[hibernate-core-6.6.33.Final.jar:6.6.33.Final]
	... 198 common frames omitted

Hibernate: 
    select
        p1_0.id,
        p1_0.category,
        p1_0.content,
        p1_0.created_at,
        p1_0.media_url,
        p1_0.title,
        p1_0.user_id 
    from
        posts p1_0 
    where
        p1_0.id=?
2026-01-17T22:09:55.934+01:00  WARN 52678 --- [mojebbari] [io-8080-exec-10] o.h.engine.jdbc.spi.SqlExceptionHelper   : SQL Error: 0, SQLState: 25P02
2026-01-17T22:09:55.934+01:00 ERROR 52678 --- [mojebbari] [io-8080-exec-10] o.h.engine.jdbc.spi.SqlExceptionHelper   : ERROR: current transaction is aborted, commands ignored until end of transaction block
2026-01-17T22:09:55.934+01:00  INFO 52678 --- [mojebbari] [io-8080-exec-10] o.h.e.internal.DefaultLoadEventListener  : HHH000327: Error performing load command

org.hibernate.exception.GenericJDBCException: JDBC exception executing SQL [select p1_0.id,p1_0.category,p1_0.content,p1_0.created_at,p1_0.media_url,p1_0.title,p1_0.user_id from posts p1_0 where p1_0.id=?] [ERROR: current transaction is aborted, commands ignored until end of transaction block] [n/a]
	at org.hibernate.exception.internal.StandardSQLExceptionConverter.convert(StandardSQLExceptionConverter.java:63) ~[hibernate-core-6.6.33.Final.jar:6.6.33.Final]
	at org.hibernate.engine.jdbc.spi.SqlExceptionHelper.convert(SqlExceptionHelper.java:108) ~[hibernate-core-6.6.33.Final.jar:6.6.33.Final]
	at org.hibernate.engine.jdbc.spi.SqlExceptionHelper.convert(SqlExceptionHelper.java:94) ~[hibernate-core-6.6.33.Final.jar:6.6.33.Final]
	at org.hibernate.sql.results.jdbc.internal.DeferredResultSetAccess.executeQuery(DeferredResultSetAccess.java:269) ~[hibernate-core-6.6.33.Final.jar:6.6.33.Final]
	at org.hibernate.sql.results.jdbc.internal.DeferredResultSetAccess.getResultSet(DeferredResultSetAccess.java:172) ~[hibernate-core-6.6.33.Final.jar:6.6.33.Final]
	at org.hibernate.sql.results.jdbc.internal.JdbcValuesResultSetImpl.<init>(JdbcValuesResultSetImpl.java:74) ~[hibernate-core-6.6.33.Final.jar:6.6.33.Final]
	at org.hibernate.sql.exec.internal.JdbcSelectExecutorStandardImpl.resolveJdbcValuesSource(JdbcSelectExecutorStandardImpl.java:355) ~[hibernate-core-6.6.33.Final.jar:6.6.33.Final]
	at org.hibernate.sql.exec.internal.JdbcSelectExecutorStandardImpl.doExecuteQuery(JdbcSelectExecutorStandardImpl.java:137) ~[hibernate-core-6.6.33.Final.jar:6.6.33.Final]
	at org.hibernate.sql.exec.internal.JdbcSelectExecutorStandardImpl.executeQuery(JdbcSelectExecutorStandardImpl.java:102) ~[hibernate-core-6.6.33.Final.jar:6.6.33.Final]
	at org.hibernate.sql.exec.spi.JdbcSelectExecutor.executeQuery(JdbcSelectExecutor.java:91) ~[hibernate-core-6.6.33.Final.jar:6.6.33.Final]
	at org.hibernate.sql.exec.spi.JdbcSelectExecutor.list(JdbcSelectExecutor.java:165) ~[hibernate-core-6.6.33.Final.jar:6.6.33.Final]
	at org.hibernate.loader.ast.internal.SingleIdLoadPlan.load(SingleIdLoadPlan.java:145) ~[hibernate-core-6.6.33.Final.jar:6.6.33.Final]
	at org.hibernate.loader.ast.internal.SingleIdLoadPlan.load(SingleIdLoadPlan.java:117) ~[hibernate-core-6.6.33.Final.jar:6.6.33.Final]
	at org.hibernate.loader.ast.internal.SingleIdEntityLoaderStandardImpl.load(SingleIdEntityLoaderStandardImpl.java:74) ~[hibernate-core-6.6.33.Final.jar:6.6.33.Final]
	at org.hibernate.persister.entity.AbstractEntityPersister.doLoad(AbstractEntityPersister.java:3908) ~[hibernate-core-6.6.33.Final.jar:6.6.33.Final]
	at org.hibernate.persister.entity.AbstractEntityPersister.load(AbstractEntityPersister.java:3897) ~[hibernate-core-6.6.33.Final.jar:6.6.33.Final]
	at org.hibernate.event.internal.DefaultLoadEventListener.loadFromDatasource(DefaultLoadEventListener.java:604) ~[hibernate-core-6.6.33.Final.jar:6.6.33.Final]
	at org.hibernate.event.internal.DefaultLoadEventListener.loadFromCacheOrDatasource(DefaultLoadEventListener.java:590) ~[hibernate-core-6.6.33.Final.jar:6.6.33.Final]
	at org.hibernate.event.internal.DefaultLoadEventListener.load(DefaultLoadEventListener.java:560) ~[hibernate-core-6.6.33.Final.jar:6.6.33.Final]
	at org.hibernate.event.internal.DefaultLoadEventListener.doLoad(DefaultLoadEventListener.java:544) ~[hibernate-core-6.6.33.Final.jar:6.6.33.Final]
	at org.hibernate.event.internal.DefaultLoadEventListener.load(DefaultLoadEventListener.java:206) ~[hibernate-core-6.6.33.Final.jar:6.6.33.Final]
	at org.hibernate.event.internal.DefaultLoadEventListener.doOnLoad(DefaultLoadEventListener.java:105) ~[hibernate-core-6.6.33.Final.jar:6.6.33.Final]
	at org.hibernate.event.internal.DefaultLoadEventListener.onLoad(DefaultLoadEventListener.java:69) ~[hibernate-core-6.6.33.Final.jar:6.6.33.Final]
	at org.hibernate.event.service.internal.EventListenerGroupImpl.fireEventOnEachListener(EventListenerGroupImpl.java:138) ~[hibernate-core-6.6.33.Final.jar:6.6.33.Final]
	at org.hibernate.internal.SessionImpl.fireLoadNoChecks(SessionImpl.java:1229) ~[hibernate-core-6.6.33.Final.jar:6.6.33.Final]
	at org.hibernate.internal.SessionImpl.immediateLoad(SessionImpl.java:1048) ~[hibernate-core-6.6.33.Final.jar:6.6.33.Final]
	at org.hibernate.proxy.AbstractLazyInitializer.initialize(AbstractLazyInitializer.java:186) ~[hibernate-core-6.6.33.Final.jar:6.6.33.Final]
	at org.hibernate.proxy.AbstractLazyInitializer.getImplementation(AbstractLazyInitializer.java:328) ~[hibernate-core-6.6.33.Final.jar:6.6.33.Final]
	at org.hibernate.proxy.pojo.bytebuddy.ByteBuddyInterceptor.intercept(ByteBuddyInterceptor.java:44) ~[hibernate-core-6.6.33.Final.jar:6.6.33.Final]
	at org.hibernate.proxy.ProxyConfiguration$InterceptorDispatcher.intercept(ProxyConfiguration.java:102) ~[hibernate-core-6.6.33.Final.jar:6.6.33.Final]
	at com._Blog.mojebbari.models.Post$HibernateProxy.getContent(Unknown Source) ~[classes/:na]
	at com._Blog.mojebbari.services.ReportService.mapToResponse(ReportService.java:274) ~[classes/:na]
	at com._Blog.mojebbari.services.ReportService.updateReportStatus(ReportService.java:197) ~[classes/:na]
	at java.base/jdk.internal.reflect.DirectMethodHandleAccessor.invoke(DirectMethodHandleAccessor.java:104) ~[na:na]
	at java.base/java.lang.reflect.Method.invoke(Method.java:565) ~[na:na]
	at org.springframework.aop.support.AopUtils.invokeJoinpointUsingReflection(AopUtils.java:360) ~[spring-aop-6.2.12.jar:6.2.12]
	at org.springframework.aop.framework.ReflectiveMethodInvocation.invokeJoinpoint(ReflectiveMethodInvocation.java:196) ~[spring-aop-6.2.12.jar:6.2.12]
	at org.springframework.aop.framework.ReflectiveMethodInvocation.proceed(ReflectiveMethodInvocation.java:163) ~[spring-aop-6.2.12.jar:6.2.12]
	at org.springframework.transaction.interceptor.TransactionAspectSupport.invokeWithinTransaction(TransactionAspectSupport.java:380) ~[spring-tx-6.2.12.jar:6.2.12]
	at org.springframework.transaction.interceptor.TransactionInterceptor.invoke(TransactionInterceptor.java:119) ~[spring-tx-6.2.12.jar:6.2.12]
	at org.springframework.aop.framework.ReflectiveMethodInvocation.proceed(ReflectiveMethodInvocation.java:184) ~[spring-aop-6.2.12.jar:6.2.12]
	at org.springframework.aop.framework.CglibAopProxy$DynamicAdvisedInterceptor.intercept(CglibAopProxy.java:728) ~[spring-aop-6.2.12.jar:6.2.12]
	at com._Blog.mojebbari.services.ReportService$$SpringCGLIB$$0.updateReportStatus(<generated>) ~[classes/:na]
	at com._Blog.mojebbari.controllers.ReportController.updateReportStatus(ReportController.java:148) ~[classes/:na]
	at java.base/jdk.internal.reflect.DirectMethodHandleAccessor.invoke(DirectMethodHandleAccessor.java:104) ~[na:na]
	at java.base/java.lang.reflect.Method.invoke(Method.java:565) ~[na:na]
	at org.springframework.aop.support.AopUtils.invokeJoinpointUsingReflection(AopUtils.java:360) ~[spring-aop-6.2.12.jar:6.2.12]
	at org.springframework.aop.framework.ReflectiveMethodInvocation.invokeJoinpoint(ReflectiveMethodInvocation.java:196) ~[spring-aop-6.2.12.jar:6.2.12]
	at org.springframework.aop.framework.ReflectiveMethodInvocation.proceed(ReflectiveMethodInvocation.java:163) ~[spring-aop-6.2.12.jar:6.2.12]
	at org.springframework.security.authorization.method.AuthorizationManagerBeforeMethodInterceptor.proceed(AuthorizationManagerBeforeMethodInterceptor.java:268) ~[spring-security-core-6.5.6.jar:6.5.6]
	at org.springframework.security.authorization.method.AuthorizationManagerBeforeMethodInterceptor.attemptAuthorization(AuthorizationManagerBeforeMethodInterceptor.java:263) ~[spring-security-core-6.5.6.jar:6.5.6]
	at org.springframework.security.authorization.method.AuthorizationManagerBeforeMethodInterceptor.invoke(AuthorizationManagerBeforeMethodInterceptor.java:196) ~[spring-security-core-6.5.6.jar:6.5.6]
	at org.springframework.security.config.annotation.method.configuration.DeferringMethodInterceptor.invoke(DeferringMethodInterceptor.java:44) ~[spring-security-config-6.5.6.jar:6.5.6]
	at org.springframework.aop.framework.ReflectiveMethodInvocation.proceed(ReflectiveMethodInvocation.java:184) ~[spring-aop-6.2.12.jar:6.2.12]
	at org.springframework.aop.framework.CglibAopProxy$DynamicAdvisedInterceptor.intercept(CglibAopProxy.java:728) ~[spring-aop-6.2.12.jar:6.2.12]
	at com._Blog.mojebbari.controllers.ReportController$$SpringCGLIB$$0.updateReportStatus(<generated>) ~[classes/:na]
	at java.base/jdk.internal.reflect.DirectMethodHandleAccessor.invoke(DirectMethodHandleAccessor.java:104) ~[na:na]
	at java.base/java.lang.reflect.Method.invoke(Method.java:565) ~[na:na]
	at org.springframework.web.method.support.InvocableHandlerMethod.doInvoke(InvocableHandlerMethod.java:258) ~[spring-web-6.2.12.jar:6.2.12]
	at org.springframework.web.method.support.InvocableHandlerMethod.invokeForRequest(InvocableHandlerMethod.java:191) ~[spring-web-6.2.12.jar:6.2.12]
	at org.springframework.web.servlet.mvc.method.annotation.ServletInvocableHandlerMethod.invokeAndHandle(ServletInvocableHandlerMethod.java:118) ~[spring-webmvc-6.2.12.jar:6.2.12]
	at org.springframework.web.servlet.mvc.method.annotation.RequestMappingHandlerAdapter.invokeHandlerMethod(RequestMappingHandlerAdapter.java:991) ~[spring-webmvc-6.2.12.jar:6.2.12]
	at org.springframework.web.servlet.mvc.method.annotation.RequestMappingHandlerAdapter.handleInternal(RequestMappingHandlerAdapter.java:896) ~[spring-webmvc-6.2.12.jar:6.2.12]
	at org.springframework.web.servlet.mvc.method.AbstractHandlerMethodAdapter.handle(AbstractHandlerMethodAdapter.java:87) ~[spring-webmvc-6.2.12.jar:6.2.12]
	at org.springframework.web.servlet.DispatcherServlet.doDispatch(DispatcherServlet.java:1089) ~[spring-webmvc-6.2.12.jar:6.2.12]
	at org.springframework.web.servlet.DispatcherServlet.doService(DispatcherServlet.java:979) ~[spring-webmvc-6.2.12.jar:6.2.12]
	at org.springframework.web.servlet.FrameworkServlet.processRequest(FrameworkServlet.java:1014) ~[spring-webmvc-6.2.12.jar:6.2.12]
	at org.springframework.web.servlet.FrameworkServlet.doPut(FrameworkServlet.java:925) ~[spring-webmvc-6.2.12.jar:6.2.12]
	at jakarta.servlet.http.HttpServlet.service(HttpServlet.java:593) ~[tomcat-embed-core-10.1.48.jar:6.0]
	at org.springframework.web.servlet.FrameworkServlet.service(FrameworkServlet.java:885) ~[spring-webmvc-6.2.12.jar:6.2.12]
	at jakarta.servlet.http.HttpServlet.service(HttpServlet.java:658) ~[tomcat-embed-core-10.1.48.jar:6.0]
	at org.apache.catalina.core.ApplicationFilterChain.internalDoFilter(ApplicationFilterChain.java:193) ~[tomcat-embed-core-10.1.48.jar:10.1.48]
	at org.apache.catalina.core.ApplicationFilterChain.doFilter(ApplicationFilterChain.java:138) ~[tomcat-embed-core-10.1.48.jar:10.1.48]
	at org.apache.tomcat.websocket.server.WsFilter.doFilter(WsFilter.java:51) ~[tomcat-embed-websocket-10.1.48.jar:10.1.48]
	at org.apache.catalina.core.ApplicationFilterChain.internalDoFilter(ApplicationFilterChain.java:162) ~[tomcat-embed-core-10.1.48.jar:10.1.48]
	at org.apache.catalina.core.ApplicationFilterChain.doFilter(ApplicationFilterChain.java:138) ~[tomcat-embed-core-10.1.48.jar:10.1.48]
	at org.springframework.web.filter.OncePerRequestFilter.doFilter(OncePerRequestFilter.java:110) ~[spring-web-6.2.12.jar:6.2.12]
	at org.apache.catalina.core.ApplicationFilterChain.internalDoFilter(ApplicationFilterChain.java:162) ~[tomcat-embed-core-10.1.48.jar:10.1.48]
	at org.apache.catalina.core.ApplicationFilterChain.doFilter(ApplicationFilterChain.java:138) ~[tomcat-embed-core-10.1.48.jar:10.1.48]
	at org.springframework.web.filter.CompositeFilter$VirtualFilterChain.doFilter(CompositeFilter.java:108) ~[spring-web-6.2.12.jar:6.2.12]
	at org.springframework.web.filter.CompositeFilter$VirtualFilterChain.doFilter(CompositeFilter.java:108) ~[spring-web-6.2.12.jar:6.2.12]
	at org.springframework.security.web.FilterChainProxy.lambda$doFilterInternal$3(FilterChainProxy.java:231) ~[spring-security-web-6.5.6.jar:6.5.6]
	at org.springframework.security.web.FilterChainProxy$VirtualFilterChain.doFilter(FilterChainProxy.java:365) ~[spring-security-web-6.5.6.jar:6.5.6]
	at org.springframework.security.web.access.intercept.AuthorizationFilter.doFilter(AuthorizationFilter.java:101) ~[spring-security-web-6.5.6.jar:6.5.6]
	at org.springframework.security.web.FilterChainProxy$VirtualFilterChain.doFilter(FilterChainProxy.java:374) ~[spring-security-web-6.5.6.jar:6.5.6]
	at org.springframework.security.web.access.ExceptionTranslationFilter.doFilter(ExceptionTranslationFilter.java:125) ~[spring-security-web-6.5.6.jar:6.5.6]
	at org.springframework.security.web.access.ExceptionTranslationFilter.doFilter(ExceptionTranslationFilter.java:119) ~[spring-security-web-6.5.6.jar:6.5.6]
	at org.springframework.security.web.FilterChainProxy$VirtualFilterChain.doFilter(FilterChainProxy.java:374) ~[spring-security-web-6.5.6.jar:6.5.6]
	at org.springframework.security.web.session.SessionManagementFilter.doFilter(SessionManagementFilter.java:131) ~[spring-security-web-6.5.6.jar:6.5.6]
	at org.springframework.security.web.session.SessionManagementFilter.doFilter(SessionManagementFilter.java:85) ~[spring-security-web-6.5.6.jar:6.5.6]
	at org.springframework.security.web.FilterChainProxy$VirtualFilterChain.doFilter(FilterChainProxy.java:374) ~[spring-security-web-6.5.6.jar:6.5.6]
	at org.springframework.security.web.authentication.AnonymousAuthenticationFilter.doFilter(AnonymousAuthenticationFilter.java:100) ~[spring-security-web-6.5.6.jar:6.5.6]
	at org.springframework.security.web.FilterChainProxy$VirtualFilterChain.doFilter(FilterChainProxy.java:374) ~[spring-security-web-6.5.6.jar:6.5.6]
	at org.springframework.security.web.servletapi.SecurityContextHolderAwareRequestFilter.doFilter(SecurityContextHolderAwareRequestFilter.java:179) ~[spring-security-web-6.5.6.jar:6.5.6]
	at org.springframework.security.web.FilterChainProxy$VirtualFilterChain.doFilter(FilterChainProxy.java:374) ~[spring-security-web-6.5.6.jar:6.5.6]
	at org.springframework.security.web.savedrequest.RequestCacheAwareFilter.doFilter(RequestCacheAwareFilter.java:63) ~[spring-security-web-6.5.6.jar:6.5.6]
	at org.springframework.security.web.FilterChainProxy$VirtualFilterChain.doFilter(FilterChainProxy.java:374) ~[spring-security-web-6.5.6.jar:6.5.6]
	at com._Blog.mojebbari.config.JwtAuthenticationFilter.doFilterInternal(JwtAuthenticationFilter.java:79) ~[classes/:na]
	at org.springframework.web.filter.OncePerRequestFilter.doFilter(OncePerRequestFilter.java:116) ~[spring-web-6.2.12.jar:6.2.12]
	at org.springframework.security.web.FilterChainProxy$VirtualFilterChain.doFilter(FilterChainProxy.java:374) ~[spring-security-web-6.5.6.jar:6.5.6]
	at org.springframework.security.web.authentication.logout.LogoutFilter.doFilter(LogoutFilter.java:107) ~[spring-security-web-6.5.6.jar:6.5.6]
	at org.springframework.security.web.authentication.logout.LogoutFilter.doFilter(LogoutFilter.java:93) ~[spring-security-web-6.5.6.jar:6.5.6]
	at org.springframework.security.web.FilterChainProxy$VirtualFilterChain.doFilter(FilterChainProxy.java:374) ~[spring-security-web-6.5.6.jar:6.5.6]
	at org.springframework.web.filter.CorsFilter.doFilterInternal(CorsFilter.java:91) ~[spring-web-6.2.12.jar:6.2.12]
	at org.springframework.web.filter.OncePerRequestFilter.doFilter(OncePerRequestFilter.java:116) ~[spring-web-6.2.12.jar:6.2.12]
	at org.springframework.security.web.FilterChainProxy$VirtualFilterChain.doFilter(FilterChainProxy.java:374) ~[spring-security-web-6.5.6.jar:6.5.6]
	at org.springframework.security.web.header.HeaderWriterFilter.doHeadersAfter(HeaderWriterFilter.java:90) ~[spring-security-web-6.5.6.jar:6.5.6]
	at org.springframework.security.web.header.HeaderWriterFilter.doFilterInternal(HeaderWriterFilter.java:75) ~[spring-security-web-6.5.6.jar:6.5.6]
	at org.springframework.web.filter.OncePerRequestFilter.doFilter(OncePerRequestFilter.java:116) ~[spring-web-6.2.12.jar:6.2.12]
	at org.springframework.security.web.FilterChainProxy$VirtualFilterChain.doFilter(FilterChainProxy.java:374) ~[spring-security-web-6.5.6.jar:6.5.6]
	at org.springframework.security.web.context.SecurityContextHolderFilter.doFilter(SecurityContextHolderFilter.java:82) ~[spring-security-web-6.5.6.jar:6.5.6]
	at org.springframework.security.web.context.SecurityContextHolderFilter.doFilter(SecurityContextHolderFilter.java:69) ~[spring-security-web-6.5.6.jar:6.5.6]
	at org.springframework.security.web.FilterChainProxy$VirtualFilterChain.doFilter(FilterChainProxy.java:374) ~[spring-security-web-6.5.6.jar:6.5.6]
	at org.springframework.security.web.context.request.async.WebAsyncManagerIntegrationFilter.doFilterInternal(WebAsyncManagerIntegrationFilter.java:62) ~[spring-security-web-6.5.6.jar:6.5.6]
	at org.springframework.web.filter.OncePerRequestFilter.doFilter(OncePerRequestFilter.java:116) ~[spring-web-6.2.12.jar:6.2.12]
	at org.springframework.security.web.FilterChainProxy$VirtualFilterChain.doFilter(FilterChainProxy.java:374) ~[spring-security-web-6.5.6.jar:6.5.6]
	at org.springframework.security.web.session.DisableEncodeUrlFilter.doFilterInternal(DisableEncodeUrlFilter.java:42) ~[spring-security-web-6.5.6.jar:6.5.6]
	at org.springframework.web.filter.OncePerRequestFilter.doFilter(OncePerRequestFilter.java:116) ~[spring-web-6.2.12.jar:6.2.12]
	at org.springframework.security.web.FilterChainProxy$VirtualFilterChain.doFilter(FilterChainProxy.java:374) ~[spring-security-web-6.5.6.jar:6.5.6]
	at org.springframework.security.web.FilterChainProxy.doFilterInternal(FilterChainProxy.java:233) ~[spring-security-web-6.5.6.jar:6.5.6]
	at org.springframework.security.web.FilterChainProxy.doFilter(FilterChainProxy.java:191) ~[spring-security-web-6.5.6.jar:6.5.6]
	at org.springframework.web.filter.CompositeFilter$VirtualFilterChain.doFilter(CompositeFilter.java:113) ~[spring-web-6.2.12.jar:6.2.12]
	at org.springframework.web.filter.ServletRequestPathFilter.doFilter(ServletRequestPathFilter.java:52) ~[spring-web-6.2.12.jar:6.2.12]
	at org.springframework.web.filter.CompositeFilter$VirtualFilterChain.doFilter(CompositeFilter.java:113) ~[spring-web-6.2.12.jar:6.2.12]
	at org.springframework.web.filter.CompositeFilter.doFilter(CompositeFilter.java:74) ~[spring-web-6.2.12.jar:6.2.12]
	at org.springframework.security.config.annotation.web.configuration.WebSecurityConfiguration$CompositeFilterChainProxy.doFilter(WebSecurityConfiguration.java:319) ~[spring-security-config-6.5.6.jar:6.5.6]
	at org.springframework.web.filter.CompositeFilter$VirtualFilterChain.doFilter(CompositeFilter.java:113) ~[spring-web-6.2.12.jar:6.2.12]
	at org.springframework.web.servlet.handler.HandlerMappingIntrospector.lambda$createCacheFilter$4(HandlerMappingIntrospector.java:267) ~[spring-webmvc-6.2.12.jar:6.2.12]
	at org.springframework.web.filter.CompositeFilter$VirtualFilterChain.doFilter(CompositeFilter.java:113) ~[spring-web-6.2.12.jar:6.2.12]
	at org.springframework.web.filter.CompositeFilter.doFilter(CompositeFilter.java:74) ~[spring-web-6.2.12.jar:6.2.12]
	at org.springframework.security.config.annotation.web.configuration.WebMvcSecurityConfiguration$CompositeFilterChainProxy.doFilter(WebMvcSecurityConfiguration.java:240) ~[spring-security-config-6.5.6.jar:6.5.6]
	at org.springframework.web.filter.DelegatingFilterProxy.invokeDelegate(DelegatingFilterProxy.java:362) ~[spring-web-6.2.12.jar:6.2.12]
	at org.springframework.web.filter.DelegatingFilterProxy.doFilter(DelegatingFilterProxy.java:278) ~[spring-web-6.2.12.jar:6.2.12]
	at org.apache.catalina.core.ApplicationFilterChain.internalDoFilter(ApplicationFilterChain.java:162) ~[tomcat-embed-core-10.1.48.jar:10.1.48]
	at org.apache.catalina.core.ApplicationFilterChain.doFilter(ApplicationFilterChain.java:138) ~[tomcat-embed-core-10.1.48.jar:10.1.48]
	at org.springframework.web.filter.RequestContextFilter.doFilterInternal(RequestContextFilter.java:100) ~[spring-web-6.2.12.jar:6.2.12]
	at org.springframework.web.filter.OncePerRequestFilter.doFilter(OncePerRequestFilter.java:116) ~[spring-web-6.2.12.jar:6.2.12]
	at org.apache.catalina.core.ApplicationFilterChain.internalDoFilter(ApplicationFilterChain.java:162) ~[tomcat-embed-core-10.1.48.jar:10.1.48]
	at org.apache.catalina.core.ApplicationFilterChain.doFilter(ApplicationFilterChain.java:138) ~[tomcat-embed-core-10.1.48.jar:10.1.48]
	at org.springframework.web.filter.FormContentFilter.doFilterInternal(FormContentFilter.java:93) ~[spring-web-6.2.12.jar:6.2.12]
	at org.springframework.web.filter.OncePerRequestFilter.doFilter(OncePerRequestFilter.java:116) ~[spring-web-6.2.12.jar:6.2.12]
	at org.apache.catalina.core.ApplicationFilterChain.internalDoFilter(ApplicationFilterChain.java:162) ~[tomcat-embed-core-10.1.48.jar:10.1.48]
	at org.apache.catalina.core.ApplicationFilterChain.doFilter(ApplicationFilterChain.java:138) ~[tomcat-embed-core-10.1.48.jar:10.1.48]
	at org.springframework.web.filter.CharacterEncodingFilter.doFilterInternal(CharacterEncodingFilter.java:201) ~[spring-web-6.2.12.jar:6.2.12]
	at org.springframework.web.filter.OncePerRequestFilter.doFilter(OncePerRequestFilter.java:116) ~[spring-web-6.2.12.jar:6.2.12]
	at org.apache.catalina.core.ApplicationFilterChain.internalDoFilter(ApplicationFilterChain.java:162) ~[tomcat-embed-core-10.1.48.jar:10.1.48]
	at org.apache.catalina.core.ApplicationFilterChain.doFilter(ApplicationFilterChain.java:138) ~[tomcat-embed-core-10.1.48.jar:10.1.48]
	at org.apache.catalina.core.StandardWrapperValve.invoke(StandardWrapperValve.java:165) ~[tomcat-embed-core-10.1.48.jar:10.1.48]
	at org.apache.catalina.core.StandardContextValve.invoke(StandardContextValve.java:88) ~[tomcat-embed-core-10.1.48.jar:10.1.48]
	at org.apache.catalina.authenticator.AuthenticatorBase.invoke(AuthenticatorBase.java:482) ~[tomcat-embed-core-10.1.48.jar:10.1.48]
	at org.apache.catalina.core.StandardHostValve.invoke(StandardHostValve.java:113) ~[tomcat-embed-core-10.1.48.jar:10.1.48]
	at org.apache.catalina.valves.ErrorReportValve.invoke(ErrorReportValve.java:83) ~[tomcat-embed-core-10.1.48.jar:10.1.48]
	at org.apache.catalina.core.StandardEngineValve.invoke(StandardEngineValve.java:72) ~[tomcat-embed-core-10.1.48.jar:10.1.48]
	at org.apache.catalina.connector.CoyoteAdapter.service(CoyoteAdapter.java:342) ~[tomcat-embed-core-10.1.48.jar:10.1.48]
	at org.apache.coyote.http11.Http11Processor.service(Http11Processor.java:399) ~[tomcat-embed-core-10.1.48.jar:10.1.48]
	at org.apache.coyote.AbstractProcessorLight.process(AbstractProcessorLight.java:63) ~[tomcat-embed-core-10.1.48.jar:10.1.48]
	at org.apache.coyote.AbstractProtocol$ConnectionHandler.process(AbstractProtocol.java:903) ~[tomcat-embed-core-10.1.48.jar:10.1.48]
	at org.apache.tomcat.util.net.NioEndpoint$SocketProcessor.doRun(NioEndpoint.java:1774) ~[tomcat-embed-core-10.1.48.jar:10.1.48]
	at org.apache.tomcat.util.net.SocketProcessorBase.run(SocketProcessorBase.java:52) ~[tomcat-embed-core-10.1.48.jar:10.1.48]
	at org.apache.tomcat.util.threads.ThreadPoolExecutor.runWorker(ThreadPoolExecutor.java:973) ~[tomcat-embed-core-10.1.48.jar:10.1.48]
	at org.apache.tomcat.util.threads.ThreadPoolExecutor$Worker.run(ThreadPoolExecutor.java:491) ~[tomcat-embed-core-10.1.48.jar:10.1.48]
	at org.apache.tomcat.util.threads.TaskThread$WrappingRunnable.run(TaskThread.java:63) ~[tomcat-embed-core-10.1.48.jar:10.1.48]
	at java.base/java.lang.Thread.run(Thread.java:1474) ~[na:na]
Caused by: org.postgresql.util.PSQLException: ERROR: current transaction is aborted, commands ignored until end of transaction block
	at org.postgresql.core.v3.QueryExecutorImpl.receiveErrorResponse(QueryExecutorImpl.java:2736) ~[postgresql-42.7.8.jar:42.7.8]
	at org.postgresql.core.v3.QueryExecutorImpl.processResults(QueryExecutorImpl.java:2421) ~[postgresql-42.7.8.jar:42.7.8]
	at org.postgresql.core.v3.QueryExecutorImpl.execute(QueryExecutorImpl.java:372) ~[postgresql-42.7.8.jar:42.7.8]
	at org.postgresql.jdbc.PgStatement.executeInternal(PgStatement.java:525) ~[postgresql-42.7.8.jar:42.7.8]
	at org.postgresql.jdbc.PgStatement.execute(PgStatement.java:435) ~[postgresql-42.7.8.jar:42.7.8]
	at org.postgresql.jdbc.PgPreparedStatement.executeWithFlags(PgPreparedStatement.java:196) ~[postgresql-42.7.8.jar:42.7.8]
	at org.postgresql.jdbc.PgPreparedStatement.executeQuery(PgPreparedStatement.java:139) ~[postgresql-42.7.8.jar:42.7.8]
	at com.zaxxer.hikari.pool.ProxyPreparedStatement.executeQuery(ProxyPreparedStatement.java:52) ~[HikariCP-6.3.3.jar:na]
	at com.zaxxer.hikari.pool.HikariProxyPreparedStatement.executeQuery(HikariProxyPreparedStatement.java) ~[HikariCP-6.3.3.jar:na]
	at org.hibernate.sql.results.jdbc.internal.DeferredResultSetAccess.executeQuery(DeferredResultSetAccess.java:251) ~[hibernate-core-6.6.33.Final.jar:6.6.33.Final]
	... 159 common frames omitted
Caused by: org.postgresql.util.PSQLException: ERROR: new row for relation "notifications" violates check constraint "notifications_type_check"
  Detail: Failing row contains (18, 2026-01-17 22:09:55.929387, f, Your report about a post has been resolved by admin, REPORT_REVIEWED, 6, null, null, 22).
	at org.postgresql.core.v3.QueryExecutorImpl.receiveErrorResponse(QueryExecutorImpl.java:2736) ~[postgresql-42.7.8.jar:42.7.8]
	at org.postgresql.core.v3.QueryExecutorImpl.processResults(QueryExecutorImpl.java:2421) ~[postgresql-42.7.8.jar:42.7.8]
	at org.postgresql.core.v3.QueryExecutorImpl.execute(QueryExecutorImpl.java:372) ~[postgresql-42.7.8.jar:42.7.8]
	at org.postgresql.jdbc.PgStatement.executeInternal(PgStatement.java:525) ~[postgresql-42.7.8.jar:42.7.8]
	at org.postgresql.jdbc.PgStatement.execute(PgStatement.java:435) ~[postgresql-42.7.8.jar:42.7.8]
	at org.postgresql.jdbc.PgPreparedStatement.executeWithFlags(PgPreparedStatement.java:196) ~[postgresql-42.7.8.jar:42.7.8]
	at org.postgresql.jdbc.PgPreparedStatement.executeUpdate(PgPreparedStatement.java:157) ~[postgresql-42.7.8.jar:42.7.8]
	at com.zaxxer.hikari.pool.ProxyPreparedStatement.executeUpdate(ProxyPreparedStatement.java:61) ~[HikariCP-6.3.3.jar:na]
	at com.zaxxer.hikari.pool.HikariProxyPreparedStatement.executeUpdate(HikariProxyPreparedStatement.java) ~[HikariCP-6.3.3.jar:na]
	at org.hibernate.engine.jdbc.internal.ResultSetReturnImpl.executeUpdate(ResultSetReturnImpl.java:194) ~[hibernate-core-6.6.33.Final.jar:6.6.33.Final]
	at org.hibernate.id.insert.GetGeneratedKeysDelegate.performMutation(GetGeneratedKeysDelegate.java:116) ~[hibernate-core-6.6.33.Final.jar:6.6.33.Final]
	at org.hibernate.engine.jdbc.mutation.internal.MutationExecutorSingleNonBatched.performNonBatchedOperations(MutationExecutorSingleNonBatched.java:47) ~[hibernate-core-6.6.33.Final.jar:6.6.33.Final]
	at org.hibernate.engine.jdbc.mutation.internal.AbstractMutationExecutor.execute(AbstractMutationExecutor.java:55) ~[hibernate-core-6.6.33.Final.jar:6.6.33.Final]
	at org.hibernate.persister.entity.mutation.InsertCoordinatorStandard.doStaticInserts(InsertCoordinatorStandard.java:194) ~[hibernate-core-6.6.33.Final.jar:6.6.33.Final]
	at org.hibernate.persister.entity.mutation.InsertCoordinatorStandard.coordinateInsert(InsertCoordinatorStandard.java:132) ~[hibernate-core-6.6.33.Final.jar:6.6.33.Final]
	at org.hibernate.persister.entity.mutation.InsertCoordinatorStandard.insert(InsertCoordinatorStandard.java:95) ~[hibernate-core-6.6.33.Final.jar:6.6.33.Final]
	at org.hibernate.action.internal.EntityIdentityInsertAction.execute(EntityIdentityInsertAction.java:85) ~[hibernate-core-6.6.33.Final.jar:6.6.33.Final]
	at org.hibernate.engine.spi.ActionQueue.execute(ActionQueue.java:682) ~[hibernate-core-6.6.33.Final.jar:6.6.33.Final]
	at org.hibernate.engine.spi.ActionQueue.addResolvedEntityInsertAction(ActionQueue.java:293) ~[hibernate-core-6.6.33.Final.jar:6.6.33.Final]
	at org.hibernate.engine.spi.ActionQueue.addInsertAction(ActionQueue.java:274) ~[hibernate-core-6.6.33.Final.jar:6.6.33.Final]
	at org.hibernate.engine.spi.ActionQueue.addAction(ActionQueue.java:324) ~[hibernate-core-6.6.33.Final.jar:6.6.33.Final]
	at org.hibernate.event.internal.AbstractSaveEventListener.addInsertAction(AbstractSaveEventListener.java:394) ~[hibernate-core-6.6.33.Final.jar:6.6.33.Final]
	at org.hibernate.event.internal.AbstractSaveEventListener.performSaveOrReplicate(AbstractSaveEventListener.java:308) ~[hibernate-core-6.6.33.Final.jar:6.6.33.Final]
	at org.hibernate.event.internal.AbstractSaveEventListener.performSave(AbstractSaveEventListener.java:224) ~[hibernate-core-6.6.33.Final.jar:6.6.33.Final]
	at org.hibernate.event.internal.AbstractSaveEventListener.saveWithGeneratedId(AbstractSaveEventListener.java:136) ~[hibernate-core-6.6.33.Final.jar:6.6.33.Final]
	at org.hibernate.event.internal.DefaultPersistEventListener.entityIsTransient(DefaultPersistEventListener.java:177) ~[hibernate-core-6.6.33.Final.jar:6.6.33.Final]
	at org.hibernate.event.internal.DefaultPersistEventListener.persist(DefaultPersistEventListener.java:95) ~[hibernate-core-6.6.33.Final.jar:6.6.33.Final]
	at org.hibernate.event.internal.DefaultPersistEventListener.onPersist(DefaultPersistEventListener.java:79) ~[hibernate-core-6.6.33.Final.jar:6.6.33.Final]
	at org.hibernate.event.internal.DefaultPersistEventListener.onPersist(DefaultPersistEventListener.java:55) ~[hibernate-core-6.6.33.Final.jar:6.6.33.Final]
	at org.hibernate.event.service.internal.EventListenerGroupImpl.fireEventOnEachListener(EventListenerGroupImpl.java:127) ~[hibernate-core-6.6.33.Final.jar:6.6.33.Final]
	at org.hibernate.internal.SessionImpl.firePersist(SessionImpl.java:761) ~[hibernate-core-6.6.33.Final.jar:6.6.33.Final]
	at org.hibernate.internal.SessionImpl.persist(SessionImpl.java:745) ~[hibernate-core-6.6.33.Final.jar:6.6.33.Final]
	at java.base/jdk.internal.reflect.DirectMethodHandleAccessor.invoke(DirectMethodHandleAccessor.java:104) ~[na:na]
	at java.base/java.lang.reflect.Method.invoke(Method.java:565) ~[na:na]
	at org.springframework.orm.jpa.ExtendedEntityManagerCreator$ExtendedEntityManagerInvocationHandler.invoke(ExtendedEntityManagerCreator.java:364) ~[spring-orm-6.2.12.jar:6.2.12]
	at jdk.proxy8/jdk.proxy8.$Proxy183.persist(Unknown Source) ~[na:na]
	at java.base/jdk.internal.reflect.DirectMethodHandleAccessor.invoke(DirectMethodHandleAccessor.java:104) ~[na:na]
	at java.base/java.lang.reflect.Method.invoke(Method.java:565) ~[na:na]
	at org.springframework.orm.jpa.SharedEntityManagerCreator$SharedEntityManagerInvocationHandler.invoke(SharedEntityManagerCreator.java:320) ~[spring-orm-6.2.12.jar:6.2.12]
	at jdk.proxy8/jdk.proxy8.$Proxy183.persist(Unknown Source) ~[na:na]
	at org.springframework.data.jpa.repository.support.SimpleJpaRepository.save(SimpleJpaRepository.java:654) ~[spring-data-jpa-3.5.5.jar:3.5.5]
	at java.base/jdk.internal.reflect.DirectMethodHandleAccessor.invoke(DirectMethodHandleAccessor.java:104) ~[na:na]
	at java.base/java.lang.reflect.Method.invoke(Method.java:565) ~[na:na]
	at org.springframework.aop.support.AopUtils.invokeJoinpointUsingReflection(AopUtils.java:360) ~[spring-aop-6.2.12.jar:6.2.12]
	at org.springframework.data.repository.core.support.RepositoryMethodInvoker$RepositoryFragmentMethodInvoker.lambda$new$0(RepositoryMethodInvoker.java:277) ~[spring-data-commons-3.5.5.jar:3.5.5]
	at org.springframework.data.repository.core.support.RepositoryMethodInvoker.doInvoke(RepositoryMethodInvoker.java:170) ~[spring-data-commons-3.5.5.jar:3.5.5]
	at org.springframework.data.repository.core.support.RepositoryMethodInvoker.invoke(RepositoryMethodInvoker.java:158) ~[spring-data-commons-3.5.5.jar:3.5.5]
	at org.springframework.data.repository.core.support.RepositoryComposition$RepositoryFragments.invoke(RepositoryComposition.java:515) ~[spring-data-commons-3.5.5.jar:3.5.5]
	at org.springframework.data.repository.core.support.RepositoryComposition.invoke(RepositoryComposition.java:284) ~[spring-data-commons-3.5.5.jar:3.5.5]
	at org.springframework.data.repository.core.support.RepositoryFactorySupport$ImplementationMethodExecutionInterceptor.invoke(RepositoryFactorySupport.java:734) ~[spring-data-commons-3.5.5.jar:3.5.5]
	at org.springframework.aop.framework.ReflectiveMethodInvocation.proceed(ReflectiveMethodInvocation.java:184) ~[spring-aop-6.2.12.jar:6.2.12]
	at org.springframework.data.repository.core.support.QueryExecutorMethodInterceptor.doInvoke(QueryExecutorMethodInterceptor.java:174) ~[spring-data-commons-3.5.5.jar:3.5.5]
	at org.springframework.data.repository.core.support.QueryExecutorMethodInterceptor.invoke(QueryExecutorMethodInterceptor.java:149) ~[spring-data-commons-3.5.5.jar:3.5.5]
	at org.springframework.aop.framework.ReflectiveMethodInvocation.proceed(ReflectiveMethodInvocation.java:184) ~[spring-aop-6.2.12.jar:6.2.12]
	at org.springframework.data.projection.DefaultMethodInvokingMethodInterceptor.invoke(DefaultMethodInvokingMethodInterceptor.java:69) ~[spring-data-commons-3.5.5.jar:3.5.5]
	at org.springframework.aop.framework.ReflectiveMethodInvocation.proceed(ReflectiveMethodInvocation.java:184) ~[spring-aop-6.2.12.jar:6.2.12]
	at org.springframework.transaction.interceptor.TransactionAspectSupport.invokeWithinTransaction(TransactionAspectSupport.java:380) ~[spring-tx-6.2.12.jar:6.2.12]
	at org.springframework.transaction.interceptor.TransactionInterceptor.invoke(TransactionInterceptor.java:119) ~[spring-tx-6.2.12.jar:6.2.12]
	at org.springframework.aop.framework.ReflectiveMethodInvocation.proceed(ReflectiveMethodInvocation.java:184) ~[spring-aop-6.2.12.jar:6.2.12]
	at org.springframework.dao.support.PersistenceExceptionTranslationInterceptor.invoke(PersistenceExceptionTranslationInterceptor.java:138) ~[spring-tx-6.2.12.jar:6.2.12]
	at org.springframework.aop.framework.ReflectiveMethodInvocation.proceed(ReflectiveMethodInvocation.java:184) ~[spring-aop-6.2.12.jar:6.2.12]
	at org.springframework.data.jpa.repository.support.CrudMethodMetadataPostProcessor$CrudMethodMetadataPopulatingMethodInterceptor.invoke(CrudMethodMetadataPostProcessor.java:165) ~[spring-data-jpa-3.5.5.jar:3.5.5]
	at org.springframework.aop.framework.ReflectiveMethodInvocation.proceed(ReflectiveMethodInvocation.java:184) ~[spring-aop-6.2.12.jar:6.2.12]
	at org.springframework.aop.framework.JdkDynamicAopProxy.invoke(JdkDynamicAopProxy.java:223) ~[spring-aop-6.2.12.jar:6.2.12]
	at jdk.proxy8/jdk.proxy8.$Proxy189.save(Unknown Source) ~[na:na]
	at com._Blog.mojebbari.services.NotificationService.createReportReviewedNotification(NotificationService.java:116) ~[classes/:na]
	at java.base/jdk.internal.reflect.DirectMethodHandleAccessor.invoke(DirectMethodHandleAccessor.java:104) ~[na:na]
	at java.base/java.lang.reflect.Method.invoke(Method.java:565) ~[na:na]
	at org.springframework.aop.support.AopUtils.invokeJoinpointUsingReflection(AopUtils.java:360) ~[spring-aop-6.2.12.jar:6.2.12]
	at org.springframework.aop.framework.ReflectiveMethodInvocation.invokeJoinpoint(ReflectiveMethodInvocation.java:196) ~[spring-aop-6.2.12.jar:6.2.12]
	at org.springframework.aop.framework.ReflectiveMethodInvocation.proceed(ReflectiveMethodInvocation.java:163) ~[spring-aop-6.2.12.jar:6.2.12]
	at org.springframework.transaction.interceptor.TransactionAspectSupport.invokeWithinTransaction(TransactionAspectSupport.java:380) ~[spring-tx-6.2.12.jar:6.2.12]
	at org.springframework.transaction.interceptor.TransactionInterceptor.invoke(TransactionInterceptor.java:119) ~[spring-tx-6.2.12.jar:6.2.12]
	at org.springframework.aop.framework.ReflectiveMethodInvocation.proceed(ReflectiveMethodInvocation.java:184) ~[spring-aop-6.2.12.jar:6.2.12]
	at org.springframework.aop.framework.CglibAopProxy$DynamicAdvisedInterceptor.intercept(CglibAopProxy.java:728) ~[spring-aop-6.2.12.jar:6.2.12]
	at com._Blog.mojebbari.services.NotificationService$$SpringCGLIB$$0.createReportReviewedNotification(<generated>) ~[classes/:na]
	at com._Blog.mojebbari.services.ReportService.createReportReviewedNotification(ReportService.java:210) ~[classes/:na]
	at com._Blog.mojebbari.services.ReportService.updateReportStatus(ReportService.java:195) ~[classes/:na]
	... 130 common frames omitted

2026-01-17T22:09:55.936+01:00 ERROR 52678 --- [mojebbari] [io-8080-exec-10] c._.m.controllers.ReportController       : Error updating report status: JDBC exception executing SQL [select p1_0.id,p1_0.category,p1_0.content,p1_0.created_at,p1_0.media_url,p1_0.title,p1_0.user_id from posts p1_0 where p1_0.id=?] [ERROR: current transaction is aborted, commands ignored until end of transaction block] [n/a]
Hibernate: 
    select
        u1_0.id,
        u1_0.bio,
        u1_0.cover_image,
        u1_0.created_at,
        u1_0.email,
        u1_0.password,
        u1_0.profile_picture,
        u1_0.role,
        u1_0.username 
    from
        _user u1_0 
    where
        u1_0.email=? 
        or u1_0.username=?
Hibernate: 
    select
        u1_0.id,
        u1_0.bio,
        u1_0.cover_image,
        u1_0.created_at,
        u1_0.email,
        u1_0.password,
        u1_0.profile_picture,
        u1_0.role,
        u1_0.username 
    from
        _user u1_0 
    where
        u1_0.email=? 
        or u1_0.username=?
2026-01-17T22:10:02.849+01:00  INFO 52678 --- [mojebbari] [nio-8080-exec-5] c._.m.controllers.ReportController       : GET /api/reports/count/pending - Fetching pending reports count
Hibernate: 
    select
        count(r1_0.id) 
    from
        reports r1_0 
    where
        r1_0.status=?
Hibernate: 
    select
        count(n1_0.id) 
    from
        notifications n1_0 
    where
        n1_0.recipient_id=? 
        and n1_0.is_read=?
Hibernate: 
    select
        u1_0.id,
        u1_0.bio,
        u1_0.cover_image,
        u1_0.created_at,
        u1_0.email,
        u1_0.password,
        u1_0.profile_picture,
        u1_0.role,
        u1_0.username 
    from
        _user u1_0 
    where
        u1_0.email=? 
        or u1_0.username=?
Hibernate: 
    select
        u1_0.id,
        u1_0.bio,
        u1_0.cover_image,
        u1_0.created_at,
        u1_0.email,
        u1_0.password,
        u1_0.profile_picture,
        u1_0.role,
        u1_0.username 
    from
        _user u1_0 
    where
        u1_0.email=? 
        or u1_0.username=?
Hibernate: 
    select
        u1_0.id,
        u1_0.bio,
        u1_0.cover_image,
        u1_0.created_at,
        u1_0.email,
        u1_0.password,
        u1_0.profile_picture,
        u1_0.role,
        u1_0.username 
    from
        _user u1_0 
    where
        u1_0.email=? 
        or u1_0.username=?
Hibernate: 
    select
        u1_0.id,
        u1_0.bio,
        u1_0.cover_image,
        u1_0.created_at,
        u1_0.email,
        u1_0.password,
        u1_0.profile_picture,
        u1_0.role,
        u1_0.username 
    from
        _user u1_0 
    where
        u1_0.email=? 
        or u1_0.username=?
2026-01-17T22:10:06.964+01:00  INFO 52678 --- [mojebbari] [io-8080-exec-10] c._.m.controllers.ReportController       : GET /api/reports/count/pending - Fetching pending reports count
2026-01-17T22:10:06.964+01:00  INFO 52678 --- [mojebbari] [nio-8080-exec-9] c._.m.controllers.ReportController       : GET /api/reports - Fetching all reports
Hibernate: 
    select
        r1_0.id,
        r1_0.admin_notes,
        r1_0.comment_id,
        r1_0.created_at,
        r1_0.description,
        r1_0.post_id,
        r1_0.reason,
        r1_0.report_type,
        r1_0.reported_user_id,
        r1_0.reporter_id,
        r1_0.reviewed_at,
        r1_0.reviewed_by_id,
        r1_0.status 
    from
        reports r1_0 
    order by
        r1_0.created_at desc
Hibernate: 
    select
        n1_0.id,
        n1_0.actor_id,
        n1_0.comment_id,
        n1_0.created_at,
        n1_0.is_read,
        n1_0.message,
        n1_0.post_id,
        n1_0.recipient_id,
        n1_0.type 
    from
        notifications n1_0 
    where
        n1_0.recipient_id=? 
    order by
        n1_0.created_at desc
Hibernate: 
    select
        count(n1_0.id) 
    from
        notifications n1_0 
    where
        n1_0.recipient_id=? 
        and n1_0.is_read=?
Hibernate: 
    select
        count(r1_0.id) 
    from
        reports r1_0 
    where
        r1_0.status=?
Hibernate: 
    select
        p1_0.id,
        p1_0.category,
        p1_0.content,
        p1_0.created_at,
        p1_0.media_url,
        p1_0.title,
        p1_0.user_id 
    from
        posts p1_0 
    where
        p1_0.id=?
Hibernate: 
    select
        u1_0.id,
        u1_0.bio,
        u1_0.cover_image,
        u1_0.created_at,
        u1_0.email,
        u1_0.password,
        u1_0.profile_picture,
        u1_0.role,
        u1_0.username 
    from
        _user u1_0 
    where
        u1_0.id=?
Hibernate: 
    select
        u1_0.id,
        u1_0.bio,
        u1_0.cover_image,
        u1_0.created_at,
        u1_0.email,
        u1_0.password,
        u1_0.profile_picture,
        u1_0.role,
        u1_0.username 
    from
        _user u1_0 
    where
        u1_0.id=?
Hibernate: 
    select
        p1_0.id,
        p1_0.category,
        p1_0.content,
        p1_0.created_at,
        p1_0.media_url,
        p1_0.title,
        p1_0.user_id 
    from
        posts p1_0 
    where
        p1_0.id=?
Hibernate: 
    select
        u1_0.id,
        u1_0.bio,
        u1_0.cover_image,
        u1_0.created_at,
        u1_0.email,
        u1_0.password,
        u1_0.profile_picture,
        u1_0.role,
        u1_0.username 
    from
        _user u1_0 
    where
        u1_0.id=?
Hibernate: 
    select
        u1_0.id,
        u1_0.bio,
        u1_0.cover_image,
        u1_0.created_at,
        u1_0.email,
        u1_0.password,
        u1_0.profile_picture,
        u1_0.role,
        u1_0.username 
    from
        _user u1_0 
    where
        u1_0.id=?
Hibernate: 
    select
        p1_0.id,
        p1_0.category,
        p1_0.content,
        p1_0.created_at,
        p1_0.media_url,
        p1_0.title,
        p1_0.user_id 
    from
        posts p1_0 
    where
        p1_0.id=?
Hibernate: 
    select
        u1_0.id,
        u1_0.bio,
        u1_0.cover_image,
        u1_0.created_at,
        u1_0.email,
        u1_0.password,
        u1_0.profile_picture,
        u1_0.role,
        u1_0.username 
    from
        _user u1_0 
    where
        u1_0.id=?
Hibernate: 
    select
        u1_0.id,
        u1_0.bio,
        u1_0.cover_image,
        u1_0.created_at,
        u1_0.email,
        u1_0.password,
        u1_0.profile_picture,
        u1_0.role,
        u1_0.username 
    from
        _user u1_0 
    where
        u1_0.email=? 
        or u1_0.username=?
2026-01-17T22:10:18.839+01:00  INFO 52678 --- [mojebbari] [nio-8080-exec-2] c._.m.controllers.ReportController       : PUT /api/reports/6/status - Admin admin updating status to RESOLVED
Hibernate: 
    select
        r1_0.id,
        r1_0.admin_notes,
        r1_0.comment_id,
        r1_0.created_at,
        r1_0.description,
        r1_0.post_id,
        r1_0.reason,
        r1_0.report_type,
        r1_0.reported_user_id,
        r1_0.reporter_id,
        r1_0.reviewed_at,
        r1_0.reviewed_by_id,
        r1_0.status 
    from
        reports r1_0 
    where
        r1_0.id=?
Hibernate: 
    select
        u1_0.id,
        u1_0.bio,
        u1_0.cover_image,
        u1_0.created_at,
        u1_0.email,
        u1_0.password,
        u1_0.profile_picture,
        u1_0.role,
        u1_0.username 
    from
        _user u1_0 
    where
        u1_0.id=?
2026-01-17T22:10:18.843+01:00  INFO 52678 --- [mojebbari] [nio-8080-exec-2] c._.mojebbari.services.ReportService     : Report updated: id=6, status=RESOLVED, reviewedBy=admin
Hibernate: 
    insert 
    into
        notifications
        (actor_id, comment_id, created_at, is_read, message, post_id, recipient_id, type) 
    values
        (?, ?, ?, ?, ?, ?, ?, ?)
2026-01-17T22:10:18.848+01:00  WARN 52678 --- [mojebbari] [nio-8080-exec-2] o.h.engine.jdbc.spi.SqlExceptionHelper   : SQL Error: 0, SQLState: 23514
2026-01-17T22:10:18.848+01:00 ERROR 52678 --- [mojebbari] [nio-8080-exec-2] o.h.engine.jdbc.spi.SqlExceptionHelper   : ERROR: new row for relation "notifications" violates check constraint "notifications_type_check"
  Detail: Failing row contains (19, 2026-01-17 22:10:18.844737, f, Your report about a post has been resolved by admin, REPORT_REVIEWED, 6, null, null, 22).
2026-01-17T22:10:18.848+01:00 ERROR 52678 --- [mojebbari] [nio-8080-exec-2] c._.mojebbari.services.ReportService     : Failed to create report reviewed notification

org.springframework.dao.DataIntegrityViolationException: could not execute statement [ERROR: new row for relation "notifications" violates check constraint "notifications_type_check"
  Detail: Failing row contains (19, 2026-01-17 22:10:18.844737, f, Your report about a post has been resolved by admin, REPORT_REVIEWED, 6, null, null, 22).] [insert into notifications (actor_id,comment_id,created_at,is_read,message,post_id,recipient_id,type) values (?,?,?,?,?,?,?,?)]; SQL [insert into notifications (actor_id,comment_id,created_at,is_read,message,post_id,recipient_id,type) values (?,?,?,?,?,?,?,?)]; constraint [notifications_type_check]
	at org.springframework.orm.jpa.vendor.HibernateJpaDialect.convertHibernateAccessException(HibernateJpaDialect.java:294) ~[spring-orm-6.2.12.jar:6.2.12]
	at org.springframework.orm.jpa.vendor.HibernateJpaDialect.convertHibernateAccessException(HibernateJpaDialect.java:256) ~[spring-orm-6.2.12.jar:6.2.12]
	at org.springframework.orm.jpa.vendor.HibernateJpaDialect.translateExceptionIfPossible(HibernateJpaDialect.java:241) ~[spring-orm-6.2.12.jar:6.2.12]
	at org.springframework.orm.jpa.AbstractEntityManagerFactoryBean.translateExceptionIfPossible(AbstractEntityManagerFactoryBean.java:560) ~[spring-orm-6.2.12.jar:6.2.12]
	at org.springframework.dao.support.ChainedPersistenceExceptionTranslator.translateExceptionIfPossible(ChainedPersistenceExceptionTranslator.java:61) ~[spring-tx-6.2.12.jar:6.2.12]
	at org.springframework.dao.support.DataAccessUtils.translateIfNecessary(DataAccessUtils.java:343) ~[spring-tx-6.2.12.jar:6.2.12]
	at org.springframework.dao.support.PersistenceExceptionTranslationInterceptor.invoke(PersistenceExceptionTranslationInterceptor.java:160) ~[spring-tx-6.2.12.jar:6.2.12]
	at org.springframework.aop.framework.ReflectiveMethodInvocation.proceed(ReflectiveMethodInvocation.java:184) ~[spring-aop-6.2.12.jar:6.2.12]
	at org.springframework.data.jpa.repository.support.CrudMethodMetadataPostProcessor$CrudMethodMetadataPopulatingMethodInterceptor.invoke(CrudMethodMetadataPostProcessor.java:165) ~[spring-data-jpa-3.5.5.jar:3.5.5]
	at org.springframework.aop.framework.ReflectiveMethodInvocation.proceed(ReflectiveMethodInvocation.java:184) ~[spring-aop-6.2.12.jar:6.2.12]
	at org.springframework.aop.framework.JdkDynamicAopProxy.invoke(JdkDynamicAopProxy.java:223) ~[spring-aop-6.2.12.jar:6.2.12]
	at jdk.proxy8/jdk.proxy8.$Proxy189.save(Unknown Source) ~[na:na]
	at com._Blog.mojebbari.services.NotificationService.createReportReviewedNotification(NotificationService.java:116) ~[classes/:na]
	at java.base/jdk.internal.reflect.DirectMethodHandleAccessor.invoke(DirectMethodHandleAccessor.java:104) ~[na:na]
	at java.base/java.lang.reflect.Method.invoke(Method.java:565) ~[na:na]
	at org.springframework.aop.support.AopUtils.invokeJoinpointUsingReflection(AopUtils.java:360) ~[spring-aop-6.2.12.jar:6.2.12]
	at org.springframework.aop.framework.ReflectiveMethodInvocation.invokeJoinpoint(ReflectiveMethodInvocation.java:196) ~[spring-aop-6.2.12.jar:6.2.12]
	at org.springframework.aop.framework.ReflectiveMethodInvocation.proceed(ReflectiveMethodInvocation.java:163) ~[spring-aop-6.2.12.jar:6.2.12]
	at org.springframework.transaction.interceptor.TransactionAspectSupport.invokeWithinTransaction(TransactionAspectSupport.java:380) ~[spring-tx-6.2.12.jar:6.2.12]
	at org.springframework.transaction.interceptor.TransactionInterceptor.invoke(TransactionInterceptor.java:119) ~[spring-tx-6.2.12.jar:6.2.12]
	at org.springframework.aop.framework.ReflectiveMethodInvocation.proceed(ReflectiveMethodInvocation.java:184) ~[spring-aop-6.2.12.jar:6.2.12]
	at org.springframework.aop.framework.CglibAopProxy$DynamicAdvisedInterceptor.intercept(CglibAopProxy.java:728) ~[spring-aop-6.2.12.jar:6.2.12]
	at com._Blog.mojebbari.services.NotificationService$$SpringCGLIB$$0.createReportReviewedNotification(<generated>) ~[classes/:na]
	at com._Blog.mojebbari.services.ReportService.createReportReviewedNotification(ReportService.java:210) ~[classes/:na]
	at com._Blog.mojebbari.services.ReportService.updateReportStatus(ReportService.java:195) ~[classes/:na]
	at java.base/jdk.internal.reflect.DirectMethodHandleAccessor.invoke(DirectMethodHandleAccessor.java:104) ~[na:na]
	at java.base/java.lang.reflect.Method.invoke(Method.java:565) ~[na:na]
	at org.springframework.aop.support.AopUtils.invokeJoinpointUsingReflection(AopUtils.java:360) ~[spring-aop-6.2.12.jar:6.2.12]
	at org.springframework.aop.framework.ReflectiveMethodInvocation.invokeJoinpoint(ReflectiveMethodInvocation.java:196) ~[spring-aop-6.2.12.jar:6.2.12]
	at org.springframework.aop.framework.ReflectiveMethodInvocation.proceed(ReflectiveMethodInvocation.java:163) ~[spring-aop-6.2.12.jar:6.2.12]
	at org.springframework.transaction.interceptor.TransactionAspectSupport.invokeWithinTransaction(TransactionAspectSupport.java:380) ~[spring-tx-6.2.12.jar:6.2.12]
	at org.springframework.transaction.interceptor.TransactionInterceptor.invoke(TransactionInterceptor.java:119) ~[spring-tx-6.2.12.jar:6.2.12]
	at org.springframework.aop.framework.ReflectiveMethodInvocation.proceed(ReflectiveMethodInvocation.java:184) ~[spring-aop-6.2.12.jar:6.2.12]
	at org.springframework.aop.framework.CglibAopProxy$DynamicAdvisedInterceptor.intercept(CglibAopProxy.java:728) ~[spring-aop-6.2.12.jar:6.2.12]
	at com._Blog.mojebbari.services.ReportService$$SpringCGLIB$$0.updateReportStatus(<generated>) ~[classes/:na]
	at com._Blog.mojebbari.controllers.ReportController.updateReportStatus(ReportController.java:148) ~[classes/:na]
	at java.base/jdk.internal.reflect.DirectMethodHandleAccessor.invoke(DirectMethodHandleAccessor.java:104) ~[na:na]
	at java.base/java.lang.reflect.Method.invoke(Method.java:565) ~[na:na]
	at org.springframework.aop.support.AopUtils.invokeJoinpointUsingReflection(AopUtils.java:360) ~[spring-aop-6.2.12.jar:6.2.12]
	at org.springframework.aop.framework.ReflectiveMethodInvocation.invokeJoinpoint(ReflectiveMethodInvocation.java:196) ~[spring-aop-6.2.12.jar:6.2.12]
	at org.springframework.aop.framework.ReflectiveMethodInvocation.proceed(ReflectiveMethodInvocation.java:163) ~[spring-aop-6.2.12.jar:6.2.12]
	at org.springframework.security.authorization.method.AuthorizationManagerBeforeMethodInterceptor.proceed(AuthorizationManagerBeforeMethodInterceptor.java:268) ~[spring-security-core-6.5.6.jar:6.5.6]
	at org.springframework.security.authorization.method.AuthorizationManagerBeforeMethodInterceptor.attemptAuthorization(AuthorizationManagerBeforeMethodInterceptor.java:263) ~[spring-security-core-6.5.6.jar:6.5.6]
	at org.springframework.security.authorization.method.AuthorizationManagerBeforeMethodInterceptor.invoke(AuthorizationManagerBeforeMethodInterceptor.java:196) ~[spring-security-core-6.5.6.jar:6.5.6]
	at org.springframework.security.config.annotation.method.configuration.DeferringMethodInterceptor.invoke(DeferringMethodInterceptor.java:44) ~[spring-security-config-6.5.6.jar:6.5.6]
	at org.springframework.aop.framework.ReflectiveMethodInvocation.proceed(ReflectiveMethodInvocation.java:184) ~[spring-aop-6.2.12.jar:6.2.12]
	at org.springframework.aop.framework.CglibAopProxy$DynamicAdvisedInterceptor.intercept(CglibAopProxy.java:728) ~[spring-aop-6.2.12.jar:6.2.12]
	at com._Blog.mojebbari.controllers.ReportController$$SpringCGLIB$$0.updateReportStatus(<generated>) ~[classes/:na]
	at java.base/jdk.internal.reflect.DirectMethodHandleAccessor.invoke(DirectMethodHandleAccessor.java:104) ~[na:na]
	at java.base/java.lang.reflect.Method.invoke(Method.java:565) ~[na:na]
	at org.springframework.web.method.support.InvocableHandlerMethod.doInvoke(InvocableHandlerMethod.java:258) ~[spring-web-6.2.12.jar:6.2.12]
	at org.springframework.web.method.support.InvocableHandlerMethod.invokeForRequest(InvocableHandlerMethod.java:191) ~[spring-web-6.2.12.jar:6.2.12]
	at org.springframework.web.servlet.mvc.method.annotation.ServletInvocableHandlerMethod.invokeAndHandle(ServletInvocableHandlerMethod.java:118) ~[spring-webmvc-6.2.12.jar:6.2.12]
	at org.springframework.web.servlet.mvc.method.annotation.RequestMappingHandlerAdapter.invokeHandlerMethod(RequestMappingHandlerAdapter.java:991) ~[spring-webmvc-6.2.12.jar:6.2.12]
	at org.springframework.web.servlet.mvc.method.annotation.RequestMappingHandlerAdapter.handleInternal(RequestMappingHandlerAdapter.java:896) ~[spring-webmvc-6.2.12.jar:6.2.12]
	at org.springframework.web.servlet.mvc.method.AbstractHandlerMethodAdapter.handle(AbstractHandlerMethodAdapter.java:87) ~[spring-webmvc-6.2.12.jar:6.2.12]
	at org.springframework.web.servlet.DispatcherServlet.doDispatch(DispatcherServlet.java:1089) ~[spring-webmvc-6.2.12.jar:6.2.12]
	at org.springframework.web.servlet.DispatcherServlet.doService(DispatcherServlet.java:979) ~[spring-webmvc-6.2.12.jar:6.2.12]
	at org.springframework.web.servlet.FrameworkServlet.processRequest(FrameworkServlet.java:1014) ~[spring-webmvc-6.2.12.jar:6.2.12]
	at org.springframework.web.servlet.FrameworkServlet.doPut(FrameworkServlet.java:925) ~[spring-webmvc-6.2.12.jar:6.2.12]
	at jakarta.servlet.http.HttpServlet.service(HttpServlet.java:593) ~[tomcat-embed-core-10.1.48.jar:6.0]
	at org.springframework.web.servlet.FrameworkServlet.service(FrameworkServlet.java:885) ~[spring-webmvc-6.2.12.jar:6.2.12]
	at jakarta.servlet.http.HttpServlet.service(HttpServlet.java:658) ~[tomcat-embed-core-10.1.48.jar:6.0]
	at org.apache.catalina.core.ApplicationFilterChain.internalDoFilter(ApplicationFilterChain.java:193) ~[tomcat-embed-core-10.1.48.jar:10.1.48]
	at org.apache.catalina.core.ApplicationFilterChain.doFilter(ApplicationFilterChain.java:138) ~[tomcat-embed-core-10.1.48.jar:10.1.48]
	at org.apache.tomcat.websocket.server.WsFilter.doFilter(WsFilter.java:51) ~[tomcat-embed-websocket-10.1.48.jar:10.1.48]
	at org.apache.catalina.core.ApplicationFilterChain.internalDoFilter(ApplicationFilterChain.java:162) ~[tomcat-embed-core-10.1.48.jar:10.1.48]
	at org.apache.catalina.core.ApplicationFilterChain.doFilter(ApplicationFilterChain.java:138) ~[tomcat-embed-core-10.1.48.jar:10.1.48]
	at org.springframework.web.filter.OncePerRequestFilter.doFilter(OncePerRequestFilter.java:110) ~[spring-web-6.2.12.jar:6.2.12]
	at org.apache.catalina.core.ApplicationFilterChain.internalDoFilter(ApplicationFilterChain.java:162) ~[tomcat-embed-core-10.1.48.jar:10.1.48]
	at org.apache.catalina.core.ApplicationFilterChain.doFilter(ApplicationFilterChain.java:138) ~[tomcat-embed-core-10.1.48.jar:10.1.48]
	at org.springframework.web.filter.CompositeFilter$VirtualFilterChain.doFilter(CompositeFilter.java:108) ~[spring-web-6.2.12.jar:6.2.12]
	at org.springframework.web.filter.CompositeFilter$VirtualFilterChain.doFilter(CompositeFilter.java:108) ~[spring-web-6.2.12.jar:6.2.12]
	at org.springframework.security.web.FilterChainProxy.lambda$doFilterInternal$3(FilterChainProxy.java:231) ~[spring-security-web-6.5.6.jar:6.5.6]
	at org.springframework.security.web.FilterChainProxy$VirtualFilterChain.doFilter(FilterChainProxy.java:365) ~[spring-security-web-6.5.6.jar:6.5.6]
	at org.springframework.security.web.access.intercept.AuthorizationFilter.doFilter(AuthorizationFilter.java:101) ~[spring-security-web-6.5.6.jar:6.5.6]
	at org.springframework.security.web.FilterChainProxy$VirtualFilterChain.doFilter(FilterChainProxy.java:374) ~[spring-security-web-6.5.6.jar:6.5.6]
	at org.springframework.security.web.access.ExceptionTranslationFilter.doFilter(ExceptionTranslationFilter.java:125) ~[spring-security-web-6.5.6.jar:6.5.6]
	at org.springframework.security.web.access.ExceptionTranslationFilter.doFilter(ExceptionTranslationFilter.java:119) ~[spring-security-web-6.5.6.jar:6.5.6]
	at org.springframework.security.web.FilterChainProxy$VirtualFilterChain.doFilter(FilterChainProxy.java:374) ~[spring-security-web-6.5.6.jar:6.5.6]
	at org.springframework.security.web.session.SessionManagementFilter.doFilter(SessionManagementFilter.java:131) ~[spring-security-web-6.5.6.jar:6.5.6]
	at org.springframework.security.web.session.SessionManagementFilter.doFilter(SessionManagementFilter.java:85) ~[spring-security-web-6.5.6.jar:6.5.6]
	at org.springframework.security.web.FilterChainProxy$VirtualFilterChain.doFilter(FilterChainProxy.java:374) ~[spring-security-web-6.5.6.jar:6.5.6]
	at org.springframework.security.web.authentication.AnonymousAuthenticationFilter.doFilter(AnonymousAuthenticationFilter.java:100) ~[spring-security-web-6.5.6.jar:6.5.6]
	at org.springframework.security.web.FilterChainProxy$VirtualFilterChain.doFilter(FilterChainProxy.java:374) ~[spring-security-web-6.5.6.jar:6.5.6]
	at org.springframework.security.web.servletapi.SecurityContextHolderAwareRequestFilter.doFilter(SecurityContextHolderAwareRequestFilter.java:179) ~[spring-security-web-6.5.6.jar:6.5.6]
	at org.springframework.security.web.FilterChainProxy$VirtualFilterChain.doFilter(FilterChainProxy.java:374) ~[spring-security-web-6.5.6.jar:6.5.6]
	at org.springframework.security.web.savedrequest.RequestCacheAwareFilter.doFilter(RequestCacheAwareFilter.java:63) ~[spring-security-web-6.5.6.jar:6.5.6]
	at org.springframework.security.web.FilterChainProxy$VirtualFilterChain.doFilter(FilterChainProxy.java:374) ~[spring-security-web-6.5.6.jar:6.5.6]
	at com._Blog.mojebbari.config.JwtAuthenticationFilter.doFilterInternal(JwtAuthenticationFilter.java:79) ~[classes/:na]
	at org.springframework.web.filter.OncePerRequestFilter.doFilter(OncePerRequestFilter.java:116) ~[spring-web-6.2.12.jar:6.2.12]
	at org.springframework.security.web.FilterChainProxy$VirtualFilterChain.doFilter(FilterChainProxy.java:374) ~[spring-security-web-6.5.6.jar:6.5.6]
	at org.springframework.security.web.authentication.logout.LogoutFilter.doFilter(LogoutFilter.java:107) ~[spring-security-web-6.5.6.jar:6.5.6]
	at org.springframework.security.web.authentication.logout.LogoutFilter.doFilter(LogoutFilter.java:93) ~[spring-security-web-6.5.6.jar:6.5.6]
	at org.springframework.security.web.FilterChainProxy$VirtualFilterChain.doFilter(FilterChainProxy.java:374) ~[spring-security-web-6.5.6.jar:6.5.6]
	at org.springframework.web.filter.CorsFilter.doFilterInternal(CorsFilter.java:91) ~[spring-web-6.2.12.jar:6.2.12]
	at org.springframework.web.filter.OncePerRequestFilter.doFilter(OncePerRequestFilter.java:116) ~[spring-web-6.2.12.jar:6.2.12]
	at org.springframework.security.web.FilterChainProxy$VirtualFilterChain.doFilter(FilterChainProxy.java:374) ~[spring-security-web-6.5.6.jar:6.5.6]
	at org.springframework.security.web.header.HeaderWriterFilter.doHeadersAfter(HeaderWriterFilter.java:90) ~[spring-security-web-6.5.6.jar:6.5.6]
	at org.springframework.security.web.header.HeaderWriterFilter.doFilterInternal(HeaderWriterFilter.java:75) ~[spring-security-web-6.5.6.jar:6.5.6]
	at org.springframework.web.filter.OncePerRequestFilter.doFilter(OncePerRequestFilter.java:116) ~[spring-web-6.2.12.jar:6.2.12]
	at org.springframework.security.web.FilterChainProxy$VirtualFilterChain.doFilter(FilterChainProxy.java:374) ~[spring-security-web-6.5.6.jar:6.5.6]
	at org.springframework.security.web.context.SecurityContextHolderFilter.doFilter(SecurityContextHolderFilter.java:82) ~[spring-security-web-6.5.6.jar:6.5.6]
	at org.springframework.security.web.context.SecurityContextHolderFilter.doFilter(SecurityContextHolderFilter.java:69) ~[spring-security-web-6.5.6.jar:6.5.6]
	at org.springframework.security.web.FilterChainProxy$VirtualFilterChain.doFilter(FilterChainProxy.java:374) ~[spring-security-web-6.5.6.jar:6.5.6]
	at org.springframework.security.web.context.request.async.WebAsyncManagerIntegrationFilter.doFilterInternal(WebAsyncManagerIntegrationFilter.java:62) ~[spring-security-web-6.5.6.jar:6.5.6]
	at org.springframework.web.filter.OncePerRequestFilter.doFilter(OncePerRequestFilter.java:116) ~[spring-web-6.2.12.jar:6.2.12]
	at org.springframework.security.web.FilterChainProxy$VirtualFilterChain.doFilter(FilterChainProxy.java:374) ~[spring-security-web-6.5.6.jar:6.5.6]
	at org.springframework.security.web.session.DisableEncodeUrlFilter.doFilterInternal(DisableEncodeUrlFilter.java:42) ~[spring-security-web-6.5.6.jar:6.5.6]
	at org.springframework.web.filter.OncePerRequestFilter.doFilter(OncePerRequestFilter.java:116) ~[spring-web-6.2.12.jar:6.2.12]
	at org.springframework.security.web.FilterChainProxy$VirtualFilterChain.doFilter(FilterChainProxy.java:374) ~[spring-security-web-6.5.6.jar:6.5.6]
	at org.springframework.security.web.FilterChainProxy.doFilterInternal(FilterChainProxy.java:233) ~[spring-security-web-6.5.6.jar:6.5.6]
	at org.springframework.security.web.FilterChainProxy.doFilter(FilterChainProxy.java:191) ~[spring-security-web-6.5.6.jar:6.5.6]
	at org.springframework.web.filter.CompositeFilter$VirtualFilterChain.doFilter(CompositeFilter.java:113) ~[spring-web-6.2.12.jar:6.2.12]
	at org.springframework.web.filter.ServletRequestPathFilter.doFilter(ServletRequestPathFilter.java:52) ~[spring-web-6.2.12.jar:6.2.12]
	at org.springframework.web.filter.CompositeFilter$VirtualFilterChain.doFilter(CompositeFilter.java:113) ~[spring-web-6.2.12.jar:6.2.12]
	at org.springframework.web.filter.CompositeFilter.doFilter(CompositeFilter.java:74) ~[spring-web-6.2.12.jar:6.2.12]
	at org.springframework.security.config.annotation.web.configuration.WebSecurityConfiguration$CompositeFilterChainProxy.doFilter(WebSecurityConfiguration.java:319) ~[spring-security-config-6.5.6.jar:6.5.6]
	at org.springframework.web.filter.CompositeFilter$VirtualFilterChain.doFilter(CompositeFilter.java:113) ~[spring-web-6.2.12.jar:6.2.12]
	at org.springframework.web.servlet.handler.HandlerMappingIntrospector.lambda$createCacheFilter$4(HandlerMappingIntrospector.java:267) ~[spring-webmvc-6.2.12.jar:6.2.12]
	at org.springframework.web.filter.CompositeFilter$VirtualFilterChain.doFilter(CompositeFilter.java:113) ~[spring-web-6.2.12.jar:6.2.12]
	at org.springframework.web.filter.CompositeFilter.doFilter(CompositeFilter.java:74) ~[spring-web-6.2.12.jar:6.2.12]
	at org.springframework.security.config.annotation.web.configuration.WebMvcSecurityConfiguration$CompositeFilterChainProxy.doFilter(WebMvcSecurityConfiguration.java:240) ~[spring-security-config-6.5.6.jar:6.5.6]
	at org.springframework.web.filter.DelegatingFilterProxy.invokeDelegate(DelegatingFilterProxy.java:362) ~[spring-web-6.2.12.jar:6.2.12]
	at org.springframework.web.filter.DelegatingFilterProxy.doFilter(DelegatingFilterProxy.java:278) ~[spring-web-6.2.12.jar:6.2.12]
	at org.apache.catalina.core.ApplicationFilterChain.internalDoFilter(ApplicationFilterChain.java:162) ~[tomcat-embed-core-10.1.48.jar:10.1.48]
	at org.apache.catalina.core.ApplicationFilterChain.doFilter(ApplicationFilterChain.java:138) ~[tomcat-embed-core-10.1.48.jar:10.1.48]
	at org.springframework.web.filter.RequestContextFilter.doFilterInternal(RequestContextFilter.java:100) ~[spring-web-6.2.12.jar:6.2.12]
	at org.springframework.web.filter.OncePerRequestFilter.doFilter(OncePerRequestFilter.java:116) ~[spring-web-6.2.12.jar:6.2.12]
	at org.apache.catalina.core.ApplicationFilterChain.internalDoFilter(ApplicationFilterChain.java:162) ~[tomcat-embed-core-10.1.48.jar:10.1.48]
	at org.apache.catalina.core.ApplicationFilterChain.doFilter(ApplicationFilterChain.java:138) ~[tomcat-embed-core-10.1.48.jar:10.1.48]
	at org.springframework.web.filter.FormContentFilter.doFilterInternal(FormContentFilter.java:93) ~[spring-web-6.2.12.jar:6.2.12]
	at org.springframework.web.filter.OncePerRequestFilter.doFilter(OncePerRequestFilter.java:116) ~[spring-web-6.2.12.jar:6.2.12]
	at org.apache.catalina.core.ApplicationFilterChain.internalDoFilter(ApplicationFilterChain.java:162) ~[tomcat-embed-core-10.1.48.jar:10.1.48]
	at org.apache.catalina.core.ApplicationFilterChain.doFilter(ApplicationFilterChain.java:138) ~[tomcat-embed-core-10.1.48.jar:10.1.48]
	at org.springframework.web.filter.CharacterEncodingFilter.doFilterInternal(CharacterEncodingFilter.java:201) ~[spring-web-6.2.12.jar:6.2.12]
	at org.springframework.web.filter.OncePerRequestFilter.doFilter(OncePerRequestFilter.java:116) ~[spring-web-6.2.12.jar:6.2.12]
	at org.apache.catalina.core.ApplicationFilterChain.internalDoFilter(ApplicationFilterChain.java:162) ~[tomcat-embed-core-10.1.48.jar:10.1.48]
	at org.apache.catalina.core.ApplicationFilterChain.doFilter(ApplicationFilterChain.java:138) ~[tomcat-embed-core-10.1.48.jar:10.1.48]
	at org.apache.catalina.core.StandardWrapperValve.invoke(StandardWrapperValve.java:165) ~[tomcat-embed-core-10.1.48.jar:10.1.48]
	at org.apache.catalina.core.StandardContextValve.invoke(StandardContextValve.java:88) ~[tomcat-embed-core-10.1.48.jar:10.1.48]
	at org.apache.catalina.authenticator.AuthenticatorBase.invoke(AuthenticatorBase.java:482) ~[tomcat-embed-core-10.1.48.jar:10.1.48]
	at org.apache.catalina.core.StandardHostValve.invoke(StandardHostValve.java:113) ~[tomcat-embed-core-10.1.48.jar:10.1.48]
	at org.apache.catalina.valves.ErrorReportValve.invoke(ErrorReportValve.java:83) ~[tomcat-embed-core-10.1.48.jar:10.1.48]
	at org.apache.catalina.core.StandardEngineValve.invoke(StandardEngineValve.java:72) ~[tomcat-embed-core-10.1.48.jar:10.1.48]
	at org.apache.catalina.connector.CoyoteAdapter.service(CoyoteAdapter.java:342) ~[tomcat-embed-core-10.1.48.jar:10.1.48]
	at org.apache.coyote.http11.Http11Processor.service(Http11Processor.java:399) ~[tomcat-embed-core-10.1.48.jar:10.1.48]
	at org.apache.coyote.AbstractProcessorLight.process(AbstractProcessorLight.java:63) ~[tomcat-embed-core-10.1.48.jar:10.1.48]
	at org.apache.coyote.AbstractProtocol$ConnectionHandler.process(AbstractProtocol.java:903) ~[tomcat-embed-core-10.1.48.jar:10.1.48]
	at org.apache.tomcat.util.net.NioEndpoint$SocketProcessor.doRun(NioEndpoint.java:1774) ~[tomcat-embed-core-10.1.48.jar:10.1.48]
	at org.apache.tomcat.util.net.SocketProcessorBase.run(SocketProcessorBase.java:52) ~[tomcat-embed-core-10.1.48.jar:10.1.48]
	at org.apache.tomcat.util.threads.ThreadPoolExecutor.runWorker(ThreadPoolExecutor.java:973) ~[tomcat-embed-core-10.1.48.jar:10.1.48]
	at org.apache.tomcat.util.threads.ThreadPoolExecutor$Worker.run(ThreadPoolExecutor.java:491) ~[tomcat-embed-core-10.1.48.jar:10.1.48]
	at org.apache.tomcat.util.threads.TaskThread$WrappingRunnable.run(TaskThread.java:63) ~[tomcat-embed-core-10.1.48.jar:10.1.48]
	at java.base/java.lang.Thread.run(Thread.java:1474) ~[na:na]
Caused by: org.hibernate.exception.ConstraintViolationException: could not execute statement [ERROR: new row for relation "notifications" violates check constraint "notifications_type_check"
  Detail: Failing row contains (19, 2026-01-17 22:10:18.844737, f, Your report about a post has been resolved by admin, REPORT_REVIEWED, 6, null, null, 22).] [insert into notifications (actor_id,comment_id,created_at,is_read,message,post_id,recipient_id,type) values (?,?,?,?,?,?,?,?)]
	at org.hibernate.exception.internal.SQLStateConversionDelegate.convert(SQLStateConversionDelegate.java:97) ~[hibernate-core-6.6.33.Final.jar:6.6.33.Final]
	at org.hibernate.exception.internal.StandardSQLExceptionConverter.convert(StandardSQLExceptionConverter.java:58) ~[hibernate-core-6.6.33.Final.jar:6.6.33.Final]
	at org.hibernate.engine.jdbc.spi.SqlExceptionHelper.convert(SqlExceptionHelper.java:108) ~[hibernate-core-6.6.33.Final.jar:6.6.33.Final]
	at org.hibernate.engine.jdbc.internal.ResultSetReturnImpl.executeUpdate(ResultSetReturnImpl.java:197) ~[hibernate-core-6.6.33.Final.jar:6.6.33.Final]
	at org.hibernate.id.insert.GetGeneratedKeysDelegate.performMutation(GetGeneratedKeysDelegate.java:116) ~[hibernate-core-6.6.33.Final.jar:6.6.33.Final]
	at org.hibernate.engine.jdbc.mutation.internal.MutationExecutorSingleNonBatched.performNonBatchedOperations(MutationExecutorSingleNonBatched.java:47) ~[hibernate-core-6.6.33.Final.jar:6.6.33.Final]
	at org.hibernate.engine.jdbc.mutation.internal.AbstractMutationExecutor.execute(AbstractMutationExecutor.java:55) ~[hibernate-core-6.6.33.Final.jar:6.6.33.Final]
	at org.hibernate.persister.entity.mutation.InsertCoordinatorStandard.doStaticInserts(InsertCoordinatorStandard.java:194) ~[hibernate-core-6.6.33.Final.jar:6.6.33.Final]
	at org.hibernate.persister.entity.mutation.InsertCoordinatorStandard.coordinateInsert(InsertCoordinatorStandard.java:132) ~[hibernate-core-6.6.33.Final.jar:6.6.33.Final]
	at org.hibernate.persister.entity.mutation.InsertCoordinatorStandard.insert(InsertCoordinatorStandard.java:95) ~[hibernate-core-6.6.33.Final.jar:6.6.33.Final]
	at org.hibernate.action.internal.EntityIdentityInsertAction.execute(EntityIdentityInsertAction.java:85) ~[hibernate-core-6.6.33.Final.jar:6.6.33.Final]
	at org.hibernate.engine.spi.ActionQueue.execute(ActionQueue.java:682) ~[hibernate-core-6.6.33.Final.jar:6.6.33.Final]
	at org.hibernate.engine.spi.ActionQueue.addResolvedEntityInsertAction(ActionQueue.java:293) ~[hibernate-core-6.6.33.Final.jar:6.6.33.Final]
	at org.hibernate.engine.spi.ActionQueue.addInsertAction(ActionQueue.java:274) ~[hibernate-core-6.6.33.Final.jar:6.6.33.Final]
	at org.hibernate.engine.spi.ActionQueue.addAction(ActionQueue.java:324) ~[hibernate-core-6.6.33.Final.jar:6.6.33.Final]
	at org.hibernate.event.internal.AbstractSaveEventListener.addInsertAction(AbstractSaveEventListener.java:394) ~[hibernate-core-6.6.33.Final.jar:6.6.33.Final]
	at org.hibernate.event.internal.AbstractSaveEventListener.performSaveOrReplicate(AbstractSaveEventListener.java:308) ~[hibernate-core-6.6.33.Final.jar:6.6.33.Final]
	at org.hibernate.event.internal.AbstractSaveEventListener.performSave(AbstractSaveEventListener.java:224) ~[hibernate-core-6.6.33.Final.jar:6.6.33.Final]
	at org.hibernate.event.internal.AbstractSaveEventListener.saveWithGeneratedId(AbstractSaveEventListener.java:136) ~[hibernate-core-6.6.33.Final.jar:6.6.33.Final]
	at org.hibernate.event.internal.DefaultPersistEventListener.entityIsTransient(DefaultPersistEventListener.java:177) ~[hibernate-core-6.6.33.Final.jar:6.6.33.Final]
	at org.hibernate.event.internal.DefaultPersistEventListener.persist(DefaultPersistEventListener.java:95) ~[hibernate-core-6.6.33.Final.jar:6.6.33.Final]
	at org.hibernate.event.internal.DefaultPersistEventListener.onPersist(DefaultPersistEventListener.java:79) ~[hibernate-core-6.6.33.Final.jar:6.6.33.Final]
	at org.hibernate.event.internal.DefaultPersistEventListener.onPersist(DefaultPersistEventListener.java:55) ~[hibernate-core-6.6.33.Final.jar:6.6.33.Final]
	at org.hibernate.event.service.internal.EventListenerGroupImpl.fireEventOnEachListener(EventListenerGroupImpl.java:127) ~[hibernate-core-6.6.33.Final.jar:6.6.33.Final]
	at org.hibernate.internal.SessionImpl.firePersist(SessionImpl.java:761) ~[hibernate-core-6.6.33.Final.jar:6.6.33.Final]
	at org.hibernate.internal.SessionImpl.persist(SessionImpl.java:745) ~[hibernate-core-6.6.33.Final.jar:6.6.33.Final]
	at java.base/jdk.internal.reflect.DirectMethodHandleAccessor.invoke(DirectMethodHandleAccessor.java:104) ~[na:na]
	at java.base/java.lang.reflect.Method.invoke(Method.java:565) ~[na:na]
	at org.springframework.orm.jpa.ExtendedEntityManagerCreator$ExtendedEntityManagerInvocationHandler.invoke(ExtendedEntityManagerCreator.java:364) ~[spring-orm-6.2.12.jar:6.2.12]
	at jdk.proxy8/jdk.proxy8.$Proxy183.persist(Unknown Source) ~[na:na]
	at java.base/jdk.internal.reflect.DirectMethodHandleAccessor.invoke(DirectMethodHandleAccessor.java:104) ~[na:na]
	at java.base/java.lang.reflect.Method.invoke(Method.java:565) ~[na:na]
	at org.springframework.orm.jpa.SharedEntityManagerCreator$SharedEntityManagerInvocationHandler.invoke(SharedEntityManagerCreator.java:320) ~[spring-orm-6.2.12.jar:6.2.12]
	at jdk.proxy8/jdk.proxy8.$Proxy183.persist(Unknown Source) ~[na:na]
	at org.springframework.data.jpa.repository.support.SimpleJpaRepository.save(SimpleJpaRepository.java:654) ~[spring-data-jpa-3.5.5.jar:3.5.5]
	at java.base/jdk.internal.reflect.DirectMethodHandleAccessor.invoke(DirectMethodHandleAccessor.java:104) ~[na:na]
	at java.base/java.lang.reflect.Method.invoke(Method.java:565) ~[na:na]
	at org.springframework.aop.support.AopUtils.invokeJoinpointUsingReflection(AopUtils.java:360) ~[spring-aop-6.2.12.jar:6.2.12]
	at org.springframework.data.repository.core.support.RepositoryMethodInvoker$RepositoryFragmentMethodInvoker.lambda$new$0(RepositoryMethodInvoker.java:277) ~[spring-data-commons-3.5.5.jar:3.5.5]
	at org.springframework.data.repository.core.support.RepositoryMethodInvoker.doInvoke(RepositoryMethodInvoker.java:170) ~[spring-data-commons-3.5.5.jar:3.5.5]
	at org.springframework.data.repository.core.support.RepositoryMethodInvoker.invoke(RepositoryMethodInvoker.java:158) ~[spring-data-commons-3.5.5.jar:3.5.5]
	at org.springframework.data.repository.core.support.RepositoryComposition$RepositoryFragments.invoke(RepositoryComposition.java:515) ~[spring-data-commons-3.5.5.jar:3.5.5]
	at org.springframework.data.repository.core.support.RepositoryComposition.invoke(RepositoryComposition.java:284) ~[spring-data-commons-3.5.5.jar:3.5.5]
	at org.springframework.data.repository.core.support.RepositoryFactorySupport$ImplementationMethodExecutionInterceptor.invoke(RepositoryFactorySupport.java:734) ~[spring-data-commons-3.5.5.jar:3.5.5]
	at org.springframework.aop.framework.ReflectiveMethodInvocation.proceed(ReflectiveMethodInvocation.java:184) ~[spring-aop-6.2.12.jar:6.2.12]
	at org.springframework.data.repository.core.support.QueryExecutorMethodInterceptor.doInvoke(QueryExecutorMethodInterceptor.java:174) ~[spring-data-commons-3.5.5.jar:3.5.5]
	at org.springframework.data.repository.core.support.QueryExecutorMethodInterceptor.invoke(QueryExecutorMethodInterceptor.java:149) ~[spring-data-commons-3.5.5.jar:3.5.5]
	at org.springframework.aop.framework.ReflectiveMethodInvocation.proceed(ReflectiveMethodInvocation.java:184) ~[spring-aop-6.2.12.jar:6.2.12]
	at org.springframework.data.projection.DefaultMethodInvokingMethodInterceptor.invoke(DefaultMethodInvokingMethodInterceptor.java:69) ~[spring-data-commons-3.5.5.jar:3.5.5]
	at org.springframework.aop.framework.ReflectiveMethodInvocation.proceed(ReflectiveMethodInvocation.java:184) ~[spring-aop-6.2.12.jar:6.2.12]
	at org.springframework.transaction.interceptor.TransactionAspectSupport.invokeWithinTransaction(TransactionAspectSupport.java:380) ~[spring-tx-6.2.12.jar:6.2.12]
	at org.springframework.transaction.interceptor.TransactionInterceptor.invoke(TransactionInterceptor.java:119) ~[spring-tx-6.2.12.jar:6.2.12]
	at org.springframework.aop.framework.ReflectiveMethodInvocation.proceed(ReflectiveMethodInvocation.java:184) ~[spring-aop-6.2.12.jar:6.2.12]
	at org.springframework.dao.support.PersistenceExceptionTranslationInterceptor.invoke(PersistenceExceptionTranslationInterceptor.java:138) ~[spring-tx-6.2.12.jar:6.2.12]
	... 148 common frames omitted
Caused by: org.postgresql.util.PSQLException: ERROR: new row for relation "notifications" violates check constraint "notifications_type_check"
  Detail: Failing row contains (19, 2026-01-17 22:10:18.844737, f, Your report about a post has been resolved by admin, REPORT_REVIEWED, 6, null, null, 22).
	at org.postgresql.core.v3.QueryExecutorImpl.receiveErrorResponse(QueryExecutorImpl.java:2736) ~[postgresql-42.7.8.jar:42.7.8]
	at org.postgresql.core.v3.QueryExecutorImpl.processResults(QueryExecutorImpl.java:2421) ~[postgresql-42.7.8.jar:42.7.8]
	at org.postgresql.core.v3.QueryExecutorImpl.execute(QueryExecutorImpl.java:372) ~[postgresql-42.7.8.jar:42.7.8]
	at org.postgresql.jdbc.PgStatement.executeInternal(PgStatement.java:525) ~[postgresql-42.7.8.jar:42.7.8]
	at org.postgresql.jdbc.PgStatement.execute(PgStatement.java:435) ~[postgresql-42.7.8.jar:42.7.8]
	at org.postgresql.jdbc.PgPreparedStatement.executeWithFlags(PgPreparedStatement.java:196) ~[postgresql-42.7.8.jar:42.7.8]
	at org.postgresql.jdbc.PgPreparedStatement.executeUpdate(PgPreparedStatement.java:157) ~[postgresql-42.7.8.jar:42.7.8]
	at com.zaxxer.hikari.pool.ProxyPreparedStatement.executeUpdate(ProxyPreparedStatement.java:61) ~[HikariCP-6.3.3.jar:na]
	at com.zaxxer.hikari.pool.HikariProxyPreparedStatement.executeUpdate(HikariProxyPreparedStatement.java) ~[HikariCP-6.3.3.jar:na]
	at org.hibernate.engine.jdbc.internal.ResultSetReturnImpl.executeUpdate(ResultSetReturnImpl.java:194) ~[hibernate-core-6.6.33.Final.jar:6.6.33.Final]
	... 198 common frames omitted

Hibernate: 
    select
        p1_0.id,
        p1_0.category,
        p1_0.content,
        p1_0.created_at,
        p1_0.media_url,
        p1_0.title,
        p1_0.user_id 
    from
        posts p1_0 
    where
        p1_0.id=?
2026-01-17T22:10:18.853+01:00  WARN 52678 --- [mojebbari] [nio-8080-exec-2] o.h.engine.jdbc.spi.SqlExceptionHelper   : SQL Error: 0, SQLState: 25P02
2026-01-17T22:10:18.853+01:00 ERROR 52678 --- [mojebbari] [nio-8080-exec-2] o.h.engine.jdbc.spi.SqlExceptionHelper   : ERROR: current transaction is aborted, commands ignored until end of transaction block
2026-01-17T22:10:18.853+01:00  INFO 52678 --- [mojebbari] [nio-8080-exec-2] o.h.e.internal.DefaultLoadEventListener  : HHH000327: Error performing load command

org.hibernate.exception.GenericJDBCException: JDBC exception executing SQL [select p1_0.id,p1_0.category,p1_0.content,p1_0.created_at,p1_0.media_url,p1_0.title,p1_0.user_id from posts p1_0 where p1_0.id=?] [ERROR: current transaction is aborted, commands ignored until end of transaction block] [n/a]
	at org.hibernate.exception.internal.StandardSQLExceptionConverter.convert(StandardSQLExceptionConverter.java:63) ~[hibernate-core-6.6.33.Final.jar:6.6.33.Final]
	at org.hibernate.engine.jdbc.spi.SqlExceptionHelper.convert(SqlExceptionHelper.java:108) ~[hibernate-core-6.6.33.Final.jar:6.6.33.Final]
	at org.hibernate.engine.jdbc.spi.SqlExceptionHelper.convert(SqlExceptionHelper.java:94) ~[hibernate-core-6.6.33.Final.jar:6.6.33.Final]
	at org.hibernate.sql.results.jdbc.internal.DeferredResultSetAccess.executeQuery(DeferredResultSetAccess.java:269) ~[hibernate-core-6.6.33.Final.jar:6.6.33.Final]
	at org.hibernate.sql.results.jdbc.internal.DeferredResultSetAccess.getResultSet(DeferredResultSetAccess.java:172) ~[hibernate-core-6.6.33.Final.jar:6.6.33.Final]
	at org.hibernate.sql.results.jdbc.internal.JdbcValuesResultSetImpl.<init>(JdbcValuesResultSetImpl.java:74) ~[hibernate-core-6.6.33.Final.jar:6.6.33.Final]
	at org.hibernate.sql.exec.internal.JdbcSelectExecutorStandardImpl.resolveJdbcValuesSource(JdbcSelectExecutorStandardImpl.java:355) ~[hibernate-core-6.6.33.Final.jar:6.6.33.Final]
	at org.hibernate.sql.exec.internal.JdbcSelectExecutorStandardImpl.doExecuteQuery(JdbcSelectExecutorStandardImpl.java:137) ~[hibernate-core-6.6.33.Final.jar:6.6.33.Final]
	at org.hibernate.sql.exec.internal.JdbcSelectExecutorStandardImpl.executeQuery(JdbcSelectExecutorStandardImpl.java:102) ~[hibernate-core-6.6.33.Final.jar:6.6.33.Final]
	at org.hibernate.sql.exec.spi.JdbcSelectExecutor.executeQuery(JdbcSelectExecutor.java:91) ~[hibernate-core-6.6.33.Final.jar:6.6.33.Final]
	at org.hibernate.sql.exec.spi.JdbcSelectExecutor.list(JdbcSelectExecutor.java:165) ~[hibernate-core-6.6.33.Final.jar:6.6.33.Final]
	at org.hibernate.loader.ast.internal.SingleIdLoadPlan.load(SingleIdLoadPlan.java:145) ~[hibernate-core-6.6.33.Final.jar:6.6.33.Final]
	at org.hibernate.loader.ast.internal.SingleIdLoadPlan.load(SingleIdLoadPlan.java:117) ~[hibernate-core-6.6.33.Final.jar:6.6.33.Final]
	at org.hibernate.loader.ast.internal.SingleIdEntityLoaderStandardImpl.load(SingleIdEntityLoaderStandardImpl.java:74) ~[hibernate-core-6.6.33.Final.jar:6.6.33.Final]
	at org.hibernate.persister.entity.AbstractEntityPersister.doLoad(AbstractEntityPersister.java:3908) ~[hibernate-core-6.6.33.Final.jar:6.6.33.Final]
	at org.hibernate.persister.entity.AbstractEntityPersister.load(AbstractEntityPersister.java:3897) ~[hibernate-core-6.6.33.Final.jar:6.6.33.Final]
	at org.hibernate.event.internal.DefaultLoadEventListener.loadFromDatasource(DefaultLoadEventListener.java:604) ~[hibernate-core-6.6.33.Final.jar:6.6.33.Final]
	at org.hibernate.event.internal.DefaultLoadEventListener.loadFromCacheOrDatasource(DefaultLoadEventListener.java:590) ~[hibernate-core-6.6.33.Final.jar:6.6.33.Final]
	at org.hibernate.event.internal.DefaultLoadEventListener.load(DefaultLoadEventListener.java:560) ~[hibernate-core-6.6.33.Final.jar:6.6.33.Final]
	at org.hibernate.event.internal.DefaultLoadEventListener.doLoad(DefaultLoadEventListener.java:544) ~[hibernate-core-6.6.33.Final.jar:6.6.33.Final]
	at org.hibernate.event.internal.DefaultLoadEventListener.load(DefaultLoadEventListener.java:206) ~[hibernate-core-6.6.33.Final.jar:6.6.33.Final]
	at org.hibernate.event.internal.DefaultLoadEventListener.doOnLoad(DefaultLoadEventListener.java:105) ~[hibernate-core-6.6.33.Final.jar:6.6.33.Final]
	at org.hibernate.event.internal.DefaultLoadEventListener.onLoad(DefaultLoadEventListener.java:69) ~[hibernate-core-6.6.33.Final.jar:6.6.33.Final]
	at org.hibernate.event.service.internal.EventListenerGroupImpl.fireEventOnEachListener(EventListenerGroupImpl.java:138) ~[hibernate-core-6.6.33.Final.jar:6.6.33.Final]
	at org.hibernate.internal.SessionImpl.fireLoadNoChecks(SessionImpl.java:1229) ~[hibernate-core-6.6.33.Final.jar:6.6.33.Final]
	at org.hibernate.internal.SessionImpl.immediateLoad(SessionImpl.java:1048) ~[hibernate-core-6.6.33.Final.jar:6.6.33.Final]
	at org.hibernate.proxy.AbstractLazyInitializer.initialize(AbstractLazyInitializer.java:186) ~[hibernate-core-6.6.33.Final.jar:6.6.33.Final]
	at org.hibernate.proxy.AbstractLazyInitializer.getImplementation(AbstractLazyInitializer.java:328) ~[hibernate-core-6.6.33.Final.jar:6.6.33.Final]
	at org.hibernate.proxy.pojo.bytebuddy.ByteBuddyInterceptor.intercept(ByteBuddyInterceptor.java:44) ~[hibernate-core-6.6.33.Final.jar:6.6.33.Final]
	at org.hibernate.proxy.ProxyConfiguration$InterceptorDispatcher.intercept(ProxyConfiguration.java:102) ~[hibernate-core-6.6.33.Final.jar:6.6.33.Final]
	at com._Blog.mojebbari.models.Post$HibernateProxy.getContent(Unknown Source) ~[classes/:na]
	at com._Blog.mojebbari.services.ReportService.mapToResponse(ReportService.java:274) ~[classes/:na]
	at com._Blog.mojebbari.services.ReportService.updateReportStatus(ReportService.java:197) ~[classes/:na]
	at java.base/jdk.internal.reflect.DirectMethodHandleAccessor.invoke(DirectMethodHandleAccessor.java:104) ~[na:na]
	at java.base/java.lang.reflect.Method.invoke(Method.java:565) ~[na:na]
	at org.springframework.aop.support.AopUtils.invokeJoinpointUsingReflection(AopUtils.java:360) ~[spring-aop-6.2.12.jar:6.2.12]
	at org.springframework.aop.framework.ReflectiveMethodInvocation.invokeJoinpoint(ReflectiveMethodInvocation.java:196) ~[spring-aop-6.2.12.jar:6.2.12]
	at org.springframework.aop.framework.ReflectiveMethodInvocation.proceed(ReflectiveMethodInvocation.java:163) ~[spring-aop-6.2.12.jar:6.2.12]
	at org.springframework.transaction.interceptor.TransactionAspectSupport.invokeWithinTransaction(TransactionAspectSupport.java:380) ~[spring-tx-6.2.12.jar:6.2.12]
	at org.springframework.transaction.interceptor.TransactionInterceptor.invoke(TransactionInterceptor.java:119) ~[spring-tx-6.2.12.jar:6.2.12]
	at org.springframework.aop.framework.ReflectiveMethodInvocation.proceed(ReflectiveMethodInvocation.java:184) ~[spring-aop-6.2.12.jar:6.2.12]
	at org.springframework.aop.framework.CglibAopProxy$DynamicAdvisedInterceptor.intercept(CglibAopProxy.java:728) ~[spring-aop-6.2.12.jar:6.2.12]
	at com._Blog.mojebbari.services.ReportService$$SpringCGLIB$$0.updateReportStatus(<generated>) ~[classes/:na]
	at com._Blog.mojebbari.controllers.ReportController.updateReportStatus(ReportController.java:148) ~[classes/:na]
	at java.base/jdk.internal.reflect.DirectMethodHandleAccessor.invoke(DirectMethodHandleAccessor.java:104) ~[na:na]
	at java.base/java.lang.reflect.Method.invoke(Method.java:565) ~[na:na]
	at org.springframework.aop.support.AopUtils.invokeJoinpointUsingReflection(AopUtils.java:360) ~[spring-aop-6.2.12.jar:6.2.12]
	at org.springframework.aop.framework.ReflectiveMethodInvocation.invokeJoinpoint(ReflectiveMethodInvocation.java:196) ~[spring-aop-6.2.12.jar:6.2.12]
	at org.springframework.aop.framework.ReflectiveMethodInvocation.proceed(ReflectiveMethodInvocation.java:163) ~[spring-aop-6.2.12.jar:6.2.12]
	at org.springframework.security.authorization.method.AuthorizationManagerBeforeMethodInterceptor.proceed(AuthorizationManagerBeforeMethodInterceptor.java:268) ~[spring-security-core-6.5.6.jar:6.5.6]
	at org.springframework.security.authorization.method.AuthorizationManagerBeforeMethodInterceptor.attemptAuthorization(AuthorizationManagerBeforeMethodInterceptor.java:263) ~[spring-security-core-6.5.6.jar:6.5.6]
	at org.springframework.security.authorization.method.AuthorizationManagerBeforeMethodInterceptor.invoke(AuthorizationManagerBeforeMethodInterceptor.java:196) ~[spring-security-core-6.5.6.jar:6.5.6]
	at org.springframework.security.config.annotation.method.configuration.DeferringMethodInterceptor.invoke(DeferringMethodInterceptor.java:44) ~[spring-security-config-6.5.6.jar:6.5.6]
	at org.springframework.aop.framework.ReflectiveMethodInvocation.proceed(ReflectiveMethodInvocation.java:184) ~[spring-aop-6.2.12.jar:6.2.12]
	at org.springframework.aop.framework.CglibAopProxy$DynamicAdvisedInterceptor.intercept(CglibAopProxy.java:728) ~[spring-aop-6.2.12.jar:6.2.12]
	at com._Blog.mojebbari.controllers.ReportController$$SpringCGLIB$$0.updateReportStatus(<generated>) ~[classes/:na]
	at java.base/jdk.internal.reflect.DirectMethodHandleAccessor.invoke(DirectMethodHandleAccessor.java:104) ~[na:na]
	at java.base/java.lang.reflect.Method.invoke(Method.java:565) ~[na:na]
	at org.springframework.web.method.support.InvocableHandlerMethod.doInvoke(InvocableHandlerMethod.java:258) ~[spring-web-6.2.12.jar:6.2.12]
	at org.springframework.web.method.support.InvocableHandlerMethod.invokeForRequest(InvocableHandlerMethod.java:191) ~[spring-web-6.2.12.jar:6.2.12]
	at org.springframework.web.servlet.mvc.method.annotation.ServletInvocableHandlerMethod.invokeAndHandle(ServletInvocableHandlerMethod.java:118) ~[spring-webmvc-6.2.12.jar:6.2.12]
	at org.springframework.web.servlet.mvc.method.annotation.RequestMappingHandlerAdapter.invokeHandlerMethod(RequestMappingHandlerAdapter.java:991) ~[spring-webmvc-6.2.12.jar:6.2.12]
	at org.springframework.web.servlet.mvc.method.annotation.RequestMappingHandlerAdapter.handleInternal(RequestMappingHandlerAdapter.java:896) ~[spring-webmvc-6.2.12.jar:6.2.12]
	at org.springframework.web.servlet.mvc.method.AbstractHandlerMethodAdapter.handle(AbstractHandlerMethodAdapter.java:87) ~[spring-webmvc-6.2.12.jar:6.2.12]
	at org.springframework.web.servlet.DispatcherServlet.doDispatch(DispatcherServlet.java:1089) ~[spring-webmvc-6.2.12.jar:6.2.12]
	at org.springframework.web.servlet.DispatcherServlet.doService(DispatcherServlet.java:979) ~[spring-webmvc-6.2.12.jar:6.2.12]
	at org.springframework.web.servlet.FrameworkServlet.processRequest(FrameworkServlet.java:1014) ~[spring-webmvc-6.2.12.jar:6.2.12]
	at org.springframework.web.servlet.FrameworkServlet.doPut(FrameworkServlet.java:925) ~[spring-webmvc-6.2.12.jar:6.2.12]
	at jakarta.servlet.http.HttpServlet.service(HttpServlet.java:593) ~[tomcat-embed-core-10.1.48.jar:6.0]
	at org.springframework.web.servlet.FrameworkServlet.service(FrameworkServlet.java:885) ~[spring-webmvc-6.2.12.jar:6.2.12]
	at jakarta.servlet.http.HttpServlet.service(HttpServlet.java:658) ~[tomcat-embed-core-10.1.48.jar:6.0]
	at org.apache.catalina.core.ApplicationFilterChain.internalDoFilter(ApplicationFilterChain.java:193) ~[tomcat-embed-core-10.1.48.jar:10.1.48]
	at org.apache.catalina.core.ApplicationFilterChain.doFilter(ApplicationFilterChain.java:138) ~[tomcat-embed-core-10.1.48.jar:10.1.48]
	at org.apache.tomcat.websocket.server.WsFilter.doFilter(WsFilter.java:51) ~[tomcat-embed-websocket-10.1.48.jar:10.1.48]
	at org.apache.catalina.core.ApplicationFilterChain.internalDoFilter(ApplicationFilterChain.java:162) ~[tomcat-embed-core-10.1.48.jar:10.1.48]
	at org.apache.catalina.core.ApplicationFilterChain.doFilter(ApplicationFilterChain.java:138) ~[tomcat-embed-core-10.1.48.jar:10.1.48]
	at org.springframework.web.filter.OncePerRequestFilter.doFilter(OncePerRequestFilter.java:110) ~[spring-web-6.2.12.jar:6.2.12]
	at org.apache.catalina.core.ApplicationFilterChain.internalDoFilter(ApplicationFilterChain.java:162) ~[tomcat-embed-core-10.1.48.jar:10.1.48]
	at org.apache.catalina.core.ApplicationFilterChain.doFilter(ApplicationFilterChain.java:138) ~[tomcat-embed-core-10.1.48.jar:10.1.48]
	at org.springframework.web.filter.CompositeFilter$VirtualFilterChain.doFilter(CompositeFilter.java:108) ~[spring-web-6.2.12.jar:6.2.12]
	at org.springframework.web.filter.CompositeFilter$VirtualFilterChain.doFilter(CompositeFilter.java:108) ~[spring-web-6.2.12.jar:6.2.12]
	at org.springframework.security.web.FilterChainProxy.lambda$doFilterInternal$3(FilterChainProxy.java:231) ~[spring-security-web-6.5.6.jar:6.5.6]
	at org.springframework.security.web.FilterChainProxy$VirtualFilterChain.doFilter(FilterChainProxy.java:365) ~[spring-security-web-6.5.6.jar:6.5.6]
	at org.springframework.security.web.access.intercept.AuthorizationFilter.doFilter(AuthorizationFilter.java:101) ~[spring-security-web-6.5.6.jar:6.5.6]
	at org.springframework.security.web.FilterChainProxy$VirtualFilterChain.doFilter(FilterChainProxy.java:374) ~[spring-security-web-6.5.6.jar:6.5.6]
	at org.springframework.security.web.access.ExceptionTranslationFilter.doFilter(ExceptionTranslationFilter.java:125) ~[spring-security-web-6.5.6.jar:6.5.6]
	at org.springframework.security.web.access.ExceptionTranslationFilter.doFilter(ExceptionTranslationFilter.java:119) ~[spring-security-web-6.5.6.jar:6.5.6]
	at org.springframework.security.web.FilterChainProxy$VirtualFilterChain.doFilter(FilterChainProxy.java:374) ~[spring-security-web-6.5.6.jar:6.5.6]
	at org.springframework.security.web.session.SessionManagementFilter.doFilter(SessionManagementFilter.java:131) ~[spring-security-web-6.5.6.jar:6.5.6]
	at org.springframework.security.web.session.SessionManagementFilter.doFilter(SessionManagementFilter.java:85) ~[spring-security-web-6.5.6.jar:6.5.6]
	at org.springframework.security.web.FilterChainProxy$VirtualFilterChain.doFilter(FilterChainProxy.java:374) ~[spring-security-web-6.5.6.jar:6.5.6]
	at org.springframework.security.web.authentication.AnonymousAuthenticationFilter.doFilter(AnonymousAuthenticationFilter.java:100) ~[spring-security-web-6.5.6.jar:6.5.6]
	at org.springframework.security.web.FilterChainProxy$VirtualFilterChain.doFilter(FilterChainProxy.java:374) ~[spring-security-web-6.5.6.jar:6.5.6]
	at org.springframework.security.web.servletapi.SecurityContextHolderAwareRequestFilter.doFilter(SecurityContextHolderAwareRequestFilter.java:179) ~[spring-security-web-6.5.6.jar:6.5.6]
	at org.springframework.security.web.FilterChainProxy$VirtualFilterChain.doFilter(FilterChainProxy.java:374) ~[spring-security-web-6.5.6.jar:6.5.6]
	at org.springframework.security.web.savedrequest.RequestCacheAwareFilter.doFilter(RequestCacheAwareFilter.java:63) ~[spring-security-web-6.5.6.jar:6.5.6]
	at org.springframework.security.web.FilterChainProxy$VirtualFilterChain.doFilter(FilterChainProxy.java:374) ~[spring-security-web-6.5.6.jar:6.5.6]
	at com._Blog.mojebbari.config.JwtAuthenticationFilter.doFilterInternal(JwtAuthenticationFilter.java:79) ~[classes/:na]
	at org.springframework.web.filter.OncePerRequestFilter.doFilter(OncePerRequestFilter.java:116) ~[spring-web-6.2.12.jar:6.2.12]
	at org.springframework.security.web.FilterChainProxy$VirtualFilterChain.doFilter(FilterChainProxy.java:374) ~[spring-security-web-6.5.6.jar:6.5.6]
	at org.springframework.security.web.authentication.logout.LogoutFilter.doFilter(LogoutFilter.java:107) ~[spring-security-web-6.5.6.jar:6.5.6]
	at org.springframework.security.web.authentication.logout.LogoutFilter.doFilter(LogoutFilter.java:93) ~[spring-security-web-6.5.6.jar:6.5.6]
	at org.springframework.security.web.FilterChainProxy$VirtualFilterChain.doFilter(FilterChainProxy.java:374) ~[spring-security-web-6.5.6.jar:6.5.6]
	at org.springframework.web.filter.CorsFilter.doFilterInternal(CorsFilter.java:91) ~[spring-web-6.2.12.jar:6.2.12]
	at org.springframework.web.filter.OncePerRequestFilter.doFilter(OncePerRequestFilter.java:116) ~[spring-web-6.2.12.jar:6.2.12]
	at org.springframework.security.web.FilterChainProxy$VirtualFilterChain.doFilter(FilterChainProxy.java:374) ~[spring-security-web-6.5.6.jar:6.5.6]
	at org.springframework.security.web.header.HeaderWriterFilter.doHeadersAfter(HeaderWriterFilter.java:90) ~[spring-security-web-6.5.6.jar:6.5.6]
	at org.springframework.security.web.header.HeaderWriterFilter.doFilterInternal(HeaderWriterFilter.java:75) ~[spring-security-web-6.5.6.jar:6.5.6]
	at org.springframework.web.filter.OncePerRequestFilter.doFilter(OncePerRequestFilter.java:116) ~[spring-web-6.2.12.jar:6.2.12]
	at org.springframework.security.web.FilterChainProxy$VirtualFilterChain.doFilter(FilterChainProxy.java:374) ~[spring-security-web-6.5.6.jar:6.5.6]
	at org.springframework.security.web.context.SecurityContextHolderFilter.doFilter(SecurityContextHolderFilter.java:82) ~[spring-security-web-6.5.6.jar:6.5.6]
	at org.springframework.security.web.context.SecurityContextHolderFilter.doFilter(SecurityContextHolderFilter.java:69) ~[spring-security-web-6.5.6.jar:6.5.6]
	at org.springframework.security.web.FilterChainProxy$VirtualFilterChain.doFilter(FilterChainProxy.java:374) ~[spring-security-web-6.5.6.jar:6.5.6]
	at org.springframework.security.web.context.request.async.WebAsyncManagerIntegrationFilter.doFilterInternal(WebAsyncManagerIntegrationFilter.java:62) ~[spring-security-web-6.5.6.jar:6.5.6]
	at org.springframework.web.filter.OncePerRequestFilter.doFilter(OncePerRequestFilter.java:116) ~[spring-web-6.2.12.jar:6.2.12]
	at org.springframework.security.web.FilterChainProxy$VirtualFilterChain.doFilter(FilterChainProxy.java:374) ~[spring-security-web-6.5.6.jar:6.5.6]
	at org.springframework.security.web.session.DisableEncodeUrlFilter.doFilterInternal(DisableEncodeUrlFilter.java:42) ~[spring-security-web-6.5.6.jar:6.5.6]
	at org.springframework.web.filter.OncePerRequestFilter.doFilter(OncePerRequestFilter.java:116) ~[spring-web-6.2.12.jar:6.2.12]
	at org.springframework.security.web.FilterChainProxy$VirtualFilterChain.doFilter(FilterChainProxy.java:374) ~[spring-security-web-6.5.6.jar:6.5.6]
	at org.springframework.security.web.FilterChainProxy.doFilterInternal(FilterChainProxy.java:233) ~[spring-security-web-6.5.6.jar:6.5.6]
	at org.springframework.security.web.FilterChainProxy.doFilter(FilterChainProxy.java:191) ~[spring-security-web-6.5.6.jar:6.5.6]
	at org.springframework.web.filter.CompositeFilter$VirtualFilterChain.doFilter(CompositeFilter.java:113) ~[spring-web-6.2.12.jar:6.2.12]
	at org.springframework.web.filter.ServletRequestPathFilter.doFilter(ServletRequestPathFilter.java:52) ~[spring-web-6.2.12.jar:6.2.12]
	at org.springframework.web.filter.CompositeFilter$VirtualFilterChain.doFilter(CompositeFilter.java:113) ~[spring-web-6.2.12.jar:6.2.12]
	at org.springframework.web.filter.CompositeFilter.doFilter(CompositeFilter.java:74) ~[spring-web-6.2.12.jar:6.2.12]
	at org.springframework.security.config.annotation.web.configuration.WebSecurityConfiguration$CompositeFilterChainProxy.doFilter(WebSecurityConfiguration.java:319) ~[spring-security-config-6.5.6.jar:6.5.6]
	at org.springframework.web.filter.CompositeFilter$VirtualFilterChain.doFilter(CompositeFilter.java:113) ~[spring-web-6.2.12.jar:6.2.12]
	at org.springframework.web.servlet.handler.HandlerMappingIntrospector.lambda$createCacheFilter$4(HandlerMappingIntrospector.java:267) ~[spring-webmvc-6.2.12.jar:6.2.12]
	at org.springframework.web.filter.CompositeFilter$VirtualFilterChain.doFilter(CompositeFilter.java:113) ~[spring-web-6.2.12.jar:6.2.12]
	at org.springframework.web.filter.CompositeFilter.doFilter(CompositeFilter.java:74) ~[spring-web-6.2.12.jar:6.2.12]
	at org.springframework.security.config.annotation.web.configuration.WebMvcSecurityConfiguration$CompositeFilterChainProxy.doFilter(WebMvcSecurityConfiguration.java:240) ~[spring-security-config-6.5.6.jar:6.5.6]
	at org.springframework.web.filter.DelegatingFilterProxy.invokeDelegate(DelegatingFilterProxy.java:362) ~[spring-web-6.2.12.jar:6.2.12]
	at org.springframework.web.filter.DelegatingFilterProxy.doFilter(DelegatingFilterProxy.java:278) ~[spring-web-6.2.12.jar:6.2.12]
	at org.apache.catalina.core.ApplicationFilterChain.internalDoFilter(ApplicationFilterChain.java:162) ~[tomcat-embed-core-10.1.48.jar:10.1.48]
	at org.apache.catalina.core.ApplicationFilterChain.doFilter(ApplicationFilterChain.java:138) ~[tomcat-embed-core-10.1.48.jar:10.1.48]
	at org.springframework.web.filter.RequestContextFilter.doFilterInternal(RequestContextFilter.java:100) ~[spring-web-6.2.12.jar:6.2.12]
	at org.springframework.web.filter.OncePerRequestFilter.doFilter(OncePerRequestFilter.java:116) ~[spring-web-6.2.12.jar:6.2.12]
	at org.apache.catalina.core.ApplicationFilterChain.internalDoFilter(ApplicationFilterChain.java:162) ~[tomcat-embed-core-10.1.48.jar:10.1.48]
	at org.apache.catalina.core.ApplicationFilterChain.doFilter(ApplicationFilterChain.java:138) ~[tomcat-embed-core-10.1.48.jar:10.1.48]
	at org.springframework.web.filter.FormContentFilter.doFilterInternal(FormContentFilter.java:93) ~[spring-web-6.2.12.jar:6.2.12]
	at org.springframework.web.filter.OncePerRequestFilter.doFilter(OncePerRequestFilter.java:116) ~[spring-web-6.2.12.jar:6.2.12]
	at org.apache.catalina.core.ApplicationFilterChain.internalDoFilter(ApplicationFilterChain.java:162) ~[tomcat-embed-core-10.1.48.jar:10.1.48]
	at org.apache.catalina.core.ApplicationFilterChain.doFilter(ApplicationFilterChain.java:138) ~[tomcat-embed-core-10.1.48.jar:10.1.48]
	at org.springframework.web.filter.CharacterEncodingFilter.doFilterInternal(CharacterEncodingFilter.java:201) ~[spring-web-6.2.12.jar:6.2.12]
	at org.springframework.web.filter.OncePerRequestFilter.doFilter(OncePerRequestFilter.java:116) ~[spring-web-6.2.12.jar:6.2.12]
	at org.apache.catalina.core.ApplicationFilterChain.internalDoFilter(ApplicationFilterChain.java:162) ~[tomcat-embed-core-10.1.48.jar:10.1.48]
	at org.apache.catalina.core.ApplicationFilterChain.doFilter(ApplicationFilterChain.java:138) ~[tomcat-embed-core-10.1.48.jar:10.1.48]
	at org.apache.catalina.core.StandardWrapperValve.invoke(StandardWrapperValve.java:165) ~[tomcat-embed-core-10.1.48.jar:10.1.48]
	at org.apache.catalina.core.StandardContextValve.invoke(StandardContextValve.java:88) ~[tomcat-embed-core-10.1.48.jar:10.1.48]
	at org.apache.catalina.authenticator.AuthenticatorBase.invoke(AuthenticatorBase.java:482) ~[tomcat-embed-core-10.1.48.jar:10.1.48]
	at org.apache.catalina.core.StandardHostValve.invoke(StandardHostValve.java:113) ~[tomcat-embed-core-10.1.48.jar:10.1.48]
	at org.apache.catalina.valves.ErrorReportValve.invoke(ErrorReportValve.java:83) ~[tomcat-embed-core-10.1.48.jar:10.1.48]
	at org.apache.catalina.core.StandardEngineValve.invoke(StandardEngineValve.java:72) ~[tomcat-embed-core-10.1.48.jar:10.1.48]
	at org.apache.catalina.connector.CoyoteAdapter.service(CoyoteAdapter.java:342) ~[tomcat-embed-core-10.1.48.jar:10.1.48]
	at org.apache.coyote.http11.Http11Processor.service(Http11Processor.java:399) ~[tomcat-embed-core-10.1.48.jar:10.1.48]
	at org.apache.coyote.AbstractProcessorLight.process(AbstractProcessorLight.java:63) ~[tomcat-embed-core-10.1.48.jar:10.1.48]
	at org.apache.coyote.AbstractProtocol$ConnectionHandler.process(AbstractProtocol.java:903) ~[tomcat-embed-core-10.1.48.jar:10.1.48]
	at org.apache.tomcat.util.net.NioEndpoint$SocketProcessor.doRun(NioEndpoint.java:1774) ~[tomcat-embed-core-10.1.48.jar:10.1.48]
	at org.apache.tomcat.util.net.SocketProcessorBase.run(SocketProcessorBase.java:52) ~[tomcat-embed-core-10.1.48.jar:10.1.48]
	at org.apache.tomcat.util.threads.ThreadPoolExecutor.runWorker(ThreadPoolExecutor.java:973) ~[tomcat-embed-core-10.1.48.jar:10.1.48]
	at org.apache.tomcat.util.threads.ThreadPoolExecutor$Worker.run(ThreadPoolExecutor.java:491) ~[tomcat-embed-core-10.1.48.jar:10.1.48]
	at org.apache.tomcat.util.threads.TaskThread$WrappingRunnable.run(TaskThread.java:63) ~[tomcat-embed-core-10.1.48.jar:10.1.48]
	at java.base/java.lang.Thread.run(Thread.java:1474) ~[na:na]
Caused by: org.postgresql.util.PSQLException: ERROR: current transaction is aborted, commands ignored until end of transaction block
	at org.postgresql.core.v3.QueryExecutorImpl.receiveErrorResponse(QueryExecutorImpl.java:2736) ~[postgresql-42.7.8.jar:42.7.8]
	at org.postgresql.core.v3.QueryExecutorImpl.processResults(QueryExecutorImpl.java:2421) ~[postgresql-42.7.8.jar:42.7.8]
	at org.postgresql.core.v3.QueryExecutorImpl.execute(QueryExecutorImpl.java:372) ~[postgresql-42.7.8.jar:42.7.8]
	at org.postgresql.jdbc.PgStatement.executeInternal(PgStatement.java:525) ~[postgresql-42.7.8.jar:42.7.8]
	at org.postgresql.jdbc.PgStatement.execute(PgStatement.java:435) ~[postgresql-42.7.8.jar:42.7.8]
	at org.postgresql.jdbc.PgPreparedStatement.executeWithFlags(PgPreparedStatement.java:196) ~[postgresql-42.7.8.jar:42.7.8]
	at org.postgresql.jdbc.PgPreparedStatement.executeQuery(PgPreparedStatement.java:139) ~[postgresql-42.7.8.jar:42.7.8]
	at com.zaxxer.hikari.pool.ProxyPreparedStatement.executeQuery(ProxyPreparedStatement.java:52) ~[HikariCP-6.3.3.jar:na]
	at com.zaxxer.hikari.pool.HikariProxyPreparedStatement.executeQuery(HikariProxyPreparedStatement.java) ~[HikariCP-6.3.3.jar:na]
	at org.hibernate.sql.results.jdbc.internal.DeferredResultSetAccess.executeQuery(DeferredResultSetAccess.java:251) ~[hibernate-core-6.6.33.Final.jar:6.6.33.Final]
	... 159 common frames omitted
Caused by: org.postgresql.util.PSQLException: ERROR: new row for relation "notifications" violates check constraint "notifications_type_check"
  Detail: Failing row contains (19, 2026-01-17 22:10:18.844737, f, Your report about a post has been resolved by admin, REPORT_REVIEWED, 6, null, null, 22).
	at org.postgresql.core.v3.QueryExecutorImpl.receiveErrorResponse(QueryExecutorImpl.java:2736) ~[postgresql-42.7.8.jar:42.7.8]
	at org.postgresql.core.v3.QueryExecutorImpl.processResults(QueryExecutorImpl.java:2421) ~[postgresql-42.7.8.jar:42.7.8]
	at org.postgresql.core.v3.QueryExecutorImpl.execute(QueryExecutorImpl.java:372) ~[postgresql-42.7.8.jar:42.7.8]
	at org.postgresql.jdbc.PgStatement.executeInternal(PgStatement.java:525) ~[postgresql-42.7.8.jar:42.7.8]
	at org.postgresql.jdbc.PgStatement.execute(PgStatement.java:435) ~[postgresql-42.7.8.jar:42.7.8]
	at org.postgresql.jdbc.PgPreparedStatement.executeWithFlags(PgPreparedStatement.java:196) ~[postgresql-42.7.8.jar:42.7.8]
	at org.postgresql.jdbc.PgPreparedStatement.executeUpdate(PgPreparedStatement.java:157) ~[postgresql-42.7.8.jar:42.7.8]
	at com.zaxxer.hikari.pool.ProxyPreparedStatement.executeUpdate(ProxyPreparedStatement.java:61) ~[HikariCP-6.3.3.jar:na]
	at com.zaxxer.hikari.pool.HikariProxyPreparedStatement.executeUpdate(HikariProxyPreparedStatement.java) ~[HikariCP-6.3.3.jar:na]
	at org.hibernate.engine.jdbc.internal.ResultSetReturnImpl.executeUpdate(ResultSetReturnImpl.java:194) ~[hibernate-core-6.6.33.Final.jar:6.6.33.Final]
	at org.hibernate.id.insert.GetGeneratedKeysDelegate.performMutation(GetGeneratedKeysDelegate.java:116) ~[hibernate-core-6.6.33.Final.jar:6.6.33.Final]
	at org.hibernate.engine.jdbc.mutation.internal.MutationExecutorSingleNonBatched.performNonBatchedOperations(MutationExecutorSingleNonBatched.java:47) ~[hibernate-core-6.6.33.Final.jar:6.6.33.Final]
	at org.hibernate.engine.jdbc.mutation.internal.AbstractMutationExecutor.execute(AbstractMutationExecutor.java:55) ~[hibernate-core-6.6.33.Final.jar:6.6.33.Final]
	at org.hibernate.persister.entity.mutation.InsertCoordinatorStandard.doStaticInserts(InsertCoordinatorStandard.java:194) ~[hibernate-core-6.6.33.Final.jar:6.6.33.Final]
	at org.hibernate.persister.entity.mutation.InsertCoordinatorStandard.coordinateInsert(InsertCoordinatorStandard.java:132) ~[hibernate-core-6.6.33.Final.jar:6.6.33.Final]
	at org.hibernate.persister.entity.mutation.InsertCoordinatorStandard.insert(InsertCoordinatorStandard.java:95) ~[hibernate-core-6.6.33.Final.jar:6.6.33.Final]
	at org.hibernate.action.internal.EntityIdentityInsertAction.execute(EntityIdentityInsertAction.java:85) ~[hibernate-core-6.6.33.Final.jar:6.6.33.Final]
	at org.hibernate.engine.spi.ActionQueue.execute(ActionQueue.java:682) ~[hibernate-core-6.6.33.Final.jar:6.6.33.Final]
	at org.hibernate.engine.spi.ActionQueue.addResolvedEntityInsertAction(ActionQueue.java:293) ~[hibernate-core-6.6.33.Final.jar:6.6.33.Final]
	at org.hibernate.engine.spi.ActionQueue.addInsertAction(ActionQueue.java:274) ~[hibernate-core-6.6.33.Final.jar:6.6.33.Final]
	at org.hibernate.engine.spi.ActionQueue.addAction(ActionQueue.java:324) ~[hibernate-core-6.6.33.Final.jar:6.6.33.Final]
	at org.hibernate.event.internal.AbstractSaveEventListener.addInsertAction(AbstractSaveEventListener.java:394) ~[hibernate-core-6.6.33.Final.jar:6.6.33.Final]
	at org.hibernate.event.internal.AbstractSaveEventListener.performSaveOrReplicate(AbstractSaveEventListener.java:308) ~[hibernate-core-6.6.33.Final.jar:6.6.33.Final]
	at org.hibernate.event.internal.AbstractSaveEventListener.performSave(AbstractSaveEventListener.java:224) ~[hibernate-core-6.6.33.Final.jar:6.6.33.Final]
	at org.hibernate.event.internal.AbstractSaveEventListener.saveWithGeneratedId(AbstractSaveEventListener.java:136) ~[hibernate-core-6.6.33.Final.jar:6.6.33.Final]
	at org.hibernate.event.internal.DefaultPersistEventListener.entityIsTransient(DefaultPersistEventListener.java:177) ~[hibernate-core-6.6.33.Final.jar:6.6.33.Final]
	at org.hibernate.event.internal.DefaultPersistEventListener.persist(DefaultPersistEventListener.java:95) ~[hibernate-core-6.6.33.Final.jar:6.6.33.Final]
	at org.hibernate.event.internal.DefaultPersistEventListener.onPersist(DefaultPersistEventListener.java:79) ~[hibernate-core-6.6.33.Final.jar:6.6.33.Final]
	at org.hibernate.event.internal.DefaultPersistEventListener.onPersist(DefaultPersistEventListener.java:55) ~[hibernate-core-6.6.33.Final.jar:6.6.33.Final]
	at org.hibernate.event.service.internal.EventListenerGroupImpl.fireEventOnEachListener(EventListenerGroupImpl.java:127) ~[hibernate-core-6.6.33.Final.jar:6.6.33.Final]
	at org.hibernate.internal.SessionImpl.firePersist(SessionImpl.java:761) ~[hibernate-core-6.6.33.Final.jar:6.6.33.Final]
	at org.hibernate.internal.SessionImpl.persist(SessionImpl.java:745) ~[hibernate-core-6.6.33.Final.jar:6.6.33.Final]
	at java.base/jdk.internal.reflect.DirectMethodHandleAccessor.invoke(DirectMethodHandleAccessor.java:104) ~[na:na]
	at java.base/java.lang.reflect.Method.invoke(Method.java:565) ~[na:na]
	at org.springframework.orm.jpa.ExtendedEntityManagerCreator$ExtendedEntityManagerInvocationHandler.invoke(ExtendedEntityManagerCreator.java:364) ~[spring-orm-6.2.12.jar:6.2.12]
	at jdk.proxy8/jdk.proxy8.$Proxy183.persist(Unknown Source) ~[na:na]
	at java.base/jdk.internal.reflect.DirectMethodHandleAccessor.invoke(DirectMethodHandleAccessor.java:104) ~[na:na]
	at java.base/java.lang.reflect.Method.invoke(Method.java:565) ~[na:na]
	at org.springframework.orm.jpa.SharedEntityManagerCreator$SharedEntityManagerInvocationHandler.invoke(SharedEntityManagerCreator.java:320) ~[spring-orm-6.2.12.jar:6.2.12]
	at jdk.proxy8/jdk.proxy8.$Proxy183.persist(Unknown Source) ~[na:na]
	at org.springframework.data.jpa.repository.support.SimpleJpaRepository.save(SimpleJpaRepository.java:654) ~[spring-data-jpa-3.5.5.jar:3.5.5]
	at java.base/jdk.internal.reflect.DirectMethodHandleAccessor.invoke(DirectMethodHandleAccessor.java:104) ~[na:na]
	at java.base/java.lang.reflect.Method.invoke(Method.java:565) ~[na:na]
	at org.springframework.aop.support.AopUtils.invokeJoinpointUsingReflection(AopUtils.java:360) ~[spring-aop-6.2.12.jar:6.2.12]
	at org.springframework.data.repository.core.support.RepositoryMethodInvoker$RepositoryFragmentMethodInvoker.lambda$new$0(RepositoryMethodInvoker.java:277) ~[spring-data-commons-3.5.5.jar:3.5.5]
	at org.springframework.data.repository.core.support.RepositoryMethodInvoker.doInvoke(RepositoryMethodInvoker.java:170) ~[spring-data-commons-3.5.5.jar:3.5.5]
	at org.springframework.data.repository.core.support.RepositoryMethodInvoker.invoke(RepositoryMethodInvoker.java:158) ~[spring-data-commons-3.5.5.jar:3.5.5]
	at org.springframework.data.repository.core.support.RepositoryComposition$RepositoryFragments.invoke(RepositoryComposition.java:515) ~[spring-data-commons-3.5.5.jar:3.5.5]
	at org.springframework.data.repository.core.support.RepositoryComposition.invoke(RepositoryComposition.java:284) ~[spring-data-commons-3.5.5.jar:3.5.5]
	at org.springframework.data.repository.core.support.RepositoryFactorySupport$ImplementationMethodExecutionInterceptor.invoke(RepositoryFactorySupport.java:734) ~[spring-data-commons-3.5.5.jar:3.5.5]
	at org.springframework.aop.framework.ReflectiveMethodInvocation.proceed(ReflectiveMethodInvocation.java:184) ~[spring-aop-6.2.12.jar:6.2.12]
	at org.springframework.data.repository.core.support.QueryExecutorMethodInterceptor.doInvoke(QueryExecutorMethodInterceptor.java:174) ~[spring-data-commons-3.5.5.jar:3.5.5]
	at org.springframework.data.repository.core.support.QueryExecutorMethodInterceptor.invoke(QueryExecutorMethodInterceptor.java:149) ~[spring-data-commons-3.5.5.jar:3.5.5]
	at org.springframework.aop.framework.ReflectiveMethodInvocation.proceed(ReflectiveMethodInvocation.java:184) ~[spring-aop-6.2.12.jar:6.2.12]
	at org.springframework.data.projection.DefaultMethodInvokingMethodInterceptor.invoke(DefaultMethodInvokingMethodInterceptor.java:69) ~[spring-data-commons-3.5.5.jar:3.5.5]
	at org.springframework.aop.framework.ReflectiveMethodInvocation.proceed(ReflectiveMethodInvocation.java:184) ~[spring-aop-6.2.12.jar:6.2.12]
	at org.springframework.transaction.interceptor.TransactionAspectSupport.invokeWithinTransaction(TransactionAspectSupport.java:380) ~[spring-tx-6.2.12.jar:6.2.12]
	at org.springframework.transaction.interceptor.TransactionInterceptor.invoke(TransactionInterceptor.java:119) ~[spring-tx-6.2.12.jar:6.2.12]
	at org.springframework.aop.framework.ReflectiveMethodInvocation.proceed(ReflectiveMethodInvocation.java:184) ~[spring-aop-6.2.12.jar:6.2.12]
	at org.springframework.dao.support.PersistenceExceptionTranslationInterceptor.invoke(PersistenceExceptionTranslationInterceptor.java:138) ~[spring-tx-6.2.12.jar:6.2.12]
	at org.springframework.aop.framework.ReflectiveMethodInvocation.proceed(ReflectiveMethodInvocation.java:184) ~[spring-aop-6.2.12.jar:6.2.12]
	at org.springframework.data.jpa.repository.support.CrudMethodMetadataPostProcessor$CrudMethodMetadataPopulatingMethodInterceptor.invoke(CrudMethodMetadataPostProcessor.java:165) ~[spring-data-jpa-3.5.5.jar:3.5.5]
	at org.springframework.aop.framework.ReflectiveMethodInvocation.proceed(ReflectiveMethodInvocation.java:184) ~[spring-aop-6.2.12.jar:6.2.12]
	at org.springframework.aop.framework.JdkDynamicAopProxy.invoke(JdkDynamicAopProxy.java:223) ~[spring-aop-6.2.12.jar:6.2.12]
	at jdk.proxy8/jdk.proxy8.$Proxy189.save(Unknown Source) ~[na:na]
	at com._Blog.mojebbari.services.NotificationService.createReportReviewedNotification(NotificationService.java:116) ~[classes/:na]
	at java.base/jdk.internal.reflect.DirectMethodHandleAccessor.invoke(DirectMethodHandleAccessor.java:104) ~[na:na]
	at java.base/java.lang.reflect.Method.invoke(Method.java:565) ~[na:na]
	at org.springframework.aop.support.AopUtils.invokeJoinpointUsingReflection(AopUtils.java:360) ~[spring-aop-6.2.12.jar:6.2.12]
	at org.springframework.aop.framework.ReflectiveMethodInvocation.invokeJoinpoint(ReflectiveMethodInvocation.java:196) ~[spring-aop-6.2.12.jar:6.2.12]
	at org.springframework.aop.framework.ReflectiveMethodInvocation.proceed(ReflectiveMethodInvocation.java:163) ~[spring-aop-6.2.12.jar:6.2.12]
	at org.springframework.transaction.interceptor.TransactionAspectSupport.invokeWithinTransaction(TransactionAspectSupport.java:380) ~[spring-tx-6.2.12.jar:6.2.12]
	at org.springframework.transaction.interceptor.TransactionInterceptor.invoke(TransactionInterceptor.java:119) ~[spring-tx-6.2.12.jar:6.2.12]
	at org.springframework.aop.framework.ReflectiveMethodInvocation.proceed(ReflectiveMethodInvocation.java:184) ~[spring-aop-6.2.12.jar:6.2.12]
	at org.springframework.aop.framework.CglibAopProxy$DynamicAdvisedInterceptor.intercept(CglibAopProxy.java:728) ~[spring-aop-6.2.12.jar:6.2.12]
	at com._Blog.mojebbari.services.NotificationService$$SpringCGLIB$$0.createReportReviewedNotification(<generated>) ~[classes/:na]
	at com._Blog.mojebbari.services.ReportService.createReportReviewedNotification(ReportService.java:210) ~[classes/:na]
	at com._Blog.mojebbari.services.ReportService.updateReportStatus(ReportService.java:195) ~[classes/:na]
	... 130 common frames omitted

2026-01-17T22:10:18.855+01:00 ERROR 52678 --- [mojebbari] [nio-8080-exec-2] c._.m.controllers.ReportController       : Error updating report status: JDBC exception executing SQL [select p1_0.id,p1_0.category,p1_0.content,p1_0.created_at,p1_0.media_url,p1_0.title,p1_0.user_id from posts p1_0 where p1_0.id=?] [ERROR: current transaction is aborted, commands ignored until end of transaction block] [n/a]
Hibernate: 
    select
        u1_0.id,
        u1_0.bio,
        u1_0.cover_image,
        u1_0.created_at,
        u1_0.email,
        u1_0.password,
        u1_0.profile_picture,
        u1_0.role,
        u1_0.username 
    from
        _user u1_0 
    where
        u1_0.email=? 
        or u1_0.username=?
2026-01-17T22:10:36.897+01:00  INFO 52678 --- [mojebbari] [nio-8080-exec-4] c._.m.controllers.ReportController       : GET /api/reports/count/pending - Fetching pending reports count
Hibernate: 
    select
        count(r1_0.id) 
    from
        reports r1_0 
    where
        r1_0.status=?
Hibernate: 
    select
        u1_0.id,
        u1_0.bio,
        u1_0.cover_image,
        u1_0.created_at,
        u1_0.email,
        u1_0.password,
        u1_0.profile_picture,
        u1_0.role,
        u1_0.username 
    from
        _user u1_0 
    where
        u1_0.email=? 
        or u1_0.username=?
Hibernate: 
    select
        count(n1_0.id) 
    from
        notifications n1_0 
    where
        n1_0.recipient_id=? 
        and n1_0.is_read=?
Hibernate: 
    select
        u1_0.id,
        u1_0.bio,
        u1_0.cover_image,
        u1_0.created_at,
        u1_0.email,
        u1_0.password,
        u1_0.profile_picture,
        u1_0.role,
        u1_0.username 
    from
        _user u1_0 
    where
        u1_0.email=? 
        or u1_0.username=?
2026-01-17T22:11:06.915+01:00  INFO 52678 --- [mojebbari] [io-8080-exec-10] c._.m.controllers.ReportController       : GET /api/reports/count/pending - Fetching pending reports count
Hibernate: 
    select
        count(r1_0.id) 
    from
        reports r1_0 
    where
        r1_0.status=?
Hibernate: 
    select
        u1_0.id,
        u1_0.bio,
        u1_0.cover_image,
        u1_0.created_at,
        u1_0.email,
        u1_0.password,
        u1_0.profile_picture,
        u1_0.role,
        u1_0.username 
    from
        _user u1_0 
    where
        u1_0.email=? 
        or u1_0.username=?
Hibernate: 
    select
        count(n1_0.id) 
    from
        notifications n1_0 
    where
        n1_0.recipient_id=? 
        and n1_0.is_read=?
Hibernate: 
    select
        u1_0.id,
        u1_0.bio,
        u1_0.cover_image,
        u1_0.created_at,
        u1_0.email,
        u1_0.password,
        u1_0.profile_picture,
        u1_0.role,
        u1_0.username 
    from
        _user u1_0 
    where
        u1_0.email=? 
        or u1_0.username=?
2026-01-17T22:11:36.885+01:00  INFO 52678 --- [mojebbari] [nio-8080-exec-6] c._.m.controllers.ReportController       : GET /api/reports/count/pending - Fetching pending reports count
Hibernate: 
    select
        count(r1_0.id) 
    from
        reports r1_0 
    where
        r1_0.status=?
Hibernate: 
    select
        u1_0.id,
        u1_0.bio,
        u1_0.cover_image,
        u1_0.created_at,
        u1_0.email,
        u1_0.password,
        u1_0.profile_picture,
        u1_0.role,
        u1_0.username 
    from
        _user u1_0 
    where
        u1_0.email=? 
        or u1_0.username=?
Hibernate: 
    select
        count(n1_0.id) 
    from
        notifications n1_0 
    where
        n1_0.recipient_id=? 
        and n1_0.is_read=?
Hibernate: 
    select
        u1_0.id,
        u1_0.bio,
        u1_0.cover_image,
        u1_0.created_at,
        u1_0.email,
        u1_0.password,
        u1_0.profile_picture,
        u1_0.role,
        u1_0.username 
    from
        _user u1_0 
    where
        u1_0.email=? 
        or u1_0.username=?
2026-01-17T22:12:06.933+01:00  INFO 52678 --- [mojebbari] [nio-8080-exec-1] c._.m.controllers.ReportController       : GET /api/reports/count/pending - Fetching pending reports count
Hibernate: 
    select
        u1_0.id,
        u1_0.bio,
        u1_0.cover_image,
        u1_0.created_at,
        u1_0.email,
        u1_0.password,
        u1_0.profile_picture,
        u1_0.role,
        u1_0.username 
    from
        _user u1_0 
    where
        u1_0.email=? 
        or u1_0.username=?
Hibernate: 
    select
        count(r1_0.id) 
    from
        reports r1_0 
    where
        r1_0.status=?
Hibernate: 
    select
        count(n1_0.id) 
    from
        notifications n1_0 
    where
        n1_0.recipient_id=? 
        and n1_0.is_read=?
Hibernate: 
    select
        u1_0.id,
        u1_0.bio,
        u1_0.cover_image,
        u1_0.created_at,
        u1_0.email,
        u1_0.password,
        u1_0.profile_picture,
        u1_0.role,
        u1_0.username 
    from
        _user u1_0 
    where
        u1_0.email=? 
        or u1_0.username=?
2026-01-17T22:12:36.884+01:00  INFO 52678 --- [mojebbari] [nio-8080-exec-5] c._.m.controllers.ReportController       : GET /api/reports/count/pending - Fetching pending reports count
Hibernate: 
    select
        count(r1_0.id) 
    from
        reports r1_0 
    where
        r1_0.status=?
Hibernate: 
    select
        u1_0.id,
        u1_0.bio,
        u1_0.cover_image,
        u1_0.created_at,
        u1_0.email,
        u1_0.password,
        u1_0.profile_picture,
        u1_0.role,
        u1_0.username 
    from
        _user u1_0 
    where
        u1_0.email=? 
        or u1_0.username=?
Hibernate: 
    select
        count(n1_0.id) 
    from
        notifications n1_0 
    where
        n1_0.recipient_id=? 
        and n1_0.is_read=?
Hibernate: 
    select
        u1_0.id,
        u1_0.bio,
        u1_0.cover_image,
        u1_0.created_at,
        u1_0.email,
        u1_0.password,
        u1_0.profile_picture,
        u1_0.role,
        u1_0.username 
    from
        _user u1_0 
    where
        u1_0.email=? 
        or u1_0.username=?
2026-01-17T22:13:06.911+01:00  INFO 52678 --- [mojebbari] [nio-8080-exec-7] c._.m.controllers.ReportController       : GET /api/reports/count/pending - Fetching pending reports count
Hibernate: 
    select
        count(r1_0.id) 
    from
        reports r1_0 
    where
        r1_0.status=?
Hibernate: 
    select
        u1_0.id,
        u1_0.bio,
        u1_0.cover_image,
        u1_0.created_at,
        u1_0.email,
        u1_0.password,
        u1_0.profile_picture,
        u1_0.role,
        u1_0.username 
    from
        _user u1_0 
    where
        u1_0.email=? 
        or u1_0.username=?
Hibernate: 
    select
        count(n1_0.id) 
    from
        notifications n1_0 
    where
        n1_0.recipient_id=? 
        and n1_0.is_read=?
Hibernate: 
    select
        u1_0.id,
        u1_0.bio,
        u1_0.cover_image,
        u1_0.created_at,
        u1_0.email,
        u1_0.password,
        u1_0.profile_picture,
        u1_0.role,
        u1_0.username 
    from
        _user u1_0 
    where
        u1_0.email=? 
        or u1_0.username=?
2026-01-17T22:13:36.905+01:00  INFO 52678 --- [mojebbari] [nio-8080-exec-8] c._.m.controllers.ReportController       : GET /api/reports/count/pending - Fetching pending reports count
Hibernate: 
    select
        count(r1_0.id) 
    from
        reports r1_0 
    where
        r1_0.status=?
Hibernate: 
    select
        u1_0.id,
        u1_0.bio,
        u1_0.cover_image,
        u1_0.created_at,
        u1_0.email,
        u1_0.password,
        u1_0.profile_picture,
        u1_0.role,
        u1_0.username 
    from
        _user u1_0 
    where
        u1_0.email=? 
        or u1_0.username=?
Hibernate: 
    select
        count(n1_0.id) 
    from
        notifications n1_0 
    where
        n1_0.recipient_id=? 
        and n1_0.is_read=?
2026-01-17T22:13:44.913+01:00  INFO 52678 --- [mojebbari] [   File Watcher] rtingClassPathChangeChangedEventListener : Restarting due to 1 class path change (0 additions, 0 deletions, 1 modification)
2026-01-17T22:13:44.922+01:00  INFO 52678 --- [mojebbari] [      Thread-11] o.s.b.w.e.tomcat.GracefulShutdown        : Commencing graceful shutdown. Waiting for active requests to complete
2026-01-17T22:13:44.928+01:00  INFO 52678 --- [mojebbari] [tomcat-shutdown] o.s.b.w.e.tomcat.GracefulShutdown        : Graceful shutdown complete
2026-01-17T22:13:44.938+01:00  INFO 52678 --- [mojebbari] [      Thread-11] j.LocalContainerEntityManagerFactoryBean : Closing JPA EntityManagerFactory for persistence unit 'default'
2026-01-17T22:13:44.942+01:00  INFO 52678 --- [mojebbari] [      Thread-11] com.zaxxer.hikari.HikariDataSource       : HikariPool-3 - Shutdown initiated...
2026-01-17T22:13:44.946+01:00  INFO 52678 --- [mojebbari] [      Thread-11] com.zaxxer.hikari.HikariDataSource       : HikariPool-3 - Shutdown completed.

  .   ____          _            __ _ _
 /\\ / ___'_ __ _ _(_)_ __  __ _ \ \ \ \
( ( )\___ | '_ | '_| | '_ \/ _` | \ \ \ \
 \\/  ___)| |_)| | | | | || (_| |  ) ) ) )
  '  |____| .__|_| |_|_| |_\__, | / / / /
 =========|_|==============|___/=/_/_/_/

 :: Spring Boot ::                (v3.5.7)

2026-01-17T22:13:45.023+01:00  INFO 52678 --- [mojebbari] [  restartedMain] c._Blog.mojebbari.MojebbariApplication   : Starting MojebbariApplication using Java 25 with PID 52678 (/Users/jebbarimohammed/Downloads/01Blog/target/classes started by jebbarimohammed in /Users/jebbarimohammed/Downloads/01Blog)
2026-01-17T22:13:45.023+01:00  INFO 52678 --- [mojebbari] [  restartedMain] c._Blog.mojebbari.MojebbariApplication   : No active profile set, falling back to 1 default profile: "default"
2026-01-17T22:13:45.108+01:00  INFO 52678 --- [mojebbari] [  restartedMain] .s.d.r.c.RepositoryConfigurationDelegate : Bootstrapping Spring Data JPA repositories in DEFAULT mode.
2026-01-17T22:13:45.118+01:00  INFO 52678 --- [mojebbari] [  restartedMain] .s.d.r.c.RepositoryConfigurationDelegate : Finished Spring Data repository scanning in 9 ms. Found 7 JPA repository interfaces.
2026-01-17T22:13:45.211+01:00  INFO 52678 --- [mojebbari] [  restartedMain] o.s.b.w.embedded.tomcat.TomcatWebServer  : Tomcat initialized with port 8080 (http)
2026-01-17T22:13:45.212+01:00  INFO 52678 --- [mojebbari] [  restartedMain] o.apache.catalina.core.StandardService   : Starting service [Tomcat]
2026-01-17T22:13:45.212+01:00  INFO 52678 --- [mojebbari] [  restartedMain] o.apache.catalina.core.StandardEngine    : Starting Servlet engine: [Apache Tomcat/10.1.48]
2026-01-17T22:13:45.219+01:00  INFO 52678 --- [mojebbari] [  restartedMain] o.a.c.c.C.[Tomcat].[localhost].[/]       : Initializing Spring embedded WebApplicationContext
2026-01-17T22:13:45.219+01:00  INFO 52678 --- [mojebbari] [  restartedMain] w.s.c.ServletWebServerApplicationContext : Root WebApplicationContext: initialization completed in 195 ms
2026-01-17T22:13:45.252+01:00  INFO 52678 --- [mojebbari] [  restartedMain] o.hibernate.jpa.internal.util.LogHelper  : HHH000204: Processing PersistenceUnitInfo [name: default]
2026-01-17T22:13:45.253+01:00  INFO 52678 --- [mojebbari] [  restartedMain] o.h.c.internal.RegionFactoryInitiator    : HHH000026: Second-level cache disabled
2026-01-17T22:13:45.257+01:00  INFO 52678 --- [mojebbari] [  restartedMain] o.s.o.j.p.SpringPersistenceUnitInfo      : No LoadTimeWeaver setup: ignoring JPA class transformer
2026-01-17T22:13:45.257+01:00  INFO 52678 --- [mojebbari] [  restartedMain] com.zaxxer.hikari.HikariDataSource       : HikariPool-4 - Starting...
2026-01-17T22:13:45.273+01:00  INFO 52678 --- [mojebbari] [  restartedMain] com.zaxxer.hikari.pool.HikariPool        : HikariPool-4 - Added connection org.postgresql.jdbc.PgConnection@4e1507a9
2026-01-17T22:13:45.274+01:00  INFO 52678 --- [mojebbari] [  restartedMain] com.zaxxer.hikari.HikariDataSource       : HikariPool-4 - Start completed.
2026-01-17T22:13:45.288+01:00  WARN 52678 --- [mojebbari] [  restartedMain] org.hibernate.orm.deprecation            : HHH90000025: PostgreSQLDialect does not need to be specified explicitly using 'hibernate.dialect' (remove the property setting and it will be selected by default)
2026-01-17T22:13:45.289+01:00  INFO 52678 --- [mojebbari] [  restartedMain] org.hibernate.orm.connections.pooling    : HHH10001005: Database info:
	Database JDBC URL [Connecting through datasource 'HikariDataSource (HikariPool-4)']
	Database driver: undefined/unknown
	Database version: 14.20
	Autocommit mode: undefined/unknown
	Isolation level: undefined/unknown
	Minimum pool size: undefined/unknown
	Maximum pool size: undefined/unknown
2026-01-17T22:13:45.337+01:00  INFO 52678 --- [mojebbari] [  restartedMain] o.h.e.t.j.p.i.JtaPlatformInitiator       : HHH000489: No JTA platform available (set 'hibernate.transaction.jta.platform' to enable JTA platform integration)
2026-01-17T22:13:45.423+01:00  INFO 52678 --- [mojebbari] [  restartedMain] j.LocalContainerEntityManagerFactoryBean : Initialized JPA EntityManagerFactory for persistence unit 'default'
2026-01-17T22:13:45.497+01:00  INFO 52678 --- [mojebbari] [  restartedMain] eAuthenticationProviderManagerConfigurer : Global AuthenticationManager configured with AuthenticationProvider bean with name authenticationProvider
2026-01-17T22:13:45.497+01:00  WARN 52678 --- [mojebbari] [  restartedMain] r$InitializeUserDetailsManagerConfigurer : Global AuthenticationManager configured with an AuthenticationProvider bean. UserDetailsService beans will not be used by Spring Security for automatically configuring username/password login. Consider removing the AuthenticationProvider bean. Alternatively, consider using the UserDetailsService in a manually instantiated DaoAuthenticationProvider. If the current configuration is intentional, to turn off this warning, increase the logging level of 'org.springframework.security.config.annotation.authentication.configuration.InitializeUserDetailsBeanManagerConfigurer' to ERROR
2026-01-17T22:13:45.619+01:00  WARN 52678 --- [mojebbari] [  restartedMain] JpaBaseConfiguration$JpaWebConfiguration : spring.jpa.open-in-view is enabled by default. Therefore, database queries may be performed during view rendering. Explicitly configure spring.jpa.open-in-view to disable this warning
2026-01-17T22:13:45.823+01:00  INFO 52678 --- [mojebbari] [  restartedMain] o.s.b.d.a.OptionalLiveReloadServer       : LiveReload server is running on port 35729
2026-01-17T22:13:45.829+01:00  INFO 52678 --- [mojebbari] [  restartedMain] o.s.b.w.embedded.tomcat.TomcatWebServer  : Tomcat started on port 8080 (http) with context path '/'
2026-01-17T22:13:45.831+01:00  INFO 52678 --- [mojebbari] [  restartedMain] c._Blog.mojebbari.MojebbariApplication   : Started MojebbariApplication in 0.82 seconds (process running for 339.892)
2026-01-17T22:13:45.831+01:00  INFO 52678 --- [mojebbari] [  restartedMain] .ConditionEvaluationDeltaLoggingListener : Condition evaluation unchanged
2026-01-17T22:13:57.402+01:00  INFO 52678 --- [mojebbari] [   File Watcher] rtingClassPathChangeChangedEventListener : Restarting due to 1 class path change (0 additions, 0 deletions, 1 modification)
2026-01-17T22:13:57.410+01:00  INFO 52678 --- [mojebbari] [      Thread-15] o.s.b.w.e.tomcat.GracefulShutdown        : Commencing graceful shutdown. Waiting for active requests to complete
2026-01-17T22:13:57.419+01:00  INFO 52678 --- [mojebbari] [tomcat-shutdown] o.s.b.w.e.tomcat.GracefulShutdown        : Graceful shutdown complete
2026-01-17T22:13:57.424+01:00  INFO 52678 --- [mojebbari] [      Thread-15] j.LocalContainerEntityManagerFactoryBean : Closing JPA EntityManagerFactory for persistence unit 'default'
2026-01-17T22:13:57.428+01:00  INFO 52678 --- [mojebbari] [      Thread-15] com.zaxxer.hikari.HikariDataSource       : HikariPool-4 - Shutdown initiated...
2026-01-17T22:13:57.430+01:00  INFO 52678 --- [mojebbari] [      Thread-15] com.zaxxer.hikari.HikariDataSource       : HikariPool-4 - Shutdown completed.

  .   ____          _            __ _ _
 /\\ / ___'_ __ _ _(_)_ __  __ _ \ \ \ \
( ( )\___ | '_ | '_| | '_ \/ _` | \ \ \ \
 \\/  ___)| |_)| | | | | || (_| |  ) ) ) )
  '  |____| .__|_| |_|_| |_\__, | / / / /
 =========|_|==============|___/=/_/_/_/

 :: Spring Boot ::                (v3.5.7)

2026-01-17T22:13:57.510+01:00  INFO 52678 --- [mojebbari] [  restartedMain] c._Blog.mojebbari.MojebbariApplication   : Starting MojebbariApplication using Java 25 with PID 52678 (/Users/jebbarimohammed/Downloads/01Blog/target/classes started by jebbarimohammed in /Users/jebbarimohammed/Downloads/01Blog)
2026-01-17T22:13:57.510+01:00  INFO 52678 --- [mojebbari] [  restartedMain] c._Blog.mojebbari.MojebbariApplication   : No active profile set, falling back to 1 default profile: "default"
2026-01-17T22:13:57.585+01:00  INFO 52678 --- [mojebbari] [  restartedMain] .s.d.r.c.RepositoryConfigurationDelegate : Bootstrapping Spring Data JPA repositories in DEFAULT mode.
2026-01-17T22:13:57.593+01:00  INFO 52678 --- [mojebbari] [  restartedMain] .s.d.r.c.RepositoryConfigurationDelegate : Finished Spring Data repository scanning in 7 ms. Found 7 JPA repository interfaces.
2026-01-17T22:13:57.663+01:00  INFO 52678 --- [mojebbari] [  restartedMain] o.s.b.w.embedded.tomcat.TomcatWebServer  : Tomcat initialized with port 8080 (http)
2026-01-17T22:13:57.664+01:00  INFO 52678 --- [mojebbari] [  restartedMain] o.apache.catalina.core.StandardService   : Starting service [Tomcat]
2026-01-17T22:13:57.664+01:00  INFO 52678 --- [mojebbari] [  restartedMain] o.apache.catalina.core.StandardEngine    : Starting Servlet engine: [Apache Tomcat/10.1.48]
2026-01-17T22:13:57.670+01:00  INFO 52678 --- [mojebbari] [  restartedMain] o.a.c.c.C.[Tomcat].[localhost].[/]       : Initializing Spring embedded WebApplicationContext
2026-01-17T22:13:57.670+01:00  INFO 52678 --- [mojebbari] [  restartedMain] w.s.c.ServletWebServerApplicationContext : Root WebApplicationContext: initialization completed in 159 ms
2026-01-17T22:13:57.706+01:00  INFO 52678 --- [mojebbari] [  restartedMain] o.hibernate.jpa.internal.util.LogHelper  : HHH000204: Processing PersistenceUnitInfo [name: default]
2026-01-17T22:13:57.707+01:00  INFO 52678 --- [mojebbari] [  restartedMain] o.h.c.internal.RegionFactoryInitiator    : HHH000026: Second-level cache disabled
2026-01-17T22:13:57.709+01:00  INFO 52678 --- [mojebbari] [  restartedMain] o.s.o.j.p.SpringPersistenceUnitInfo      : No LoadTimeWeaver setup: ignoring JPA class transformer
2026-01-17T22:13:57.710+01:00  INFO 52678 --- [mojebbari] [  restartedMain] com.zaxxer.hikari.HikariDataSource       : HikariPool-5 - Starting...
2026-01-17T22:13:57.720+01:00  INFO 52678 --- [mojebbari] [  restartedMain] com.zaxxer.hikari.pool.HikariPool        : HikariPool-5 - Added connection org.postgresql.jdbc.PgConnection@5207e7a6
2026-01-17T22:13:57.720+01:00  INFO 52678 --- [mojebbari] [  restartedMain] com.zaxxer.hikari.HikariDataSource       : HikariPool-5 - Start completed.
2026-01-17T22:13:57.728+01:00  WARN 52678 --- [mojebbari] [  restartedMain] org.hibernate.orm.deprecation            : HHH90000025: PostgreSQLDialect does not need to be specified explicitly using 'hibernate.dialect' (remove the property setting and it will be selected by default)
2026-01-17T22:13:57.729+01:00  INFO 52678 --- [mojebbari] [  restartedMain] org.hibernate.orm.connections.pooling    : HHH10001005: Database info:
	Database JDBC URL [Connecting through datasource 'HikariDataSource (HikariPool-5)']
	Database driver: undefined/unknown
	Database version: 14.20
	Autocommit mode: undefined/unknown
	Isolation level: undefined/unknown
	Minimum pool size: undefined/unknown
	Maximum pool size: undefined/unknown
2026-01-17T22:13:57.798+01:00  INFO 52678 --- [mojebbari] [  restartedMain] o.h.e.t.j.p.i.JtaPlatformInitiator       : HHH000489: No JTA platform available (set 'hibernate.transaction.jta.platform' to enable JTA platform integration)
2026-01-17T22:13:57.865+01:00  INFO 52678 --- [mojebbari] [  restartedMain] j.LocalContainerEntityManagerFactoryBean : Initialized JPA EntityManagerFactory for persistence unit 'default'
2026-01-17T22:13:57.947+01:00  INFO 52678 --- [mojebbari] [  restartedMain] eAuthenticationProviderManagerConfigurer : Global AuthenticationManager configured with AuthenticationProvider bean with name authenticationProvider
2026-01-17T22:13:57.947+01:00  WARN 52678 --- [mojebbari] [  restartedMain] r$InitializeUserDetailsManagerConfigurer : Global AuthenticationManager configured with an AuthenticationProvider bean. UserDetailsService beans will not be used by Spring Security for automatically configuring username/password login. Consider removing the AuthenticationProvider bean. Alternatively, consider using the UserDetailsService in a manually instantiated DaoAuthenticationProvider. If the current configuration is intentional, to turn off this warning, increase the logging level of 'org.springframework.security.config.annotation.authentication.configuration.InitializeUserDetailsBeanManagerConfigurer' to ERROR
2026-01-17T22:13:58.068+01:00  WARN 52678 --- [mojebbari] [  restartedMain] JpaBaseConfiguration$JpaWebConfiguration : spring.jpa.open-in-view is enabled by default. Therefore, database queries may be performed during view rendering. Explicitly configure spring.jpa.open-in-view to disable this warning
2026-01-17T22:13:58.252+01:00  INFO 52678 --- [mojebbari] [  restartedMain] o.s.b.d.a.OptionalLiveReloadServer       : LiveReload server is running on port 35729
2026-01-17T22:13:58.258+01:00  INFO 52678 --- [mojebbari] [  restartedMain] o.s.b.w.embedded.tomcat.TomcatWebServer  : Tomcat started on port 8080 (http) with context path '/'
2026-01-17T22:13:58.260+01:00  INFO 52678 --- [mojebbari] [  restartedMain] c._Blog.mojebbari.MojebbariApplication   : Started MojebbariApplication in 0.757 seconds (process running for 352.322)
2026-01-17T22:13:58.260+01:00  INFO 52678 --- [mojebbari] [  restartedMain] .ConditionEvaluationDeltaLoggingListener : Condition evaluation unchanged
2026-01-17T22:14:06.886+01:00  INFO 52678 --- [mojebbari] [nio-8080-exec-1] o.a.c.c.C.[Tomcat].[localhost].[/]       : Initializing Spring DispatcherServlet 'dispatcherServlet'
2026-01-17T22:14:06.894+01:00  INFO 52678 --- [mojebbari] [nio-8080-exec-1] o.s.web.servlet.DispatcherServlet        : Initializing Servlet 'dispatcherServlet'
2026-01-17T22:14:06.908+01:00  INFO 52678 --- [mojebbari] [nio-8080-exec-1] o.s.web.servlet.DispatcherServlet        : Completed initialization in 14 ms
Hibernate: 
    select
        u1_0.id,
        u1_0.bio,
        u1_0.cover_image,
        u1_0.created_at,
        u1_0.email,
        u1_0.password,
        u1_0.profile_picture,
        u1_0.role,
        u1_0.username 
    from
        _user u1_0 
    where
        u1_0.email=? 
        or u1_0.username=?
Hibernate: 
    select
        u1_0.id,
        u1_0.bio,
        u1_0.cover_image,
        u1_0.created_at,
        u1_0.email,
        u1_0.password,
        u1_0.profile_picture,
        u1_0.role,
        u1_0.username 
    from
        _user u1_0 
    where
        u1_0.email=? 
        or u1_0.username=?
2026-01-17T22:14:06.975+01:00  INFO 52678 --- [mojebbari] [nio-8080-exec-3] c._.m.controllers.ReportController       : GET /api/reports/count/pending - Fetching pending reports count
Hibernate: 
    select
        count(n1_0.id) 
    from
        notifications n1_0 
    where
        n1_0.recipient_id=? 
        and n1_0.is_read=?
Hibernate: 
    select
        count(r1_0.id) 
    from
        reports r1_0 
    where
        r1_0.status=?
Hibernate: 
    select
        u1_0.id,
        u1_0.bio,
        u1_0.cover_image,
        u1_0.created_at,
        u1_0.email,
        u1_0.password,
        u1_0.profile_picture,
        u1_0.role,
        u1_0.username 
    from
        _user u1_0 
    where
        u1_0.email=? 
        or u1_0.username=?
2026-01-17T22:14:36.886+01:00  INFO 52678 --- [mojebbari] [nio-8080-exec-6] c._.m.controllers.ReportController       : GET /api/reports/count/pending - Fetching pending reports count
Hibernate: 
    select
        count(r1_0.id) 
    from
        reports r1_0 
    where
        r1_0.status=?
Hibernate: 
    select
        u1_0.id,
        u1_0.bio,
        u1_0.cover_image,
        u1_0.created_at,
        u1_0.email,
        u1_0.password,
        u1_0.profile_picture,
        u1_0.role,
        u1_0.username 
    from
        _user u1_0 
    where
        u1_0.email=? 
        or u1_0.username=?
Hibernate: 
    select
        count(n1_0.id) 
    from
        notifications n1_0 
    where
        n1_0.recipient_id=? 
        and n1_0.is_read=?
Hibernate: 
    select
        u1_0.id,
        u1_0.bio,
        u1_0.cover_image,
        u1_0.created_at,
        u1_0.email,
        u1_0.password,
        u1_0.profile_picture,
        u1_0.role,
        u1_0.username 
    from
        _user u1_0 
    where
        u1_0.email=? 
        or u1_0.username=?
Hibernate: 
    select
        u1_0.id,
        u1_0.bio,
        u1_0.cover_image,
        u1_0.created_at,
        u1_0.email,
        u1_0.password,
        u1_0.profile_picture,
        u1_0.role,
        u1_0.username 
    from
        _user u1_0 
    where
        u1_0.email=? 
        or u1_0.username=?
2026-01-17T22:15:06.926+01:00  INFO 52678 --- [mojebbari] [io-8080-exec-10] c._.m.controllers.ReportController       : GET /api/reports/count/pending - Fetching pending reports count
Hibernate: 
    select
        count(r1_0.id) 
    from
        reports r1_0 
    where
        r1_0.status=?
Hibernate: 
    select
        count(n1_0.id) 
    from
        notifications n1_0 
    where
        n1_0.recipient_id=? 
        and n1_0.is_read=?
Hibernate: 
    select
        u1_0.id,
        u1_0.bio,
        u1_0.cover_image,
        u1_0.created_at,
        u1_0.email,
        u1_0.password,
        u1_0.profile_picture,
        u1_0.role,
        u1_0.username 
    from
        _user u1_0 
    where
        u1_0.email=? 
        or u1_0.username=?
Hibernate: 
    select
        u1_0.id,
        u1_0.bio,
        u1_0.cover_image,
        u1_0.created_at,
        u1_0.email,
        u1_0.password,
        u1_0.profile_picture,
        u1_0.role,
        u1_0.username 
    from
        _user u1_0 
    where
        u1_0.email=? 
        or u1_0.username=?
Hibernate: 
    select
        u1_0.id,
        u1_0.bio,
        u1_0.cover_image,
        u1_0.created_at,
        u1_0.email,
        u1_0.password,
        u1_0.profile_picture,
        u1_0.role,
        u1_0.username 
    from
        _user u1_0 
    where
        u1_0.email=? 
        or u1_0.username=?
2026-01-17T22:15:34.766+01:00  INFO 52678 --- [mojebbari] [nio-8080-exec-5] c._.m.controllers.ReportController       : GET /api/reports/count/pending - Fetching pending reports count
Hibernate: 
    select
        count(r1_0.id) 
    from
        reports r1_0 
    where
        r1_0.status=?
2026-01-17T22:15:34.774+01:00  INFO 52678 --- [mojebbari] [nio-8080-exec-8] c._.m.controllers.ReportController       : GET /api/reports - Fetching all reports
Hibernate: 
    select
        r1_0.id,
        r1_0.admin_notes,
        r1_0.comment_id,
        r1_0.created_at,
        r1_0.description,
        r1_0.post_id,
        r1_0.reason,
        r1_0.report_type,
        r1_0.reported_user_id,
        r1_0.reporter_id,
        r1_0.reviewed_at,
        r1_0.reviewed_by_id,
        r1_0.status 
    from
        reports r1_0 
    order by
        r1_0.created_at desc
Hibernate: 
    select
        n1_0.id,
        n1_0.actor_id,
        n1_0.comment_id,
        n1_0.created_at,
        n1_0.is_read,
        n1_0.message,
        n1_0.post_id,
        n1_0.recipient_id,
        n1_0.type 
    from
        notifications n1_0 
    where
        n1_0.recipient_id=? 
    order by
        n1_0.created_at desc
Hibernate: 
    select
        u1_0.id,
        u1_0.bio,
        u1_0.cover_image,
        u1_0.created_at,
        u1_0.email,
        u1_0.password,
        u1_0.profile_picture,
        u1_0.role,
        u1_0.username 
    from
        _user u1_0 
    where
        u1_0.email=? 
        or u1_0.username=?
Hibernate: 
    select
        p1_0.id,
        p1_0.category,
        p1_0.content,
        p1_0.created_at,
        p1_0.media_url,
        p1_0.title,
        p1_0.user_id 
    from
        posts p1_0 
    where
        p1_0.id=?
Hibernate: 
    select
        u1_0.id,
        u1_0.bio,
        u1_0.cover_image,
        u1_0.created_at,
        u1_0.email,
        u1_0.password,
        u1_0.profile_picture,
        u1_0.role,
        u1_0.username 
    from
        _user u1_0 
    where
        u1_0.id=?
Hibernate: 
    select
        count(n1_0.id) 
    from
        notifications n1_0 
    where
        n1_0.recipient_id=? 
        and n1_0.is_read=?
Hibernate: 
    select
        u1_0.id,
        u1_0.bio,
        u1_0.cover_image,
        u1_0.created_at,
        u1_0.email,
        u1_0.password,
        u1_0.profile_picture,
        u1_0.role,
        u1_0.username 
    from
        _user u1_0 
    where
        u1_0.id=?
Hibernate: 
    select
        p1_0.id,
        p1_0.category,
        p1_0.content,
        p1_0.created_at,
        p1_0.media_url,
        p1_0.title,
        p1_0.user_id 
    from
        posts p1_0 
    where
        p1_0.id=?
Hibernate: 
    select
        u1_0.id,
        u1_0.bio,
        u1_0.cover_image,
        u1_0.created_at,
        u1_0.email,
        u1_0.password,
        u1_0.profile_picture,
        u1_0.role,
        u1_0.username 
    from
        _user u1_0 
    where
        u1_0.id=?
Hibernate: 
    select
        u1_0.id,
        u1_0.bio,
        u1_0.cover_image,
        u1_0.created_at,
        u1_0.email,
        u1_0.password,
        u1_0.profile_picture,
        u1_0.role,
        u1_0.username 
    from
        _user u1_0 
    where
        u1_0.id=?
Hibernate: 
    select
        p1_0.id,
        p1_0.category,
        p1_0.content,
        p1_0.created_at,
        p1_0.media_url,
        p1_0.title,
        p1_0.user_id 
    from
        posts p1_0 
    where
        p1_0.id=?
Hibernate: 
    select
        u1_0.id,
        u1_0.bio,
        u1_0.cover_image,
        u1_0.created_at,
        u1_0.email,
        u1_0.password,
        u1_0.profile_picture,
        u1_0.role,
        u1_0.username 
    from
        _user u1_0 
    where
        u1_0.id=?
Hibernate: 
    select
        u1_0.id,
        u1_0.bio,
        u1_0.cover_image,
        u1_0.created_at,
        u1_0.email,
        u1_0.password,
        u1_0.profile_picture,
        u1_0.role,
        u1_0.username 
    from
        _user u1_0 
    where
        u1_0.email=? 
        or u1_0.username=?
2026-01-17T22:15:40.863+01:00  INFO 52678 --- [mojebbari] [nio-8080-exec-2] c._.m.controllers.ReportController       : PUT /api/reports/6/status - Admin admin updating status to RESOLVED
Hibernate: 
    select
        r1_0.id,
        r1_0.admin_notes,
        r1_0.comment_id,
        r1_0.created_at,
        r1_0.description,
        r1_0.post_id,
        r1_0.reason,
        r1_0.report_type,
        r1_0.reported_user_id,
        r1_0.reporter_id,
        r1_0.reviewed_at,
        r1_0.reviewed_by_id,
        r1_0.status 
    from
        reports r1_0 
    where
        r1_0.id=?
Hibernate: 
    select
        u1_0.id,
        u1_0.bio,
        u1_0.cover_image,
        u1_0.created_at,
        u1_0.email,
        u1_0.password,
        u1_0.profile_picture,
        u1_0.role,
        u1_0.username 
    from
        _user u1_0 
    where
        u1_0.id=?
2026-01-17T22:15:40.868+01:00  INFO 52678 --- [mojebbari] [nio-8080-exec-2] c._.mojebbari.services.ReportService     : Report updated: id=6, status=RESOLVED, reviewedBy=admin
Hibernate: 
    insert 
    into
        notifications
        (actor_id, comment_id, created_at, is_read, message, post_id, recipient_id, type) 
    values
        (?, ?, ?, ?, ?, ?, ?, ?)
2026-01-17T22:15:40.875+01:00  WARN 52678 --- [mojebbari] [nio-8080-exec-2] o.h.engine.jdbc.spi.SqlExceptionHelper   : SQL Error: 0, SQLState: 23514
2026-01-17T22:15:40.875+01:00 ERROR 52678 --- [mojebbari] [nio-8080-exec-2] o.h.engine.jdbc.spi.SqlExceptionHelper   : ERROR: new row for relation "notifications" violates check constraint "notifications_type_check"
  Detail: Failing row contains (20, 2026-01-17 22:15:40.870431, f, Your report about a post has been resolved by admin, REPORT_REVIEWED, 6, null, null, 22).
2026-01-17T22:15:40.876+01:00 ERROR 52678 --- [mojebbari] [nio-8080-exec-2] c._.mojebbari.services.ReportService     : Failed to create report reviewed notification

org.springframework.dao.DataIntegrityViolationException: could not execute statement [ERROR: new row for relation "notifications" violates check constraint "notifications_type_check"
  Detail: Failing row contains (20, 2026-01-17 22:15:40.870431, f, Your report about a post has been resolved by admin, REPORT_REVIEWED, 6, null, null, 22).] [insert into notifications (actor_id,comment_id,created_at,is_read,message,post_id,recipient_id,type) values (?,?,?,?,?,?,?,?)]; SQL [insert into notifications (actor_id,comment_id,created_at,is_read,message,post_id,recipient_id,type) values (?,?,?,?,?,?,?,?)]; constraint [notifications_type_check]
	at org.springframework.orm.jpa.vendor.HibernateJpaDialect.convertHibernateAccessException(HibernateJpaDialect.java:294) ~[spring-orm-6.2.12.jar:6.2.12]
	at org.springframework.orm.jpa.vendor.HibernateJpaDialect.convertHibernateAccessException(HibernateJpaDialect.java:256) ~[spring-orm-6.2.12.jar:6.2.12]
	at org.springframework.orm.jpa.vendor.HibernateJpaDialect.translateExceptionIfPossible(HibernateJpaDialect.java:241) ~[spring-orm-6.2.12.jar:6.2.12]
	at org.springframework.orm.jpa.AbstractEntityManagerFactoryBean.translateExceptionIfPossible(AbstractEntityManagerFactoryBean.java:560) ~[spring-orm-6.2.12.jar:6.2.12]
	at org.springframework.dao.support.ChainedPersistenceExceptionTranslator.translateExceptionIfPossible(ChainedPersistenceExceptionTranslator.java:61) ~[spring-tx-6.2.12.jar:6.2.12]
	at org.springframework.dao.support.DataAccessUtils.translateIfNecessary(DataAccessUtils.java:343) ~[spring-tx-6.2.12.jar:6.2.12]
	at org.springframework.dao.support.PersistenceExceptionTranslationInterceptor.invoke(PersistenceExceptionTranslationInterceptor.java:160) ~[spring-tx-6.2.12.jar:6.2.12]
	at org.springframework.aop.framework.ReflectiveMethodInvocation.proceed(ReflectiveMethodInvocation.java:184) ~[spring-aop-6.2.12.jar:6.2.12]
	at org.springframework.data.jpa.repository.support.CrudMethodMetadataPostProcessor$CrudMethodMetadataPopulatingMethodInterceptor.invoke(CrudMethodMetadataPostProcessor.java:165) ~[spring-data-jpa-3.5.5.jar:3.5.5]
	at org.springframework.aop.framework.ReflectiveMethodInvocation.proceed(ReflectiveMethodInvocation.java:184) ~[spring-aop-6.2.12.jar:6.2.12]
	at org.springframework.aop.framework.JdkDynamicAopProxy.invoke(JdkDynamicAopProxy.java:223) ~[spring-aop-6.2.12.jar:6.2.12]
	at jdk.proxy12/jdk.proxy12.$Proxy212.save(Unknown Source) ~[na:na]
	at com._Blog.mojebbari.services.NotificationService.createReportReviewedNotification(NotificationService.java:116) ~[classes/:na]
	at java.base/jdk.internal.reflect.DirectMethodHandleAccessor.invoke(DirectMethodHandleAccessor.java:104) ~[na:na]
	at java.base/java.lang.reflect.Method.invoke(Method.java:565) ~[na:na]
	at org.springframework.aop.support.AopUtils.invokeJoinpointUsingReflection(AopUtils.java:360) ~[spring-aop-6.2.12.jar:6.2.12]
	at org.springframework.aop.framework.ReflectiveMethodInvocation.invokeJoinpoint(ReflectiveMethodInvocation.java:196) ~[spring-aop-6.2.12.jar:6.2.12]
	at org.springframework.aop.framework.ReflectiveMethodInvocation.proceed(ReflectiveMethodInvocation.java:163) ~[spring-aop-6.2.12.jar:6.2.12]
	at org.springframework.transaction.interceptor.TransactionAspectSupport.invokeWithinTransaction(TransactionAspectSupport.java:380) ~[spring-tx-6.2.12.jar:6.2.12]
	at org.springframework.transaction.interceptor.TransactionInterceptor.invoke(TransactionInterceptor.java:119) ~[spring-tx-6.2.12.jar:6.2.12]
	at org.springframework.aop.framework.ReflectiveMethodInvocation.proceed(ReflectiveMethodInvocation.java:184) ~[spring-aop-6.2.12.jar:6.2.12]
	at org.springframework.aop.framework.CglibAopProxy$DynamicAdvisedInterceptor.intercept(CglibAopProxy.java:728) ~[spring-aop-6.2.12.jar:6.2.12]
	at com._Blog.mojebbari.services.NotificationService$$SpringCGLIB$$0.createReportReviewedNotification(<generated>) ~[classes/:na]
	at com._Blog.mojebbari.services.ReportService.createReportReviewedNotification(ReportService.java:210) ~[classes/:na]
	at com._Blog.mojebbari.services.ReportService.updateReportStatus(ReportService.java:195) ~[classes/:na]
	at java.base/jdk.internal.reflect.DirectMethodHandleAccessor.invoke(DirectMethodHandleAccessor.java:104) ~[na:na]
	at java.base/java.lang.reflect.Method.invoke(Method.java:565) ~[na:na]
	at org.springframework.aop.support.AopUtils.invokeJoinpointUsingReflection(AopUtils.java:360) ~[spring-aop-6.2.12.jar:6.2.12]
	at org.springframework.aop.framework.ReflectiveMethodInvocation.invokeJoinpoint(ReflectiveMethodInvocation.java:196) ~[spring-aop-6.2.12.jar:6.2.12]
	at org.springframework.aop.framework.ReflectiveMethodInvocation.proceed(ReflectiveMethodInvocation.java:163) ~[spring-aop-6.2.12.jar:6.2.12]
	at org.springframework.transaction.interceptor.TransactionAspectSupport.invokeWithinTransaction(TransactionAspectSupport.java:380) ~[spring-tx-6.2.12.jar:6.2.12]
	at org.springframework.transaction.interceptor.TransactionInterceptor.invoke(TransactionInterceptor.java:119) ~[spring-tx-6.2.12.jar:6.2.12]
	at org.springframework.aop.framework.ReflectiveMethodInvocation.proceed(ReflectiveMethodInvocation.java:184) ~[spring-aop-6.2.12.jar:6.2.12]
	at org.springframework.aop.framework.CglibAopProxy$DynamicAdvisedInterceptor.intercept(CglibAopProxy.java:728) ~[spring-aop-6.2.12.jar:6.2.12]
	at com._Blog.mojebbari.services.ReportService$$SpringCGLIB$$0.updateReportStatus(<generated>) ~[classes/:na]
	at com._Blog.mojebbari.controllers.ReportController.updateReportStatus(ReportController.java:148) ~[classes/:na]
	at java.base/jdk.internal.reflect.DirectMethodHandleAccessor.invoke(DirectMethodHandleAccessor.java:104) ~[na:na]
	at java.base/java.lang.reflect.Method.invoke(Method.java:565) ~[na:na]
	at org.springframework.aop.support.AopUtils.invokeJoinpointUsingReflection(AopUtils.java:360) ~[spring-aop-6.2.12.jar:6.2.12]
	at org.springframework.aop.framework.ReflectiveMethodInvocation.invokeJoinpoint(ReflectiveMethodInvocation.java:196) ~[spring-aop-6.2.12.jar:6.2.12]
	at org.springframework.aop.framework.ReflectiveMethodInvocation.proceed(ReflectiveMethodInvocation.java:163) ~[spring-aop-6.2.12.jar:6.2.12]
	at org.springframework.security.authorization.method.AuthorizationManagerBeforeMethodInterceptor.proceed(AuthorizationManagerBeforeMethodInterceptor.java:268) ~[spring-security-core-6.5.6.jar:6.5.6]
	at org.springframework.security.authorization.method.AuthorizationManagerBeforeMethodInterceptor.attemptAuthorization(AuthorizationManagerBeforeMethodInterceptor.java:263) ~[spring-security-core-6.5.6.jar:6.5.6]
	at org.springframework.security.authorization.method.AuthorizationManagerBeforeMethodInterceptor.invoke(AuthorizationManagerBeforeMethodInterceptor.java:196) ~[spring-security-core-6.5.6.jar:6.5.6]
	at org.springframework.security.config.annotation.method.configuration.DeferringMethodInterceptor.invoke(DeferringMethodInterceptor.java:44) ~[spring-security-config-6.5.6.jar:6.5.6]
	at org.springframework.aop.framework.ReflectiveMethodInvocation.proceed(ReflectiveMethodInvocation.java:184) ~[spring-aop-6.2.12.jar:6.2.12]
	at org.springframework.aop.framework.CglibAopProxy$DynamicAdvisedInterceptor.intercept(CglibAopProxy.java:728) ~[spring-aop-6.2.12.jar:6.2.12]
	at com._Blog.mojebbari.controllers.ReportController$$SpringCGLIB$$0.updateReportStatus(<generated>) ~[classes/:na]
	at java.base/jdk.internal.reflect.DirectMethodHandleAccessor.invoke(DirectMethodHandleAccessor.java:104) ~[na:na]
	at java.base/java.lang.reflect.Method.invoke(Method.java:565) ~[na:na]
	at org.springframework.web.method.support.InvocableHandlerMethod.doInvoke(InvocableHandlerMethod.java:258) ~[spring-web-6.2.12.jar:6.2.12]
	at org.springframework.web.method.support.InvocableHandlerMethod.invokeForRequest(InvocableHandlerMethod.java:191) ~[spring-web-6.2.12.jar:6.2.12]
	at org.springframework.web.servlet.mvc.method.annotation.ServletInvocableHandlerMethod.invokeAndHandle(ServletInvocableHandlerMethod.java:118) ~[spring-webmvc-6.2.12.jar:6.2.12]
	at org.springframework.web.servlet.mvc.method.annotation.RequestMappingHandlerAdapter.invokeHandlerMethod(RequestMappingHandlerAdapter.java:991) ~[spring-webmvc-6.2.12.jar:6.2.12]
	at org.springframework.web.servlet.mvc.method.annotation.RequestMappingHandlerAdapter.handleInternal(RequestMappingHandlerAdapter.java:896) ~[spring-webmvc-6.2.12.jar:6.2.12]
	at org.springframework.web.servlet.mvc.method.AbstractHandlerMethodAdapter.handle(AbstractHandlerMethodAdapter.java:87) ~[spring-webmvc-6.2.12.jar:6.2.12]
	at org.springframework.web.servlet.DispatcherServlet.doDispatch(DispatcherServlet.java:1089) ~[spring-webmvc-6.2.12.jar:6.2.12]
	at org.springframework.web.servlet.DispatcherServlet.doService(DispatcherServlet.java:979) ~[spring-webmvc-6.2.12.jar:6.2.12]
	at org.springframework.web.servlet.FrameworkServlet.processRequest(FrameworkServlet.java:1014) ~[spring-webmvc-6.2.12.jar:6.2.12]
	at org.springframework.web.servlet.FrameworkServlet.doPut(FrameworkServlet.java:925) ~[spring-webmvc-6.2.12.jar:6.2.12]
	at jakarta.servlet.http.HttpServlet.service(HttpServlet.java:593) ~[tomcat-embed-core-10.1.48.jar:6.0]
	at org.springframework.web.servlet.FrameworkServlet.service(FrameworkServlet.java:885) ~[spring-webmvc-6.2.12.jar:6.2.12]
	at jakarta.servlet.http.HttpServlet.service(HttpServlet.java:658) ~[tomcat-embed-core-10.1.48.jar:6.0]
	at org.apache.catalina.core.ApplicationFilterChain.internalDoFilter(ApplicationFilterChain.java:193) ~[tomcat-embed-core-10.1.48.jar:10.1.48]
	at org.apache.catalina.core.ApplicationFilterChain.doFilter(ApplicationFilterChain.java:138) ~[tomcat-embed-core-10.1.48.jar:10.1.48]
	at org.apache.tomcat.websocket.server.WsFilter.doFilter(WsFilter.java:51) ~[tomcat-embed-websocket-10.1.48.jar:10.1.48]
	at org.apache.catalina.core.ApplicationFilterChain.internalDoFilter(ApplicationFilterChain.java:162) ~[tomcat-embed-core-10.1.48.jar:10.1.48]
	at org.apache.catalina.core.ApplicationFilterChain.doFilter(ApplicationFilterChain.java:138) ~[tomcat-embed-core-10.1.48.jar:10.1.48]
	at org.springframework.web.filter.OncePerRequestFilter.doFilter(OncePerRequestFilter.java:110) ~[spring-web-6.2.12.jar:6.2.12]
	at org.apache.catalina.core.ApplicationFilterChain.internalDoFilter(ApplicationFilterChain.java:162) ~[tomcat-embed-core-10.1.48.jar:10.1.48]
	at org.apache.catalina.core.ApplicationFilterChain.doFilter(ApplicationFilterChain.java:138) ~[tomcat-embed-core-10.1.48.jar:10.1.48]
	at org.springframework.web.filter.CompositeFilter$VirtualFilterChain.doFilter(CompositeFilter.java:108) ~[spring-web-6.2.12.jar:6.2.12]
	at org.springframework.web.filter.CompositeFilter$VirtualFilterChain.doFilter(CompositeFilter.java:108) ~[spring-web-6.2.12.jar:6.2.12]
	at org.springframework.security.web.FilterChainProxy.lambda$doFilterInternal$3(FilterChainProxy.java:231) ~[spring-security-web-6.5.6.jar:6.5.6]
	at org.springframework.security.web.FilterChainProxy$VirtualFilterChain.doFilter(FilterChainProxy.java:365) ~[spring-security-web-6.5.6.jar:6.5.6]
	at org.springframework.security.web.access.intercept.AuthorizationFilter.doFilter(AuthorizationFilter.java:101) ~[spring-security-web-6.5.6.jar:6.5.6]
	at org.springframework.security.web.FilterChainProxy$VirtualFilterChain.doFilter(FilterChainProxy.java:374) ~[spring-security-web-6.5.6.jar:6.5.6]
	at org.springframework.security.web.access.ExceptionTranslationFilter.doFilter(ExceptionTranslationFilter.java:125) ~[spring-security-web-6.5.6.jar:6.5.6]
	at org.springframework.security.web.access.ExceptionTranslationFilter.doFilter(ExceptionTranslationFilter.java:119) ~[spring-security-web-6.5.6.jar:6.5.6]
	at org.springframework.security.web.FilterChainProxy$VirtualFilterChain.doFilter(FilterChainProxy.java:374) ~[spring-security-web-6.5.6.jar:6.5.6]
	at org.springframework.security.web.session.SessionManagementFilter.doFilter(SessionManagementFilter.java:131) ~[spring-security-web-6.5.6.jar:6.5.6]
	at org.springframework.security.web.session.SessionManagementFilter.doFilter(SessionManagementFilter.java:85) ~[spring-security-web-6.5.6.jar:6.5.6]
	at org.springframework.security.web.FilterChainProxy$VirtualFilterChain.doFilter(FilterChainProxy.java:374) ~[spring-security-web-6.5.6.jar:6.5.6]
	at org.springframework.security.web.authentication.AnonymousAuthenticationFilter.doFilter(AnonymousAuthenticationFilter.java:100) ~[spring-security-web-6.5.6.jar:6.5.6]
	at org.springframework.security.web.FilterChainProxy$VirtualFilterChain.doFilter(FilterChainProxy.java:374) ~[spring-security-web-6.5.6.jar:6.5.6]
	at org.springframework.security.web.servletapi.SecurityContextHolderAwareRequestFilter.doFilter(SecurityContextHolderAwareRequestFilter.java:179) ~[spring-security-web-6.5.6.jar:6.5.6]
	at org.springframework.security.web.FilterChainProxy$VirtualFilterChain.doFilter(FilterChainProxy.java:374) ~[spring-security-web-6.5.6.jar:6.5.6]
	at org.springframework.security.web.savedrequest.RequestCacheAwareFilter.doFilter(RequestCacheAwareFilter.java:63) ~[spring-security-web-6.5.6.jar:6.5.6]
	at org.springframework.security.web.FilterChainProxy$VirtualFilterChain.doFilter(FilterChainProxy.java:374) ~[spring-security-web-6.5.6.jar:6.5.6]
	at com._Blog.mojebbari.config.JwtAuthenticationFilter.doFilterInternal(JwtAuthenticationFilter.java:79) ~[classes/:na]
	at org.springframework.web.filter.OncePerRequestFilter.doFilter(OncePerRequestFilter.java:116) ~[spring-web-6.2.12.jar:6.2.12]
	at org.springframework.security.web.FilterChainProxy$VirtualFilterChain.doFilter(FilterChainProxy.java:374) ~[spring-security-web-6.5.6.jar:6.5.6]
	at org.springframework.security.web.authentication.logout.LogoutFilter.doFilter(LogoutFilter.java:107) ~[spring-security-web-6.5.6.jar:6.5.6]
	at org.springframework.security.web.authentication.logout.LogoutFilter.doFilter(LogoutFilter.java:93) ~[spring-security-web-6.5.6.jar:6.5.6]
	at org.springframework.security.web.FilterChainProxy$VirtualFilterChain.doFilter(FilterChainProxy.java:374) ~[spring-security-web-6.5.6.jar:6.5.6]
	at org.springframework.web.filter.CorsFilter.doFilterInternal(CorsFilter.java:91) ~[spring-web-6.2.12.jar:6.2.12]
	at org.springframework.web.filter.OncePerRequestFilter.doFilter(OncePerRequestFilter.java:116) ~[spring-web-6.2.12.jar:6.2.12]
	at org.springframework.security.web.FilterChainProxy$VirtualFilterChain.doFilter(FilterChainProxy.java:374) ~[spring-security-web-6.5.6.jar:6.5.6]
	at org.springframework.security.web.header.HeaderWriterFilter.doHeadersAfter(HeaderWriterFilter.java:90) ~[spring-security-web-6.5.6.jar:6.5.6]
	at org.springframework.security.web.header.HeaderWriterFilter.doFilterInternal(HeaderWriterFilter.java:75) ~[spring-security-web-6.5.6.jar:6.5.6]
	at org.springframework.web.filter.OncePerRequestFilter.doFilter(OncePerRequestFilter.java:116) ~[spring-web-6.2.12.jar:6.2.12]
	at org.springframework.security.web.FilterChainProxy$VirtualFilterChain.doFilter(FilterChainProxy.java:374) ~[spring-security-web-6.5.6.jar:6.5.6]
	at org.springframework.security.web.context.SecurityContextHolderFilter.doFilter(SecurityContextHolderFilter.java:82) ~[spring-security-web-6.5.6.jar:6.5.6]
	at org.springframework.security.web.context.SecurityContextHolderFilter.doFilter(SecurityContextHolderFilter.java:69) ~[spring-security-web-6.5.6.jar:6.5.6]
	at org.springframework.security.web.FilterChainProxy$VirtualFilterChain.doFilter(FilterChainProxy.java:374) ~[spring-security-web-6.5.6.jar:6.5.6]
	at org.springframework.security.web.context.request.async.WebAsyncManagerIntegrationFilter.doFilterInternal(WebAsyncManagerIntegrationFilter.java:62) ~[spring-security-web-6.5.6.jar:6.5.6]
	at org.springframework.web.filter.OncePerRequestFilter.doFilter(OncePerRequestFilter.java:116) ~[spring-web-6.2.12.jar:6.2.12]
	at org.springframework.security.web.FilterChainProxy$VirtualFilterChain.doFilter(FilterChainProxy.java:374) ~[spring-security-web-6.5.6.jar:6.5.6]
	at org.springframework.security.web.session.DisableEncodeUrlFilter.doFilterInternal(DisableEncodeUrlFilter.java:42) ~[spring-security-web-6.5.6.jar:6.5.6]
	at org.springframework.web.filter.OncePerRequestFilter.doFilter(OncePerRequestFilter.java:116) ~[spring-web-6.2.12.jar:6.2.12]
	at org.springframework.security.web.FilterChainProxy$VirtualFilterChain.doFilter(FilterChainProxy.java:374) ~[spring-security-web-6.5.6.jar:6.5.6]
	at org.springframework.security.web.FilterChainProxy.doFilterInternal(FilterChainProxy.java:233) ~[spring-security-web-6.5.6.jar:6.5.6]
	at org.springframework.security.web.FilterChainProxy.doFilter(FilterChainProxy.java:191) ~[spring-security-web-6.5.6.jar:6.5.6]
	at org.springframework.web.filter.CompositeFilter$VirtualFilterChain.doFilter(CompositeFilter.java:113) ~[spring-web-6.2.12.jar:6.2.12]
	at org.springframework.web.filter.ServletRequestPathFilter.doFilter(ServletRequestPathFilter.java:52) ~[spring-web-6.2.12.jar:6.2.12]
	at org.springframework.web.filter.CompositeFilter$VirtualFilterChain.doFilter(CompositeFilter.java:113) ~[spring-web-6.2.12.jar:6.2.12]
	at org.springframework.web.filter.CompositeFilter.doFilter(CompositeFilter.java:74) ~[spring-web-6.2.12.jar:6.2.12]
	at org.springframework.security.config.annotation.web.configuration.WebSecurityConfiguration$CompositeFilterChainProxy.doFilter(WebSecurityConfiguration.java:319) ~[spring-security-config-6.5.6.jar:6.5.6]
	at org.springframework.web.filter.CompositeFilter$VirtualFilterChain.doFilter(CompositeFilter.java:113) ~[spring-web-6.2.12.jar:6.2.12]
	at org.springframework.web.servlet.handler.HandlerMappingIntrospector.lambda$createCacheFilter$4(HandlerMappingIntrospector.java:267) ~[spring-webmvc-6.2.12.jar:6.2.12]
	at org.springframework.web.filter.CompositeFilter$VirtualFilterChain.doFilter(CompositeFilter.java:113) ~[spring-web-6.2.12.jar:6.2.12]
	at org.springframework.web.filter.CompositeFilter.doFilter(CompositeFilter.java:74) ~[spring-web-6.2.12.jar:6.2.12]
	at org.springframework.security.config.annotation.web.configuration.WebMvcSecurityConfiguration$CompositeFilterChainProxy.doFilter(WebMvcSecurityConfiguration.java:240) ~[spring-security-config-6.5.6.jar:6.5.6]
	at org.springframework.web.filter.DelegatingFilterProxy.invokeDelegate(DelegatingFilterProxy.java:362) ~[spring-web-6.2.12.jar:6.2.12]
	at org.springframework.web.filter.DelegatingFilterProxy.doFilter(DelegatingFilterProxy.java:278) ~[spring-web-6.2.12.jar:6.2.12]
	at org.apache.catalina.core.ApplicationFilterChain.internalDoFilter(ApplicationFilterChain.java:162) ~[tomcat-embed-core-10.1.48.jar:10.1.48]
	at org.apache.catalina.core.ApplicationFilterChain.doFilter(ApplicationFilterChain.java:138) ~[tomcat-embed-core-10.1.48.jar:10.1.48]
	at org.springframework.web.filter.RequestContextFilter.doFilterInternal(RequestContextFilter.java:100) ~[spring-web-6.2.12.jar:6.2.12]
	at org.springframework.web.filter.OncePerRequestFilter.doFilter(OncePerRequestFilter.java:116) ~[spring-web-6.2.12.jar:6.2.12]
	at org.apache.catalina.core.ApplicationFilterChain.internalDoFilter(ApplicationFilterChain.java:162) ~[tomcat-embed-core-10.1.48.jar:10.1.48]
	at org.apache.catalina.core.ApplicationFilterChain.doFilter(ApplicationFilterChain.java:138) ~[tomcat-embed-core-10.1.48.jar:10.1.48]
	at org.springframework.web.filter.FormContentFilter.doFilterInternal(FormContentFilter.java:93) ~[spring-web-6.2.12.jar:6.2.12]
	at org.springframework.web.filter.OncePerRequestFilter.doFilter(OncePerRequestFilter.java:116) ~[spring-web-6.2.12.jar:6.2.12]
	at org.apache.catalina.core.ApplicationFilterChain.internalDoFilter(ApplicationFilterChain.java:162) ~[tomcat-embed-core-10.1.48.jar:10.1.48]
	at org.apache.catalina.core.ApplicationFilterChain.doFilter(ApplicationFilterChain.java:138) ~[tomcat-embed-core-10.1.48.jar:10.1.48]
	at org.springframework.web.filter.CharacterEncodingFilter.doFilterInternal(CharacterEncodingFilter.java:201) ~[spring-web-6.2.12.jar:6.2.12]
	at org.springframework.web.filter.OncePerRequestFilter.doFilter(OncePerRequestFilter.java:116) ~[spring-web-6.2.12.jar:6.2.12]
	at org.apache.catalina.core.ApplicationFilterChain.internalDoFilter(ApplicationFilterChain.java:162) ~[tomcat-embed-core-10.1.48.jar:10.1.48]
	at org.apache.catalina.core.ApplicationFilterChain.doFilter(ApplicationFilterChain.java:138) ~[tomcat-embed-core-10.1.48.jar:10.1.48]
	at org.apache.catalina.core.StandardWrapperValve.invoke(StandardWrapperValve.java:165) ~[tomcat-embed-core-10.1.48.jar:10.1.48]
	at org.apache.catalina.core.StandardContextValve.invoke(StandardContextValve.java:88) ~[tomcat-embed-core-10.1.48.jar:10.1.48]
	at org.apache.catalina.authenticator.AuthenticatorBase.invoke(AuthenticatorBase.java:482) ~[tomcat-embed-core-10.1.48.jar:10.1.48]
	at org.apache.catalina.core.StandardHostValve.invoke(StandardHostValve.java:113) ~[tomcat-embed-core-10.1.48.jar:10.1.48]
	at org.apache.catalina.valves.ErrorReportValve.invoke(ErrorReportValve.java:83) ~[tomcat-embed-core-10.1.48.jar:10.1.48]
	at org.apache.catalina.core.StandardEngineValve.invoke(StandardEngineValve.java:72) ~[tomcat-embed-core-10.1.48.jar:10.1.48]
	at org.apache.catalina.connector.CoyoteAdapter.service(CoyoteAdapter.java:342) ~[tomcat-embed-core-10.1.48.jar:10.1.48]
	at org.apache.coyote.http11.Http11Processor.service(Http11Processor.java:399) ~[tomcat-embed-core-10.1.48.jar:10.1.48]
	at org.apache.coyote.AbstractProcessorLight.process(AbstractProcessorLight.java:63) ~[tomcat-embed-core-10.1.48.jar:10.1.48]
	at org.apache.coyote.AbstractProtocol$ConnectionHandler.process(AbstractProtocol.java:903) ~[tomcat-embed-core-10.1.48.jar:10.1.48]
	at org.apache.tomcat.util.net.NioEndpoint$SocketProcessor.doRun(NioEndpoint.java:1774) ~[tomcat-embed-core-10.1.48.jar:10.1.48]
	at org.apache.tomcat.util.net.SocketProcessorBase.run(SocketProcessorBase.java:52) ~[tomcat-embed-core-10.1.48.jar:10.1.48]
	at org.apache.tomcat.util.threads.ThreadPoolExecutor.runWorker(ThreadPoolExecutor.java:973) ~[tomcat-embed-core-10.1.48.jar:10.1.48]
	at org.apache.tomcat.util.threads.ThreadPoolExecutor$Worker.run(ThreadPoolExecutor.java:491) ~[tomcat-embed-core-10.1.48.jar:10.1.48]
	at org.apache.tomcat.util.threads.TaskThread$WrappingRunnable.run(TaskThread.java:63) ~[tomcat-embed-core-10.1.48.jar:10.1.48]
	at java.base/java.lang.Thread.run(Thread.java:1474) ~[na:na]
Caused by: org.hibernate.exception.ConstraintViolationException: could not execute statement [ERROR: new row for relation "notifications" violates check constraint "notifications_type_check"
  Detail: Failing row contains (20, 2026-01-17 22:15:40.870431, f, Your report about a post has been resolved by admin, REPORT_REVIEWED, 6, null, null, 22).] [insert into notifications (actor_id,comment_id,created_at,is_read,message,post_id,recipient_id,type) values (?,?,?,?,?,?,?,?)]
	at org.hibernate.exception.internal.SQLStateConversionDelegate.convert(SQLStateConversionDelegate.java:97) ~[hibernate-core-6.6.33.Final.jar:6.6.33.Final]
	at org.hibernate.exception.internal.StandardSQLExceptionConverter.convert(StandardSQLExceptionConverter.java:58) ~[hibernate-core-6.6.33.Final.jar:6.6.33.Final]
	at org.hibernate.engine.jdbc.spi.SqlExceptionHelper.convert(SqlExceptionHelper.java:108) ~[hibernate-core-6.6.33.Final.jar:6.6.33.Final]
	at org.hibernate.engine.jdbc.internal.ResultSetReturnImpl.executeUpdate(ResultSetReturnImpl.java:197) ~[hibernate-core-6.6.33.Final.jar:6.6.33.Final]
	at org.hibernate.id.insert.GetGeneratedKeysDelegate.performMutation(GetGeneratedKeysDelegate.java:116) ~[hibernate-core-6.6.33.Final.jar:6.6.33.Final]
	at org.hibernate.engine.jdbc.mutation.internal.MutationExecutorSingleNonBatched.performNonBatchedOperations(MutationExecutorSingleNonBatched.java:47) ~[hibernate-core-6.6.33.Final.jar:6.6.33.Final]
	at org.hibernate.engine.jdbc.mutation.internal.AbstractMutationExecutor.execute(AbstractMutationExecutor.java:55) ~[hibernate-core-6.6.33.Final.jar:6.6.33.Final]
	at org.hibernate.persister.entity.mutation.InsertCoordinatorStandard.doStaticInserts(InsertCoordinatorStandard.java:194) ~[hibernate-core-6.6.33.Final.jar:6.6.33.Final]
	at org.hibernate.persister.entity.mutation.InsertCoordinatorStandard.coordinateInsert(InsertCoordinatorStandard.java:132) ~[hibernate-core-6.6.33.Final.jar:6.6.33.Final]
	at org.hibernate.persister.entity.mutation.InsertCoordinatorStandard.insert(InsertCoordinatorStandard.java:95) ~[hibernate-core-6.6.33.Final.jar:6.6.33.Final]
	at org.hibernate.action.internal.EntityIdentityInsertAction.execute(EntityIdentityInsertAction.java:85) ~[hibernate-core-6.6.33.Final.jar:6.6.33.Final]
	at org.hibernate.engine.spi.ActionQueue.execute(ActionQueue.java:682) ~[hibernate-core-6.6.33.Final.jar:6.6.33.Final]
	at org.hibernate.engine.spi.ActionQueue.addResolvedEntityInsertAction(ActionQueue.java:293) ~[hibernate-core-6.6.33.Final.jar:6.6.33.Final]
	at org.hibernate.engine.spi.ActionQueue.addInsertAction(ActionQueue.java:274) ~[hibernate-core-6.6.33.Final.jar:6.6.33.Final]
	at org.hibernate.engine.spi.ActionQueue.addAction(ActionQueue.java:324) ~[hibernate-core-6.6.33.Final.jar:6.6.33.Final]
	at org.hibernate.event.internal.AbstractSaveEventListener.addInsertAction(AbstractSaveEventListener.java:394) ~[hibernate-core-6.6.33.Final.jar:6.6.33.Final]
	at org.hibernate.event.internal.AbstractSaveEventListener.performSaveOrReplicate(AbstractSaveEventListener.java:308) ~[hibernate-core-6.6.33.Final.jar:6.6.33.Final]
	at org.hibernate.event.internal.AbstractSaveEventListener.performSave(AbstractSaveEventListener.java:224) ~[hibernate-core-6.6.33.Final.jar:6.6.33.Final]
	at org.hibernate.event.internal.AbstractSaveEventListener.saveWithGeneratedId(AbstractSaveEventListener.java:136) ~[hibernate-core-6.6.33.Final.jar:6.6.33.Final]
	at org.hibernate.event.internal.DefaultPersistEventListener.entityIsTransient(DefaultPersistEventListener.java:177) ~[hibernate-core-6.6.33.Final.jar:6.6.33.Final]
	at org.hibernate.event.internal.DefaultPersistEventListener.persist(DefaultPersistEventListener.java:95) ~[hibernate-core-6.6.33.Final.jar:6.6.33.Final]
	at org.hibernate.event.internal.DefaultPersistEventListener.onPersist(DefaultPersistEventListener.java:79) ~[hibernate-core-6.6.33.Final.jar:6.6.33.Final]
	at org.hibernate.event.internal.DefaultPersistEventListener.onPersist(DefaultPersistEventListener.java:55) ~[hibernate-core-6.6.33.Final.jar:6.6.33.Final]
	at org.hibernate.event.service.internal.EventListenerGroupImpl.fireEventOnEachListener(EventListenerGroupImpl.java:127) ~[hibernate-core-6.6.33.Final.jar:6.6.33.Final]
	at org.hibernate.internal.SessionImpl.firePersist(SessionImpl.java:761) ~[hibernate-core-6.6.33.Final.jar:6.6.33.Final]
	at org.hibernate.internal.SessionImpl.persist(SessionImpl.java:745) ~[hibernate-core-6.6.33.Final.jar:6.6.33.Final]
	at java.base/jdk.internal.reflect.DirectMethodHandleAccessor.invoke(DirectMethodHandleAccessor.java:104) ~[na:na]
	at java.base/java.lang.reflect.Method.invoke(Method.java:565) ~[na:na]
	at org.springframework.orm.jpa.ExtendedEntityManagerCreator$ExtendedEntityManagerInvocationHandler.invoke(ExtendedEntityManagerCreator.java:364) ~[spring-orm-6.2.12.jar:6.2.12]
	at jdk.proxy12/jdk.proxy12.$Proxy206.persist(Unknown Source) ~[na:na]
	at java.base/jdk.internal.reflect.DirectMethodHandleAccessor.invoke(DirectMethodHandleAccessor.java:104) ~[na:na]
	at java.base/java.lang.reflect.Method.invoke(Method.java:565) ~[na:na]
	at org.springframework.orm.jpa.SharedEntityManagerCreator$SharedEntityManagerInvocationHandler.invoke(SharedEntityManagerCreator.java:320) ~[spring-orm-6.2.12.jar:6.2.12]
	at jdk.proxy12/jdk.proxy12.$Proxy206.persist(Unknown Source) ~[na:na]
	at org.springframework.data.jpa.repository.support.SimpleJpaRepository.save(SimpleJpaRepository.java:654) ~[spring-data-jpa-3.5.5.jar:3.5.5]
	at java.base/jdk.internal.reflect.DirectMethodHandleAccessor.invoke(DirectMethodHandleAccessor.java:104) ~[na:na]
	at java.base/java.lang.reflect.Method.invoke(Method.java:565) ~[na:na]
	at org.springframework.aop.support.AopUtils.invokeJoinpointUsingReflection(AopUtils.java:360) ~[spring-aop-6.2.12.jar:6.2.12]
	at org.springframework.data.repository.core.support.RepositoryMethodInvoker$RepositoryFragmentMethodInvoker.lambda$new$0(RepositoryMethodInvoker.java:277) ~[spring-data-commons-3.5.5.jar:3.5.5]
	at org.springframework.data.repository.core.support.RepositoryMethodInvoker.doInvoke(RepositoryMethodInvoker.java:170) ~[spring-data-commons-3.5.5.jar:3.5.5]
	at org.springframework.data.repository.core.support.RepositoryMethodInvoker.invoke(RepositoryMethodInvoker.java:158) ~[spring-data-commons-3.5.5.jar:3.5.5]
	at org.springframework.data.repository.core.support.RepositoryComposition$RepositoryFragments.invoke(RepositoryComposition.java:515) ~[spring-data-commons-3.5.5.jar:3.5.5]
	at org.springframework.data.repository.core.support.RepositoryComposition.invoke(RepositoryComposition.java:284) ~[spring-data-commons-3.5.5.jar:3.5.5]
	at org.springframework.data.repository.core.support.RepositoryFactorySupport$ImplementationMethodExecutionInterceptor.invoke(RepositoryFactorySupport.java:734) ~[spring-data-commons-3.5.5.jar:3.5.5]
	at org.springframework.aop.framework.ReflectiveMethodInvocation.proceed(ReflectiveMethodInvocation.java:184) ~[spring-aop-6.2.12.jar:6.2.12]
	at org.springframework.data.repository.core.support.QueryExecutorMethodInterceptor.doInvoke(QueryExecutorMethodInterceptor.java:174) ~[spring-data-commons-3.5.5.jar:3.5.5]
	at org.springframework.data.repository.core.support.QueryExecutorMethodInterceptor.invoke(QueryExecutorMethodInterceptor.java:149) ~[spring-data-commons-3.5.5.jar:3.5.5]
	at org.springframework.aop.framework.ReflectiveMethodInvocation.proceed(ReflectiveMethodInvocation.java:184) ~[spring-aop-6.2.12.jar:6.2.12]
	at org.springframework.data.projection.DefaultMethodInvokingMethodInterceptor.invoke(DefaultMethodInvokingMethodInterceptor.java:69) ~[spring-data-commons-3.5.5.jar:3.5.5]
	at org.springframework.aop.framework.ReflectiveMethodInvocation.proceed(ReflectiveMethodInvocation.java:184) ~[spring-aop-6.2.12.jar:6.2.12]
	at org.springframework.transaction.interceptor.TransactionAspectSupport.invokeWithinTransaction(TransactionAspectSupport.java:380) ~[spring-tx-6.2.12.jar:6.2.12]
	at org.springframework.transaction.interceptor.TransactionInterceptor.invoke(TransactionInterceptor.java:119) ~[spring-tx-6.2.12.jar:6.2.12]
	at org.springframework.aop.framework.ReflectiveMethodInvocation.proceed(ReflectiveMethodInvocation.java:184) ~[spring-aop-6.2.12.jar:6.2.12]
	at org.springframework.dao.support.PersistenceExceptionTranslationInterceptor.invoke(PersistenceExceptionTranslationInterceptor.java:138) ~[spring-tx-6.2.12.jar:6.2.12]
	... 148 common frames omitted
Caused by: org.postgresql.util.PSQLException: ERROR: new row for relation "notifications" violates check constraint "notifications_type_check"
  Detail: Failing row contains (20, 2026-01-17 22:15:40.870431, f, Your report about a post has been resolved by admin, REPORT_REVIEWED, 6, null, null, 22).
	at org.postgresql.core.v3.QueryExecutorImpl.receiveErrorResponse(QueryExecutorImpl.java:2736) ~[postgresql-42.7.8.jar:42.7.8]
	at org.postgresql.core.v3.QueryExecutorImpl.processResults(QueryExecutorImpl.java:2421) ~[postgresql-42.7.8.jar:42.7.8]
	at org.postgresql.core.v3.QueryExecutorImpl.execute(QueryExecutorImpl.java:372) ~[postgresql-42.7.8.jar:42.7.8]
	at org.postgresql.jdbc.PgStatement.executeInternal(PgStatement.java:525) ~[postgresql-42.7.8.jar:42.7.8]
	at org.postgresql.jdbc.PgStatement.execute(PgStatement.java:435) ~[postgresql-42.7.8.jar:42.7.8]
	at org.postgresql.jdbc.PgPreparedStatement.executeWithFlags(PgPreparedStatement.java:196) ~[postgresql-42.7.8.jar:42.7.8]
	at org.postgresql.jdbc.PgPreparedStatement.executeUpdate(PgPreparedStatement.java:157) ~[postgresql-42.7.8.jar:42.7.8]
	at com.zaxxer.hikari.pool.ProxyPreparedStatement.executeUpdate(ProxyPreparedStatement.java:61) ~[HikariCP-6.3.3.jar:na]
	at com.zaxxer.hikari.pool.HikariProxyPreparedStatement.executeUpdate(HikariProxyPreparedStatement.java) ~[HikariCP-6.3.3.jar:na]
	at org.hibernate.engine.jdbc.internal.ResultSetReturnImpl.executeUpdate(ResultSetReturnImpl.java:194) ~[hibernate-core-6.6.33.Final.jar:6.6.33.Final]
	... 198 common frames omitted

Hibernate: 
    select
        p1_0.id,
        p1_0.category,
        p1_0.content,
        p1_0.created_at,
        p1_0.media_url,
        p1_0.title,
        p1_0.user_id 
    from
        posts p1_0 
    where
        p1_0.id=?
2026-01-17T22:15:40.880+01:00  WARN 52678 --- [mojebbari] [nio-8080-exec-2] o.h.engine.jdbc.spi.SqlExceptionHelper   : SQL Error: 0, SQLState: 25P02
2026-01-17T22:15:40.880+01:00 ERROR 52678 --- [mojebbari] [nio-8080-exec-2] o.h.engine.jdbc.spi.SqlExceptionHelper   : ERROR: current transaction is aborted, commands ignored until end of transaction block
2026-01-17T22:15:40.880+01:00  INFO 52678 --- [mojebbari] [nio-8080-exec-2] o.h.e.internal.DefaultLoadEventListener  : HHH000327: Error performing load command

org.hibernate.exception.GenericJDBCException: JDBC exception executing SQL [select p1_0.id,p1_0.category,p1_0.content,p1_0.created_at,p1_0.media_url,p1_0.title,p1_0.user_id from posts p1_0 where p1_0.id=?] [ERROR: current transaction is aborted, commands ignored until end of transaction block] [n/a]
	at org.hibernate.exception.internal.StandardSQLExceptionConverter.convert(StandardSQLExceptionConverter.java:63) ~[hibernate-core-6.6.33.Final.jar:6.6.33.Final]
	at org.hibernate.engine.jdbc.spi.SqlExceptionHelper.convert(SqlExceptionHelper.java:108) ~[hibernate-core-6.6.33.Final.jar:6.6.33.Final]
	at org.hibernate.engine.jdbc.spi.SqlExceptionHelper.convert(SqlExceptionHelper.java:94) ~[hibernate-core-6.6.33.Final.jar:6.6.33.Final]
	at org.hibernate.sql.results.jdbc.internal.DeferredResultSetAccess.executeQuery(DeferredResultSetAccess.java:269) ~[hibernate-core-6.6.33.Final.jar:6.6.33.Final]
	at org.hibernate.sql.results.jdbc.internal.DeferredResultSetAccess.getResultSet(DeferredResultSetAccess.java:172) ~[hibernate-core-6.6.33.Final.jar:6.6.33.Final]
	at org.hibernate.sql.results.jdbc.internal.JdbcValuesResultSetImpl.<init>(JdbcValuesResultSetImpl.java:74) ~[hibernate-core-6.6.33.Final.jar:6.6.33.Final]
	at org.hibernate.sql.exec.internal.JdbcSelectExecutorStandardImpl.resolveJdbcValuesSource(JdbcSelectExecutorStandardImpl.java:355) ~[hibernate-core-6.6.33.Final.jar:6.6.33.Final]
	at org.hibernate.sql.exec.internal.JdbcSelectExecutorStandardImpl.doExecuteQuery(JdbcSelectExecutorStandardImpl.java:137) ~[hibernate-core-6.6.33.Final.jar:6.6.33.Final]
	at org.hibernate.sql.exec.internal.JdbcSelectExecutorStandardImpl.executeQuery(JdbcSelectExecutorStandardImpl.java:102) ~[hibernate-core-6.6.33.Final.jar:6.6.33.Final]
	at org.hibernate.sql.exec.spi.JdbcSelectExecutor.executeQuery(JdbcSelectExecutor.java:91) ~[hibernate-core-6.6.33.Final.jar:6.6.33.Final]
	at org.hibernate.sql.exec.spi.JdbcSelectExecutor.list(JdbcSelectExecutor.java:165) ~[hibernate-core-6.6.33.Final.jar:6.6.33.Final]
	at org.hibernate.loader.ast.internal.SingleIdLoadPlan.load(SingleIdLoadPlan.java:145) ~[hibernate-core-6.6.33.Final.jar:6.6.33.Final]
	at org.hibernate.loader.ast.internal.SingleIdLoadPlan.load(SingleIdLoadPlan.java:117) ~[hibernate-core-6.6.33.Final.jar:6.6.33.Final]
	at org.hibernate.loader.ast.internal.SingleIdEntityLoaderStandardImpl.load(SingleIdEntityLoaderStandardImpl.java:74) ~[hibernate-core-6.6.33.Final.jar:6.6.33.Final]
	at org.hibernate.persister.entity.AbstractEntityPersister.doLoad(AbstractEntityPersister.java:3908) ~[hibernate-core-6.6.33.Final.jar:6.6.33.Final]
	at org.hibernate.persister.entity.AbstractEntityPersister.load(AbstractEntityPersister.java:3897) ~[hibernate-core-6.6.33.Final.jar:6.6.33.Final]
	at org.hibernate.event.internal.DefaultLoadEventListener.loadFromDatasource(DefaultLoadEventListener.java:604) ~[hibernate-core-6.6.33.Final.jar:6.6.33.Final]
	at org.hibernate.event.internal.DefaultLoadEventListener.loadFromCacheOrDatasource(DefaultLoadEventListener.java:590) ~[hibernate-core-6.6.33.Final.jar:6.6.33.Final]
	at org.hibernate.event.internal.DefaultLoadEventListener.load(DefaultLoadEventListener.java:560) ~[hibernate-core-6.6.33.Final.jar:6.6.33.Final]
	at org.hibernate.event.internal.DefaultLoadEventListener.doLoad(DefaultLoadEventListener.java:544) ~[hibernate-core-6.6.33.Final.jar:6.6.33.Final]
	at org.hibernate.event.internal.DefaultLoadEventListener.load(DefaultLoadEventListener.java:206) ~[hibernate-core-6.6.33.Final.jar:6.6.33.Final]
	at org.hibernate.event.internal.DefaultLoadEventListener.doOnLoad(DefaultLoadEventListener.java:105) ~[hibernate-core-6.6.33.Final.jar:6.6.33.Final]
	at org.hibernate.event.internal.DefaultLoadEventListener.onLoad(DefaultLoadEventListener.java:69) ~[hibernate-core-6.6.33.Final.jar:6.6.33.Final]
	at org.hibernate.event.service.internal.EventListenerGroupImpl.fireEventOnEachListener(EventListenerGroupImpl.java:138) ~[hibernate-core-6.6.33.Final.jar:6.6.33.Final]
	at org.hibernate.internal.SessionImpl.fireLoadNoChecks(SessionImpl.java:1229) ~[hibernate-core-6.6.33.Final.jar:6.6.33.Final]
	at org.hibernate.internal.SessionImpl.immediateLoad(SessionImpl.java:1048) ~[hibernate-core-6.6.33.Final.jar:6.6.33.Final]
	at org.hibernate.proxy.AbstractLazyInitializer.initialize(AbstractLazyInitializer.java:186) ~[hibernate-core-6.6.33.Final.jar:6.6.33.Final]
	at org.hibernate.proxy.AbstractLazyInitializer.getImplementation(AbstractLazyInitializer.java:328) ~[hibernate-core-6.6.33.Final.jar:6.6.33.Final]
	at org.hibernate.proxy.pojo.bytebuddy.ByteBuddyInterceptor.intercept(ByteBuddyInterceptor.java:44) ~[hibernate-core-6.6.33.Final.jar:6.6.33.Final]
	at org.hibernate.proxy.ProxyConfiguration$InterceptorDispatcher.intercept(ProxyConfiguration.java:102) ~[hibernate-core-6.6.33.Final.jar:6.6.33.Final]
	at com._Blog.mojebbari.models.Post$HibernateProxy.getContent(Unknown Source) ~[classes/:na]
	at com._Blog.mojebbari.services.ReportService.mapToResponse(ReportService.java:274) ~[classes/:na]
	at com._Blog.mojebbari.services.ReportService.updateReportStatus(ReportService.java:197) ~[classes/:na]
	at java.base/jdk.internal.reflect.DirectMethodHandleAccessor.invoke(DirectMethodHandleAccessor.java:104) ~[na:na]
	at java.base/java.lang.reflect.Method.invoke(Method.java:565) ~[na:na]
	at org.springframework.aop.support.AopUtils.invokeJoinpointUsingReflection(AopUtils.java:360) ~[spring-aop-6.2.12.jar:6.2.12]
	at org.springframework.aop.framework.ReflectiveMethodInvocation.invokeJoinpoint(ReflectiveMethodInvocation.java:196) ~[spring-aop-6.2.12.jar:6.2.12]
	at org.springframework.aop.framework.ReflectiveMethodInvocation.proceed(ReflectiveMethodInvocation.java:163) ~[spring-aop-6.2.12.jar:6.2.12]
	at org.springframework.transaction.interceptor.TransactionAspectSupport.invokeWithinTransaction(TransactionAspectSupport.java:380) ~[spring-tx-6.2.12.jar:6.2.12]
	at org.springframework.transaction.interceptor.TransactionInterceptor.invoke(TransactionInterceptor.java:119) ~[spring-tx-6.2.12.jar:6.2.12]
	at org.springframework.aop.framework.ReflectiveMethodInvocation.proceed(ReflectiveMethodInvocation.java:184) ~[spring-aop-6.2.12.jar:6.2.12]
	at org.springframework.aop.framework.CglibAopProxy$DynamicAdvisedInterceptor.intercept(CglibAopProxy.java:728) ~[spring-aop-6.2.12.jar:6.2.12]
	at com._Blog.mojebbari.services.ReportService$$SpringCGLIB$$0.updateReportStatus(<generated>) ~[classes/:na]
	at com._Blog.mojebbari.controllers.ReportController.updateReportStatus(ReportController.java:148) ~[classes/:na]
	at java.base/jdk.internal.reflect.DirectMethodHandleAccessor.invoke(DirectMethodHandleAccessor.java:104) ~[na:na]
	at java.base/java.lang.reflect.Method.invoke(Method.java:565) ~[na:na]
	at org.springframework.aop.support.AopUtils.invokeJoinpointUsingReflection(AopUtils.java:360) ~[spring-aop-6.2.12.jar:6.2.12]
	at org.springframework.aop.framework.ReflectiveMethodInvocation.invokeJoinpoint(ReflectiveMethodInvocation.java:196) ~[spring-aop-6.2.12.jar:6.2.12]
	at org.springframework.aop.framework.ReflectiveMethodInvocation.proceed(ReflectiveMethodInvocation.java:163) ~[spring-aop-6.2.12.jar:6.2.12]
	at org.springframework.security.authorization.method.AuthorizationManagerBeforeMethodInterceptor.proceed(AuthorizationManagerBeforeMethodInterceptor.java:268) ~[spring-security-core-6.5.6.jar:6.5.6]
	at org.springframework.security.authorization.method.AuthorizationManagerBeforeMethodInterceptor.attemptAuthorization(AuthorizationManagerBeforeMethodInterceptor.java:263) ~[spring-security-core-6.5.6.jar:6.5.6]
	at org.springframework.security.authorization.method.AuthorizationManagerBeforeMethodInterceptor.invoke(AuthorizationManagerBeforeMethodInterceptor.java:196) ~[spring-security-core-6.5.6.jar:6.5.6]
	at org.springframework.security.config.annotation.method.configuration.DeferringMethodInterceptor.invoke(DeferringMethodInterceptor.java:44) ~[spring-security-config-6.5.6.jar:6.5.6]
	at org.springframework.aop.framework.ReflectiveMethodInvocation.proceed(ReflectiveMethodInvocation.java:184) ~[spring-aop-6.2.12.jar:6.2.12]
	at org.springframework.aop.framework.CglibAopProxy$DynamicAdvisedInterceptor.intercept(CglibAopProxy.java:728) ~[spring-aop-6.2.12.jar:6.2.12]
	at com._Blog.mojebbari.controllers.ReportController$$SpringCGLIB$$0.updateReportStatus(<generated>) ~[classes/:na]
	at java.base/jdk.internal.reflect.DirectMethodHandleAccessor.invoke(DirectMethodHandleAccessor.java:104) ~[na:na]
	at java.base/java.lang.reflect.Method.invoke(Method.java:565) ~[na:na]
	at org.springframework.web.method.support.InvocableHandlerMethod.doInvoke(InvocableHandlerMethod.java:258) ~[spring-web-6.2.12.jar:6.2.12]
	at org.springframework.web.method.support.InvocableHandlerMethod.invokeForRequest(InvocableHandlerMethod.java:191) ~[spring-web-6.2.12.jar:6.2.12]
	at org.springframework.web.servlet.mvc.method.annotation.ServletInvocableHandlerMethod.invokeAndHandle(ServletInvocableHandlerMethod.java:118) ~[spring-webmvc-6.2.12.jar:6.2.12]
	at org.springframework.web.servlet.mvc.method.annotation.RequestMappingHandlerAdapter.invokeHandlerMethod(RequestMappingHandlerAdapter.java:991) ~[spring-webmvc-6.2.12.jar:6.2.12]
	at org.springframework.web.servlet.mvc.method.annotation.RequestMappingHandlerAdapter.handleInternal(RequestMappingHandlerAdapter.java:896) ~[spring-webmvc-6.2.12.jar:6.2.12]
	at org.springframework.web.servlet.mvc.method.AbstractHandlerMethodAdapter.handle(AbstractHandlerMethodAdapter.java:87) ~[spring-webmvc-6.2.12.jar:6.2.12]
	at org.springframework.web.servlet.DispatcherServlet.doDispatch(DispatcherServlet.java:1089) ~[spring-webmvc-6.2.12.jar:6.2.12]
	at org.springframework.web.servlet.DispatcherServlet.doService(DispatcherServlet.java:979) ~[spring-webmvc-6.2.12.jar:6.2.12]
	at org.springframework.web.servlet.FrameworkServlet.processRequest(FrameworkServlet.java:1014) ~[spring-webmvc-6.2.12.jar:6.2.12]
	at org.springframework.web.servlet.FrameworkServlet.doPut(FrameworkServlet.java:925) ~[spring-webmvc-6.2.12.jar:6.2.12]
	at jakarta.servlet.http.HttpServlet.service(HttpServlet.java:593) ~[tomcat-embed-core-10.1.48.jar:6.0]
	at org.springframework.web.servlet.FrameworkServlet.service(FrameworkServlet.java:885) ~[spring-webmvc-6.2.12.jar:6.2.12]
	at jakarta.servlet.http.HttpServlet.service(HttpServlet.java:658) ~[tomcat-embed-core-10.1.48.jar:6.0]
	at org.apache.catalina.core.ApplicationFilterChain.internalDoFilter(ApplicationFilterChain.java:193) ~[tomcat-embed-core-10.1.48.jar:10.1.48]
	at org.apache.catalina.core.ApplicationFilterChain.doFilter(ApplicationFilterChain.java:138) ~[tomcat-embed-core-10.1.48.jar:10.1.48]
	at org.apache.tomcat.websocket.server.WsFilter.doFilter(WsFilter.java:51) ~[tomcat-embed-websocket-10.1.48.jar:10.1.48]
	at org.apache.catalina.core.ApplicationFilterChain.internalDoFilter(ApplicationFilterChain.java:162) ~[tomcat-embed-core-10.1.48.jar:10.1.48]
	at org.apache.catalina.core.ApplicationFilterChain.doFilter(ApplicationFilterChain.java:138) ~[tomcat-embed-core-10.1.48.jar:10.1.48]
	at org.springframework.web.filter.OncePerRequestFilter.doFilter(OncePerRequestFilter.java:110) ~[spring-web-6.2.12.jar:6.2.12]
	at org.apache.catalina.core.ApplicationFilterChain.internalDoFilter(ApplicationFilterChain.java:162) ~[tomcat-embed-core-10.1.48.jar:10.1.48]
	at org.apache.catalina.core.ApplicationFilterChain.doFilter(ApplicationFilterChain.java:138) ~[tomcat-embed-core-10.1.48.jar:10.1.48]
	at org.springframework.web.filter.CompositeFilter$VirtualFilterChain.doFilter(CompositeFilter.java:108) ~[spring-web-6.2.12.jar:6.2.12]
	at org.springframework.web.filter.CompositeFilter$VirtualFilterChain.doFilter(CompositeFilter.java:108) ~[spring-web-6.2.12.jar:6.2.12]
	at org.springframework.security.web.FilterChainProxy.lambda$doFilterInternal$3(FilterChainProxy.java:231) ~[spring-security-web-6.5.6.jar:6.5.6]
	at org.springframework.security.web.FilterChainProxy$VirtualFilterChain.doFilter(FilterChainProxy.java:365) ~[spring-security-web-6.5.6.jar:6.5.6]
	at org.springframework.security.web.access.intercept.AuthorizationFilter.doFilter(AuthorizationFilter.java:101) ~[spring-security-web-6.5.6.jar:6.5.6]
	at org.springframework.security.web.FilterChainProxy$VirtualFilterChain.doFilter(FilterChainProxy.java:374) ~[spring-security-web-6.5.6.jar:6.5.6]
	at org.springframework.security.web.access.ExceptionTranslationFilter.doFilter(ExceptionTranslationFilter.java:125) ~[spring-security-web-6.5.6.jar:6.5.6]
	at org.springframework.security.web.access.ExceptionTranslationFilter.doFilter(ExceptionTranslationFilter.java:119) ~[spring-security-web-6.5.6.jar:6.5.6]
	at org.springframework.security.web.FilterChainProxy$VirtualFilterChain.doFilter(FilterChainProxy.java:374) ~[spring-security-web-6.5.6.jar:6.5.6]
	at org.springframework.security.web.session.SessionManagementFilter.doFilter(SessionManagementFilter.java:131) ~[spring-security-web-6.5.6.jar:6.5.6]
	at org.springframework.security.web.session.SessionManagementFilter.doFilter(SessionManagementFilter.java:85) ~[spring-security-web-6.5.6.jar:6.5.6]
	at org.springframework.security.web.FilterChainProxy$VirtualFilterChain.doFilter(FilterChainProxy.java:374) ~[spring-security-web-6.5.6.jar:6.5.6]
	at org.springframework.security.web.authentication.AnonymousAuthenticationFilter.doFilter(AnonymousAuthenticationFilter.java:100) ~[spring-security-web-6.5.6.jar:6.5.6]
	at org.springframework.security.web.FilterChainProxy$VirtualFilterChain.doFilter(FilterChainProxy.java:374) ~[spring-security-web-6.5.6.jar:6.5.6]
	at org.springframework.security.web.servletapi.SecurityContextHolderAwareRequestFilter.doFilter(SecurityContextHolderAwareRequestFilter.java:179) ~[spring-security-web-6.5.6.jar:6.5.6]
	at org.springframework.security.web.FilterChainProxy$VirtualFilterChain.doFilter(FilterChainProxy.java:374) ~[spring-security-web-6.5.6.jar:6.5.6]
	at org.springframework.security.web.savedrequest.RequestCacheAwareFilter.doFilter(RequestCacheAwareFilter.java:63) ~[spring-security-web-6.5.6.jar:6.5.6]
	at org.springframework.security.web.FilterChainProxy$VirtualFilterChain.doFilter(FilterChainProxy.java:374) ~[spring-security-web-6.5.6.jar:6.5.6]
	at com._Blog.mojebbari.config.JwtAuthenticationFilter.doFilterInternal(JwtAuthenticationFilter.java:79) ~[classes/:na]
	at org.springframework.web.filter.OncePerRequestFilter.doFilter(OncePerRequestFilter.java:116) ~[spring-web-6.2.12.jar:6.2.12]
	at org.springframework.security.web.FilterChainProxy$VirtualFilterChain.doFilter(FilterChainProxy.java:374) ~[spring-security-web-6.5.6.jar:6.5.6]
	at org.springframework.security.web.authentication.logout.LogoutFilter.doFilter(LogoutFilter.java:107) ~[spring-security-web-6.5.6.jar:6.5.6]
	at org.springframework.security.web.authentication.logout.LogoutFilter.doFilter(LogoutFilter.java:93) ~[spring-security-web-6.5.6.jar:6.5.6]
	at org.springframework.security.web.FilterChainProxy$VirtualFilterChain.doFilter(FilterChainProxy.java:374) ~[spring-security-web-6.5.6.jar:6.5.6]
	at org.springframework.web.filter.CorsFilter.doFilterInternal(CorsFilter.java:91) ~[spring-web-6.2.12.jar:6.2.12]
	at org.springframework.web.filter.OncePerRequestFilter.doFilter(OncePerRequestFilter.java:116) ~[spring-web-6.2.12.jar:6.2.12]
	at org.springframework.security.web.FilterChainProxy$VirtualFilterChain.doFilter(FilterChainProxy.java:374) ~[spring-security-web-6.5.6.jar:6.5.6]
	at org.springframework.security.web.header.HeaderWriterFilter.doHeadersAfter(HeaderWriterFilter.java:90) ~[spring-security-web-6.5.6.jar:6.5.6]
	at org.springframework.security.web.header.HeaderWriterFilter.doFilterInternal(HeaderWriterFilter.java:75) ~[spring-security-web-6.5.6.jar:6.5.6]
	at org.springframework.web.filter.OncePerRequestFilter.doFilter(OncePerRequestFilter.java:116) ~[spring-web-6.2.12.jar:6.2.12]
	at org.springframework.security.web.FilterChainProxy$VirtualFilterChain.doFilter(FilterChainProxy.java:374) ~[spring-security-web-6.5.6.jar:6.5.6]
	at org.springframework.security.web.context.SecurityContextHolderFilter.doFilter(SecurityContextHolderFilter.java:82) ~[spring-security-web-6.5.6.jar:6.5.6]
	at org.springframework.security.web.context.SecurityContextHolderFilter.doFilter(SecurityContextHolderFilter.java:69) ~[spring-security-web-6.5.6.jar:6.5.6]
	at org.springframework.security.web.FilterChainProxy$VirtualFilterChain.doFilter(FilterChainProxy.java:374) ~[spring-security-web-6.5.6.jar:6.5.6]
	at org.springframework.security.web.context.request.async.WebAsyncManagerIntegrationFilter.doFilterInternal(WebAsyncManagerIntegrationFilter.java:62) ~[spring-security-web-6.5.6.jar:6.5.6]
	at org.springframework.web.filter.OncePerRequestFilter.doFilter(OncePerRequestFilter.java:116) ~[spring-web-6.2.12.jar:6.2.12]
	at org.springframework.security.web.FilterChainProxy$VirtualFilterChain.doFilter(FilterChainProxy.java:374) ~[spring-security-web-6.5.6.jar:6.5.6]
	at org.springframework.security.web.session.DisableEncodeUrlFilter.doFilterInternal(DisableEncodeUrlFilter.java:42) ~[spring-security-web-6.5.6.jar:6.5.6]
	at org.springframework.web.filter.OncePerRequestFilter.doFilter(OncePerRequestFilter.java:116) ~[spring-web-6.2.12.jar:6.2.12]
	at org.springframework.security.web.FilterChainProxy$VirtualFilterChain.doFilter(FilterChainProxy.java:374) ~[spring-security-web-6.5.6.jar:6.5.6]
	at org.springframework.security.web.FilterChainProxy.doFilterInternal(FilterChainProxy.java:233) ~[spring-security-web-6.5.6.jar:6.5.6]
	at org.springframework.security.web.FilterChainProxy.doFilter(FilterChainProxy.java:191) ~[spring-security-web-6.5.6.jar:6.5.6]
	at org.springframework.web.filter.CompositeFilter$VirtualFilterChain.doFilter(CompositeFilter.java:113) ~[spring-web-6.2.12.jar:6.2.12]
	at org.springframework.web.filter.ServletRequestPathFilter.doFilter(ServletRequestPathFilter.java:52) ~[spring-web-6.2.12.jar:6.2.12]
	at org.springframework.web.filter.CompositeFilter$VirtualFilterChain.doFilter(CompositeFilter.java:113) ~[spring-web-6.2.12.jar:6.2.12]
	at org.springframework.web.filter.CompositeFilter.doFilter(CompositeFilter.java:74) ~[spring-web-6.2.12.jar:6.2.12]
	at org.springframework.security.config.annotation.web.configuration.WebSecurityConfiguration$CompositeFilterChainProxy.doFilter(WebSecurityConfiguration.java:319) ~[spring-security-config-6.5.6.jar:6.5.6]
	at org.springframework.web.filter.CompositeFilter$VirtualFilterChain.doFilter(CompositeFilter.java:113) ~[spring-web-6.2.12.jar:6.2.12]
	at org.springframework.web.servlet.handler.HandlerMappingIntrospector.lambda$createCacheFilter$4(HandlerMappingIntrospector.java:267) ~[spring-webmvc-6.2.12.jar:6.2.12]
	at org.springframework.web.filter.CompositeFilter$VirtualFilterChain.doFilter(CompositeFilter.java:113) ~[spring-web-6.2.12.jar:6.2.12]
	at org.springframework.web.filter.CompositeFilter.doFilter(CompositeFilter.java:74) ~[spring-web-6.2.12.jar:6.2.12]
	at org.springframework.security.config.annotation.web.configuration.WebMvcSecurityConfiguration$CompositeFilterChainProxy.doFilter(WebMvcSecurityConfiguration.java:240) ~[spring-security-config-6.5.6.jar:6.5.6]
	at org.springframework.web.filter.DelegatingFilterProxy.invokeDelegate(DelegatingFilterProxy.java:362) ~[spring-web-6.2.12.jar:6.2.12]
	at org.springframework.web.filter.DelegatingFilterProxy.doFilter(DelegatingFilterProxy.java:278) ~[spring-web-6.2.12.jar:6.2.12]
	at org.apache.catalina.core.ApplicationFilterChain.internalDoFilter(ApplicationFilterChain.java:162) ~[tomcat-embed-core-10.1.48.jar:10.1.48]
	at org.apache.catalina.core.ApplicationFilterChain.doFilter(ApplicationFilterChain.java:138) ~[tomcat-embed-core-10.1.48.jar:10.1.48]
	at org.springframework.web.filter.RequestContextFilter.doFilterInternal(RequestContextFilter.java:100) ~[spring-web-6.2.12.jar:6.2.12]
	at org.springframework.web.filter.OncePerRequestFilter.doFilter(OncePerRequestFilter.java:116) ~[spring-web-6.2.12.jar:6.2.12]
	at org.apache.catalina.core.ApplicationFilterChain.internalDoFilter(ApplicationFilterChain.java:162) ~[tomcat-embed-core-10.1.48.jar:10.1.48]
	at org.apache.catalina.core.ApplicationFilterChain.doFilter(ApplicationFilterChain.java:138) ~[tomcat-embed-core-10.1.48.jar:10.1.48]
	at org.springframework.web.filter.FormContentFilter.doFilterInternal(FormContentFilter.java:93) ~[spring-web-6.2.12.jar:6.2.12]
	at org.springframework.web.filter.OncePerRequestFilter.doFilter(OncePerRequestFilter.java:116) ~[spring-web-6.2.12.jar:6.2.12]
	at org.apache.catalina.core.ApplicationFilterChain.internalDoFilter(ApplicationFilterChain.java:162) ~[tomcat-embed-core-10.1.48.jar:10.1.48]
	at org.apache.catalina.core.ApplicationFilterChain.doFilter(ApplicationFilterChain.java:138) ~[tomcat-embed-core-10.1.48.jar:10.1.48]
	at org.springframework.web.filter.CharacterEncodingFilter.doFilterInternal(CharacterEncodingFilter.java:201) ~[spring-web-6.2.12.jar:6.2.12]
	at org.springframework.web.filter.OncePerRequestFilter.doFilter(OncePerRequestFilter.java:116) ~[spring-web-6.2.12.jar:6.2.12]
	at org.apache.catalina.core.ApplicationFilterChain.internalDoFilter(ApplicationFilterChain.java:162) ~[tomcat-embed-core-10.1.48.jar:10.1.48]
	at org.apache.catalina.core.ApplicationFilterChain.doFilter(ApplicationFilterChain.java:138) ~[tomcat-embed-core-10.1.48.jar:10.1.48]
	at org.apache.catalina.core.StandardWrapperValve.invoke(StandardWrapperValve.java:165) ~[tomcat-embed-core-10.1.48.jar:10.1.48]
	at org.apache.catalina.core.StandardContextValve.invoke(StandardContextValve.java:88) ~[tomcat-embed-core-10.1.48.jar:10.1.48]
	at org.apache.catalina.authenticator.AuthenticatorBase.invoke(AuthenticatorBase.java:482) ~[tomcat-embed-core-10.1.48.jar:10.1.48]
	at org.apache.catalina.core.StandardHostValve.invoke(StandardHostValve.java:113) ~[tomcat-embed-core-10.1.48.jar:10.1.48]
	at org.apache.catalina.valves.ErrorReportValve.invoke(ErrorReportValve.java:83) ~[tomcat-embed-core-10.1.48.jar:10.1.48]
	at org.apache.catalina.core.StandardEngineValve.invoke(StandardEngineValve.java:72) ~[tomcat-embed-core-10.1.48.jar:10.1.48]
	at org.apache.catalina.connector.CoyoteAdapter.service(CoyoteAdapter.java:342) ~[tomcat-embed-core-10.1.48.jar:10.1.48]
	at org.apache.coyote.http11.Http11Processor.service(Http11Processor.java:399) ~[tomcat-embed-core-10.1.48.jar:10.1.48]
	at org.apache.coyote.AbstractProcessorLight.process(AbstractProcessorLight.java:63) ~[tomcat-embed-core-10.1.48.jar:10.1.48]
	at org.apache.coyote.AbstractProtocol$ConnectionHandler.process(AbstractProtocol.java:903) ~[tomcat-embed-core-10.1.48.jar:10.1.48]
	at org.apache.tomcat.util.net.NioEndpoint$SocketProcessor.doRun(NioEndpoint.java:1774) ~[tomcat-embed-core-10.1.48.jar:10.1.48]
	at org.apache.tomcat.util.net.SocketProcessorBase.run(SocketProcessorBase.java:52) ~[tomcat-embed-core-10.1.48.jar:10.1.48]
	at org.apache.tomcat.util.threads.ThreadPoolExecutor.runWorker(ThreadPoolExecutor.java:973) ~[tomcat-embed-core-10.1.48.jar:10.1.48]
	at org.apache.tomcat.util.threads.ThreadPoolExecutor$Worker.run(ThreadPoolExecutor.java:491) ~[tomcat-embed-core-10.1.48.jar:10.1.48]
	at org.apache.tomcat.util.threads.TaskThread$WrappingRunnable.run(TaskThread.java:63) ~[tomcat-embed-core-10.1.48.jar:10.1.48]
	at java.base/java.lang.Thread.run(Thread.java:1474) ~[na:na]
Caused by: org.postgresql.util.PSQLException: ERROR: current transaction is aborted, commands ignored until end of transaction block
	at org.postgresql.core.v3.QueryExecutorImpl.receiveErrorResponse(QueryExecutorImpl.java:2736) ~[postgresql-42.7.8.jar:42.7.8]
	at org.postgresql.core.v3.QueryExecutorImpl.processResults(QueryExecutorImpl.java:2421) ~[postgresql-42.7.8.jar:42.7.8]
	at org.postgresql.core.v3.QueryExecutorImpl.execute(QueryExecutorImpl.java:372) ~[postgresql-42.7.8.jar:42.7.8]
	at org.postgresql.jdbc.PgStatement.executeInternal(PgStatement.java:525) ~[postgresql-42.7.8.jar:42.7.8]
	at org.postgresql.jdbc.PgStatement.execute(PgStatement.java:435) ~[postgresql-42.7.8.jar:42.7.8]
	at org.postgresql.jdbc.PgPreparedStatement.executeWithFlags(PgPreparedStatement.java:196) ~[postgresql-42.7.8.jar:42.7.8]
	at org.postgresql.jdbc.PgPreparedStatement.executeQuery(PgPreparedStatement.java:139) ~[postgresql-42.7.8.jar:42.7.8]
	at com.zaxxer.hikari.pool.ProxyPreparedStatement.executeQuery(ProxyPreparedStatement.java:52) ~[HikariCP-6.3.3.jar:na]
	at com.zaxxer.hikari.pool.HikariProxyPreparedStatement.executeQuery(HikariProxyPreparedStatement.java) ~[HikariCP-6.3.3.jar:na]
	at org.hibernate.sql.results.jdbc.internal.DeferredResultSetAccess.executeQuery(DeferredResultSetAccess.java:251) ~[hibernate-core-6.6.33.Final.jar:6.6.33.Final]
	... 159 common frames omitted
Caused by: org.postgresql.util.PSQLException: ERROR: new row for relation "notifications" violates check constraint "notifications_type_check"
  Detail: Failing row contains (20, 2026-01-17 22:15:40.870431, f, Your report about a post has been resolved by admin, REPORT_REVIEWED, 6, null, null, 22).
	at org.postgresql.core.v3.QueryExecutorImpl.receiveErrorResponse(QueryExecutorImpl.java:2736) ~[postgresql-42.7.8.jar:42.7.8]
	at org.postgresql.core.v3.QueryExecutorImpl.processResults(QueryExecutorImpl.java:2421) ~[postgresql-42.7.8.jar:42.7.8]
	at org.postgresql.core.v3.QueryExecutorImpl.execute(QueryExecutorImpl.java:372) ~[postgresql-42.7.8.jar:42.7.8]
	at org.postgresql.jdbc.PgStatement.executeInternal(PgStatement.java:525) ~[postgresql-42.7.8.jar:42.7.8]
	at org.postgresql.jdbc.PgStatement.execute(PgStatement.java:435) ~[postgresql-42.7.8.jar:42.7.8]
	at org.postgresql.jdbc.PgPreparedStatement.executeWithFlags(PgPreparedStatement.java:196) ~[postgresql-42.7.8.jar:42.7.8]
	at org.postgresql.jdbc.PgPreparedStatement.executeUpdate(PgPreparedStatement.java:157) ~[postgresql-42.7.8.jar:42.7.8]
	at com.zaxxer.hikari.pool.ProxyPreparedStatement.executeUpdate(ProxyPreparedStatement.java:61) ~[HikariCP-6.3.3.jar:na]
	at com.zaxxer.hikari.pool.HikariProxyPreparedStatement.executeUpdate(HikariProxyPreparedStatement.java) ~[HikariCP-6.3.3.jar:na]
	at org.hibernate.engine.jdbc.internal.ResultSetReturnImpl.executeUpdate(ResultSetReturnImpl.java:194) ~[hibernate-core-6.6.33.Final.jar:6.6.33.Final]
	at org.hibernate.id.insert.GetGeneratedKeysDelegate.performMutation(GetGeneratedKeysDelegate.java:116) ~[hibernate-core-6.6.33.Final.jar:6.6.33.Final]
	at org.hibernate.engine.jdbc.mutation.internal.MutationExecutorSingleNonBatched.performNonBatchedOperations(MutationExecutorSingleNonBatched.java:47) ~[hibernate-core-6.6.33.Final.jar:6.6.33.Final]
	at org.hibernate.engine.jdbc.mutation.internal.AbstractMutationExecutor.execute(AbstractMutationExecutor.java:55) ~[hibernate-core-6.6.33.Final.jar:6.6.33.Final]
	at org.hibernate.persister.entity.mutation.InsertCoordinatorStandard.doStaticInserts(InsertCoordinatorStandard.java:194) ~[hibernate-core-6.6.33.Final.jar:6.6.33.Final]
	at org.hibernate.persister.entity.mutation.InsertCoordinatorStandard.coordinateInsert(InsertCoordinatorStandard.java:132) ~[hibernate-core-6.6.33.Final.jar:6.6.33.Final]
	at org.hibernate.persister.entity.mutation.InsertCoordinatorStandard.insert(InsertCoordinatorStandard.java:95) ~[hibernate-core-6.6.33.Final.jar:6.6.33.Final]
	at org.hibernate.action.internal.EntityIdentityInsertAction.execute(EntityIdentityInsertAction.java:85) ~[hibernate-core-6.6.33.Final.jar:6.6.33.Final]
	at org.hibernate.engine.spi.ActionQueue.execute(ActionQueue.java:682) ~[hibernate-core-6.6.33.Final.jar:6.6.33.Final]
	at org.hibernate.engine.spi.ActionQueue.addResolvedEntityInsertAction(ActionQueue.java:293) ~[hibernate-core-6.6.33.Final.jar:6.6.33.Final]
	at org.hibernate.engine.spi.ActionQueue.addInsertAction(ActionQueue.java:274) ~[hibernate-core-6.6.33.Final.jar:6.6.33.Final]
	at org.hibernate.engine.spi.ActionQueue.addAction(ActionQueue.java:324) ~[hibernate-core-6.6.33.Final.jar:6.6.33.Final]
	at org.hibernate.event.internal.AbstractSaveEventListener.addInsertAction(AbstractSaveEventListener.java:394) ~[hibernate-core-6.6.33.Final.jar:6.6.33.Final]
	at org.hibernate.event.internal.AbstractSaveEventListener.performSaveOrReplicate(AbstractSaveEventListener.java:308) ~[hibernate-core-6.6.33.Final.jar:6.6.33.Final]
	at org.hibernate.event.internal.AbstractSaveEventListener.performSave(AbstractSaveEventListener.java:224) ~[hibernate-core-6.6.33.Final.jar:6.6.33.Final]
	at org.hibernate.event.internal.AbstractSaveEventListener.saveWithGeneratedId(AbstractSaveEventListener.java:136) ~[hibernate-core-6.6.33.Final.jar:6.6.33.Final]
	at org.hibernate.event.internal.DefaultPersistEventListener.entityIsTransient(DefaultPersistEventListener.java:177) ~[hibernate-core-6.6.33.Final.jar:6.6.33.Final]
	at org.hibernate.event.internal.DefaultPersistEventListener.persist(DefaultPersistEventListener.java:95) ~[hibernate-core-6.6.33.Final.jar:6.6.33.Final]
	at org.hibernate.event.internal.DefaultPersistEventListener.onPersist(DefaultPersistEventListener.java:79) ~[hibernate-core-6.6.33.Final.jar:6.6.33.Final]
	at org.hibernate.event.internal.DefaultPersistEventListener.onPersist(DefaultPersistEventListener.java:55) ~[hibernate-core-6.6.33.Final.jar:6.6.33.Final]
	at org.hibernate.event.service.internal.EventListenerGroupImpl.fireEventOnEachListener(EventListenerGroupImpl.java:127) ~[hibernate-core-6.6.33.Final.jar:6.6.33.Final]
	at org.hibernate.internal.SessionImpl.firePersist(SessionImpl.java:761) ~[hibernate-core-6.6.33.Final.jar:6.6.33.Final]
	at org.hibernate.internal.SessionImpl.persist(SessionImpl.java:745) ~[hibernate-core-6.6.33.Final.jar:6.6.33.Final]
	at java.base/jdk.internal.reflect.DirectMethodHandleAccessor.invoke(DirectMethodHandleAccessor.java:104) ~[na:na]
	at java.base/java.lang.reflect.Method.invoke(Method.java:565) ~[na:na]
	at org.springframework.orm.jpa.ExtendedEntityManagerCreator$ExtendedEntityManagerInvocationHandler.invoke(ExtendedEntityManagerCreator.java:364) ~[spring-orm-6.2.12.jar:6.2.12]
	at jdk.proxy12/jdk.proxy12.$Proxy206.persist(Unknown Source) ~[na:na]
	at java.base/jdk.internal.reflect.DirectMethodHandleAccessor.invoke(DirectMethodHandleAccessor.java:104) ~[na:na]
	at java.base/java.lang.reflect.Method.invoke(Method.java:565) ~[na:na]
	at org.springframework.orm.jpa.SharedEntityManagerCreator$SharedEntityManagerInvocationHandler.invoke(SharedEntityManagerCreator.java:320) ~[spring-orm-6.2.12.jar:6.2.12]
	at jdk.proxy12/jdk.proxy12.$Proxy206.persist(Unknown Source) ~[na:na]
	at org.springframework.data.jpa.repository.support.SimpleJpaRepository.save(SimpleJpaRepository.java:654) ~[spring-data-jpa-3.5.5.jar:3.5.5]
	at java.base/jdk.internal.reflect.DirectMethodHandleAccessor.invoke(DirectMethodHandleAccessor.java:104) ~[na:na]
	at java.base/java.lang.reflect.Method.invoke(Method.java:565) ~[na:na]
	at org.springframework.aop.support.AopUtils.invokeJoinpointUsingReflection(AopUtils.java:360) ~[spring-aop-6.2.12.jar:6.2.12]
	at org.springframework.data.repository.core.support.RepositoryMethodInvoker$RepositoryFragmentMethodInvoker.lambda$new$0(RepositoryMethodInvoker.java:277) ~[spring-data-commons-3.5.5.jar:3.5.5]
	at org.springframework.data.repository.core.support.RepositoryMethodInvoker.doInvoke(RepositoryMethodInvoker.java:170) ~[spring-data-commons-3.5.5.jar:3.5.5]
	at org.springframework.data.repository.core.support.RepositoryMethodInvoker.invoke(RepositoryMethodInvoker.java:158) ~[spring-data-commons-3.5.5.jar:3.5.5]
	at org.springframework.data.repository.core.support.RepositoryComposition$RepositoryFragments.invoke(RepositoryComposition.java:515) ~[spring-data-commons-3.5.5.jar:3.5.5]
	at org.springframework.data.repository.core.support.RepositoryComposition.invoke(RepositoryComposition.java:284) ~[spring-data-commons-3.5.5.jar:3.5.5]
	at org.springframework.data.repository.core.support.RepositoryFactorySupport$ImplementationMethodExecutionInterceptor.invoke(RepositoryFactorySupport.java:734) ~[spring-data-commons-3.5.5.jar:3.5.5]
	at org.springframework.aop.framework.ReflectiveMethodInvocation.proceed(ReflectiveMethodInvocation.java:184) ~[spring-aop-6.2.12.jar:6.2.12]
	at org.springframework.data.repository.core.support.QueryExecutorMethodInterceptor.doInvoke(QueryExecutorMethodInterceptor.java:174) ~[spring-data-commons-3.5.5.jar:3.5.5]
	at org.springframework.data.repository.core.support.QueryExecutorMethodInterceptor.invoke(QueryExecutorMethodInterceptor.java:149) ~[spring-data-commons-3.5.5.jar:3.5.5]
	at org.springframework.aop.framework.ReflectiveMethodInvocation.proceed(ReflectiveMethodInvocation.java:184) ~[spring-aop-6.2.12.jar:6.2.12]
	at org.springframework.data.projection.DefaultMethodInvokingMethodInterceptor.invoke(DefaultMethodInvokingMethodInterceptor.java:69) ~[spring-data-commons-3.5.5.jar:3.5.5]
	at org.springframework.aop.framework.ReflectiveMethodInvocation.proceed(ReflectiveMethodInvocation.java:184) ~[spring-aop-6.2.12.jar:6.2.12]
	at org.springframework.transaction.interceptor.TransactionAspectSupport.invokeWithinTransaction(TransactionAspectSupport.java:380) ~[spring-tx-6.2.12.jar:6.2.12]
	at org.springframework.transaction.interceptor.TransactionInterceptor.invoke(TransactionInterceptor.java:119) ~[spring-tx-6.2.12.jar:6.2.12]
	at org.springframework.aop.framework.ReflectiveMethodInvocation.proceed(ReflectiveMethodInvocation.java:184) ~[spring-aop-6.2.12.jar:6.2.12]
	at org.springframework.dao.support.PersistenceExceptionTranslationInterceptor.invoke(PersistenceExceptionTranslationInterceptor.java:138) ~[spring-tx-6.2.12.jar:6.2.12]
	at org.springframework.aop.framework.ReflectiveMethodInvocation.proceed(ReflectiveMethodInvocation.java:184) ~[spring-aop-6.2.12.jar:6.2.12]
	at org.springframework.data.jpa.repository.support.CrudMethodMetadataPostProcessor$CrudMethodMetadataPopulatingMethodInterceptor.invoke(CrudMethodMetadataPostProcessor.java:165) ~[spring-data-jpa-3.5.5.jar:3.5.5]
	at org.springframework.aop.framework.ReflectiveMethodInvocation.proceed(ReflectiveMethodInvocation.java:184) ~[spring-aop-6.2.12.jar:6.2.12]
	at org.springframework.aop.framework.JdkDynamicAopProxy.invoke(JdkDynamicAopProxy.java:223) ~[spring-aop-6.2.12.jar:6.2.12]
	at jdk.proxy12/jdk.proxy12.$Proxy212.save(Unknown Source) ~[na:na]
	at com._Blog.mojebbari.services.NotificationService.createReportReviewedNotification(NotificationService.java:116) ~[classes/:na]
	at java.base/jdk.internal.reflect.DirectMethodHandleAccessor.invoke(DirectMethodHandleAccessor.java:104) ~[na:na]
	at java.base/java.lang.reflect.Method.invoke(Method.java:565) ~[na:na]
	at org.springframework.aop.support.AopUtils.invokeJoinpointUsingReflection(AopUtils.java:360) ~[spring-aop-6.2.12.jar:6.2.12]
	at org.springframework.aop.framework.ReflectiveMethodInvocation.invokeJoinpoint(ReflectiveMethodInvocation.java:196) ~[spring-aop-6.2.12.jar:6.2.12]
	at org.springframework.aop.framework.ReflectiveMethodInvocation.proceed(ReflectiveMethodInvocation.java:163) ~[spring-aop-6.2.12.jar:6.2.12]
	at org.springframework.transaction.interceptor.TransactionAspectSupport.invokeWithinTransaction(TransactionAspectSupport.java:380) ~[spring-tx-6.2.12.jar:6.2.12]
	at org.springframework.transaction.interceptor.TransactionInterceptor.invoke(TransactionInterceptor.java:119) ~[spring-tx-6.2.12.jar:6.2.12]
	at org.springframework.aop.framework.ReflectiveMethodInvocation.proceed(ReflectiveMethodInvocation.java:184) ~[spring-aop-6.2.12.jar:6.2.12]
	at org.springframework.aop.framework.CglibAopProxy$DynamicAdvisedInterceptor.intercept(CglibAopProxy.java:728) ~[spring-aop-6.2.12.jar:6.2.12]
	at com._Blog.mojebbari.services.NotificationService$$SpringCGLIB$$0.createReportReviewedNotification(<generated>) ~[classes/:na]
	at com._Blog.mojebbari.services.ReportService.createReportReviewedNotification(ReportService.java:210) ~[classes/:na]
	at com._Blog.mojebbari.services.ReportService.updateReportStatus(ReportService.java:195) ~[classes/:na]
	... 130 common frames omitted

2026-01-17T22:15:40.882+01:00 ERROR 52678 --- [mojebbari] [nio-8080-exec-2] c._.m.controllers.ReportController       : Error updating report status: JDBC exception executing SQL [select p1_0.id,p1_0.category,p1_0.content,p1_0.created_at,p1_0.media_url,p1_0.title,p1_0.user_id from posts p1_0 where p1_0.id=?] [ERROR: current transaction is aborted, commands ignored until end of transaction block] [n/a]

org.hibernate.exception.GenericJDBCException: JDBC exception executing SQL [select p1_0.id,p1_0.category,p1_0.content,p1_0.created_at,p1_0.media_url,p1_0.title,p1_0.user_id from posts p1_0 where p1_0.id=?] [ERROR: current transaction is aborted, commands ignored until end of transaction block] [n/a]
	at org.hibernate.exception.internal.StandardSQLExceptionConverter.convert(StandardSQLExceptionConverter.java:63) ~[hibernate-core-6.6.33.Final.jar:6.6.33.Final]
	at org.hibernate.engine.jdbc.spi.SqlExceptionHelper.convert(SqlExceptionHelper.java:108) ~[hibernate-core-6.6.33.Final.jar:6.6.33.Final]
	at org.hibernate.engine.jdbc.spi.SqlExceptionHelper.convert(SqlExceptionHelper.java:94) ~[hibernate-core-6.6.33.Final.jar:6.6.33.Final]
	at org.hibernate.sql.results.jdbc.internal.DeferredResultSetAccess.executeQuery(DeferredResultSetAccess.java:269) ~[hibernate-core-6.6.33.Final.jar:6.6.33.Final]
	at org.hibernate.sql.results.jdbc.internal.DeferredResultSetAccess.getResultSet(DeferredResultSetAccess.java:172) ~[hibernate-core-6.6.33.Final.jar:6.6.33.Final]
	at org.hibernate.sql.results.jdbc.internal.JdbcValuesResultSetImpl.<init>(JdbcValuesResultSetImpl.java:74) ~[hibernate-core-6.6.33.Final.jar:6.6.33.Final]
	at org.hibernate.sql.exec.internal.JdbcSelectExecutorStandardImpl.resolveJdbcValuesSource(JdbcSelectExecutorStandardImpl.java:355) ~[hibernate-core-6.6.33.Final.jar:6.6.33.Final]
	at org.hibernate.sql.exec.internal.JdbcSelectExecutorStandardImpl.doExecuteQuery(JdbcSelectExecutorStandardImpl.java:137) ~[hibernate-core-6.6.33.Final.jar:6.6.33.Final]
	at org.hibernate.sql.exec.internal.JdbcSelectExecutorStandardImpl.executeQuery(JdbcSelectExecutorStandardImpl.java:102) ~[hibernate-core-6.6.33.Final.jar:6.6.33.Final]
	at org.hibernate.sql.exec.spi.JdbcSelectExecutor.executeQuery(JdbcSelectExecutor.java:91) ~[hibernate-core-6.6.33.Final.jar:6.6.33.Final]
	at org.hibernate.sql.exec.spi.JdbcSelectExecutor.list(JdbcSelectExecutor.java:165) ~[hibernate-core-6.6.33.Final.jar:6.6.33.Final]
	at org.hibernate.loader.ast.internal.SingleIdLoadPlan.load(SingleIdLoadPlan.java:145) ~[hibernate-core-6.6.33.Final.jar:6.6.33.Final]
	at org.hibernate.loader.ast.internal.SingleIdLoadPlan.load(SingleIdLoadPlan.java:117) ~[hibernate-core-6.6.33.Final.jar:6.6.33.Final]
	at org.hibernate.loader.ast.internal.SingleIdEntityLoaderStandardImpl.load(SingleIdEntityLoaderStandardImpl.java:74) ~[hibernate-core-6.6.33.Final.jar:6.6.33.Final]
	at org.hibernate.persister.entity.AbstractEntityPersister.doLoad(AbstractEntityPersister.java:3908) ~[hibernate-core-6.6.33.Final.jar:6.6.33.Final]
	at org.hibernate.persister.entity.AbstractEntityPersister.load(AbstractEntityPersister.java:3897) ~[hibernate-core-6.6.33.Final.jar:6.6.33.Final]
	at org.hibernate.event.internal.DefaultLoadEventListener.loadFromDatasource(DefaultLoadEventListener.java:604) ~[hibernate-core-6.6.33.Final.jar:6.6.33.Final]
	at org.hibernate.event.internal.DefaultLoadEventListener.loadFromCacheOrDatasource(DefaultLoadEventListener.java:590) ~[hibernate-core-6.6.33.Final.jar:6.6.33.Final]
	at org.hibernate.event.internal.DefaultLoadEventListener.load(DefaultLoadEventListener.java:560) ~[hibernate-core-6.6.33.Final.jar:6.6.33.Final]
	at org.hibernate.event.internal.DefaultLoadEventListener.doLoad(DefaultLoadEventListener.java:544) ~[hibernate-core-6.6.33.Final.jar:6.6.33.Final]
	at org.hibernate.event.internal.DefaultLoadEventListener.load(DefaultLoadEventListener.java:206) ~[hibernate-core-6.6.33.Final.jar:6.6.33.Final]
	at org.hibernate.event.internal.DefaultLoadEventListener.doOnLoad(DefaultLoadEventListener.java:105) ~[hibernate-core-6.6.33.Final.jar:6.6.33.Final]
	at org.hibernate.event.internal.DefaultLoadEventListener.onLoad(DefaultLoadEventListener.java:69) ~[hibernate-core-6.6.33.Final.jar:6.6.33.Final]
	at org.hibernate.event.service.internal.EventListenerGroupImpl.fireEventOnEachListener(EventListenerGroupImpl.java:138) ~[hibernate-core-6.6.33.Final.jar:6.6.33.Final]
	at org.hibernate.internal.SessionImpl.fireLoadNoChecks(SessionImpl.java:1229) ~[hibernate-core-6.6.33.Final.jar:6.6.33.Final]
	at org.hibernate.internal.SessionImpl.immediateLoad(SessionImpl.java:1048) ~[hibernate-core-6.6.33.Final.jar:6.6.33.Final]
	at org.hibernate.proxy.AbstractLazyInitializer.initialize(AbstractLazyInitializer.java:186) ~[hibernate-core-6.6.33.Final.jar:6.6.33.Final]
	at org.hibernate.proxy.AbstractLazyInitializer.getImplementation(AbstractLazyInitializer.java:328) ~[hibernate-core-6.6.33.Final.jar:6.6.33.Final]
	at org.hibernate.proxy.pojo.bytebuddy.ByteBuddyInterceptor.intercept(ByteBuddyInterceptor.java:44) ~[hibernate-core-6.6.33.Final.jar:6.6.33.Final]
	at org.hibernate.proxy.ProxyConfiguration$InterceptorDispatcher.intercept(ProxyConfiguration.java:102) ~[hibernate-core-6.6.33.Final.jar:6.6.33.Final]
	at com._Blog.mojebbari.models.Post$HibernateProxy.getContent(Unknown Source) ~[classes/:na]
	at com._Blog.mojebbari.services.ReportService.mapToResponse(ReportService.java:274) ~[classes/:na]
	at com._Blog.mojebbari.services.ReportService.updateReportStatus(ReportService.java:197) ~[classes/:na]
	at java.base/jdk.internal.reflect.DirectMethodHandleAccessor.invoke(DirectMethodHandleAccessor.java:104) ~[na:na]
	at java.base/java.lang.reflect.Method.invoke(Method.java:565) ~[na:na]
	at org.springframework.aop.support.AopUtils.invokeJoinpointUsingReflection(AopUtils.java:360) ~[spring-aop-6.2.12.jar:6.2.12]
	at org.springframework.aop.framework.ReflectiveMethodInvocation.invokeJoinpoint(ReflectiveMethodInvocation.java:196) ~[spring-aop-6.2.12.jar:6.2.12]
	at org.springframework.aop.framework.ReflectiveMethodInvocation.proceed(ReflectiveMethodInvocation.java:163) ~[spring-aop-6.2.12.jar:6.2.12]
	at org.springframework.transaction.interceptor.TransactionAspectSupport.invokeWithinTransaction(TransactionAspectSupport.java:380) ~[spring-tx-6.2.12.jar:6.2.12]
	at org.springframework.transaction.interceptor.TransactionInterceptor.invoke(TransactionInterceptor.java:119) ~[spring-tx-6.2.12.jar:6.2.12]
	at org.springframework.aop.framework.ReflectiveMethodInvocation.proceed(ReflectiveMethodInvocation.java:184) ~[spring-aop-6.2.12.jar:6.2.12]
	at org.springframework.aop.framework.CglibAopProxy$DynamicAdvisedInterceptor.intercept(CglibAopProxy.java:728) ~[spring-aop-6.2.12.jar:6.2.12]
	at com._Blog.mojebbari.services.ReportService$$SpringCGLIB$$0.updateReportStatus(<generated>) ~[classes/:na]
	at com._Blog.mojebbari.controllers.ReportController.updateReportStatus(ReportController.java:148) ~[classes/:na]
	at java.base/jdk.internal.reflect.DirectMethodHandleAccessor.invoke(DirectMethodHandleAccessor.java:104) ~[na:na]
	at java.base/java.lang.reflect.Method.invoke(Method.java:565) ~[na:na]
	at org.springframework.aop.support.AopUtils.invokeJoinpointUsingReflection(AopUtils.java:360) ~[spring-aop-6.2.12.jar:6.2.12]
	at org.springframework.aop.framework.ReflectiveMethodInvocation.invokeJoinpoint(ReflectiveMethodInvocation.java:196) ~[spring-aop-6.2.12.jar:6.2.12]
	at org.springframework.aop.framework.ReflectiveMethodInvocation.proceed(ReflectiveMethodInvocation.java:163) ~[spring-aop-6.2.12.jar:6.2.12]
	at org.springframework.security.authorization.method.AuthorizationManagerBeforeMethodInterceptor.proceed(AuthorizationManagerBeforeMethodInterceptor.java:268) ~[spring-security-core-6.5.6.jar:6.5.6]
	at org.springframework.security.authorization.method.AuthorizationManagerBeforeMethodInterceptor.attemptAuthorization(AuthorizationManagerBeforeMethodInterceptor.java:263) ~[spring-security-core-6.5.6.jar:6.5.6]
	at org.springframework.security.authorization.method.AuthorizationManagerBeforeMethodInterceptor.invoke(AuthorizationManagerBeforeMethodInterceptor.java:196) ~[spring-security-core-6.5.6.jar:6.5.6]
	at org.springframework.security.config.annotation.method.configuration.DeferringMethodInterceptor.invoke(DeferringMethodInterceptor.java:44) ~[spring-security-config-6.5.6.jar:6.5.6]
	at org.springframework.aop.framework.ReflectiveMethodInvocation.proceed(ReflectiveMethodInvocation.java:184) ~[spring-aop-6.2.12.jar:6.2.12]
	at org.springframework.aop.framework.CglibAopProxy$DynamicAdvisedInterceptor.intercept(CglibAopProxy.java:728) ~[spring-aop-6.2.12.jar:6.2.12]
	at com._Blog.mojebbari.controllers.ReportController$$SpringCGLIB$$0.updateReportStatus(<generated>) ~[classes/:na]
	at java.base/jdk.internal.reflect.DirectMethodHandleAccessor.invoke(DirectMethodHandleAccessor.java:104) ~[na:na]
	at java.base/java.lang.reflect.Method.invoke(Method.java:565) ~[na:na]
	at org.springframework.web.method.support.InvocableHandlerMethod.doInvoke(InvocableHandlerMethod.java:258) ~[spring-web-6.2.12.jar:6.2.12]
	at org.springframework.web.method.support.InvocableHandlerMethod.invokeForRequest(InvocableHandlerMethod.java:191) ~[spring-web-6.2.12.jar:6.2.12]
	at org.springframework.web.servlet.mvc.method.annotation.ServletInvocableHandlerMethod.invokeAndHandle(ServletInvocableHandlerMethod.java:118) ~[spring-webmvc-6.2.12.jar:6.2.12]
	at org.springframework.web.servlet.mvc.method.annotation.RequestMappingHandlerAdapter.invokeHandlerMethod(RequestMappingHandlerAdapter.java:991) ~[spring-webmvc-6.2.12.jar:6.2.12]
	at org.springframework.web.servlet.mvc.method.annotation.RequestMappingHandlerAdapter.handleInternal(RequestMappingHandlerAdapter.java:896) ~[spring-webmvc-6.2.12.jar:6.2.12]
	at org.springframework.web.servlet.mvc.method.AbstractHandlerMethodAdapter.handle(AbstractHandlerMethodAdapter.java:87) ~[spring-webmvc-6.2.12.jar:6.2.12]
	at org.springframework.web.servlet.DispatcherServlet.doDispatch(DispatcherServlet.java:1089) ~[spring-webmvc-6.2.12.jar:6.2.12]
	at org.springframework.web.servlet.DispatcherServlet.doService(DispatcherServlet.java:979) ~[spring-webmvc-6.2.12.jar:6.2.12]
	at org.springframework.web.servlet.FrameworkServlet.processRequest(FrameworkServlet.java:1014) ~[spring-webmvc-6.2.12.jar:6.2.12]
	at org.springframework.web.servlet.FrameworkServlet.doPut(FrameworkServlet.java:925) ~[spring-webmvc-6.2.12.jar:6.2.12]
	at jakarta.servlet.http.HttpServlet.service(HttpServlet.java:593) ~[tomcat-embed-core-10.1.48.jar:6.0]
	at org.springframework.web.servlet.FrameworkServlet.service(FrameworkServlet.java:885) ~[spring-webmvc-6.2.12.jar:6.2.12]
	at jakarta.servlet.http.HttpServlet.service(HttpServlet.java:658) ~[tomcat-embed-core-10.1.48.jar:6.0]
	at org.apache.catalina.core.ApplicationFilterChain.internalDoFilter(ApplicationFilterChain.java:193) ~[tomcat-embed-core-10.1.48.jar:10.1.48]
	at org.apache.catalina.core.ApplicationFilterChain.doFilter(ApplicationFilterChain.java:138) ~[tomcat-embed-core-10.1.48.jar:10.1.48]
	at org.apache.tomcat.websocket.server.WsFilter.doFilter(WsFilter.java:51) ~[tomcat-embed-websocket-10.1.48.jar:10.1.48]
	at org.apache.catalina.core.ApplicationFilterChain.internalDoFilter(ApplicationFilterChain.java:162) ~[tomcat-embed-core-10.1.48.jar:10.1.48]
	at org.apache.catalina.core.ApplicationFilterChain.doFilter(ApplicationFilterChain.java:138) ~[tomcat-embed-core-10.1.48.jar:10.1.48]
	at org.springframework.web.filter.OncePerRequestFilter.doFilter(OncePerRequestFilter.java:110) ~[spring-web-6.2.12.jar:6.2.12]
	at org.apache.catalina.core.ApplicationFilterChain.internalDoFilter(ApplicationFilterChain.java:162) ~[tomcat-embed-core-10.1.48.jar:10.1.48]
	at org.apache.catalina.core.ApplicationFilterChain.doFilter(ApplicationFilterChain.java:138) ~[tomcat-embed-core-10.1.48.jar:10.1.48]
	at org.springframework.web.filter.CompositeFilter$VirtualFilterChain.doFilter(CompositeFilter.java:108) ~[spring-web-6.2.12.jar:6.2.12]
	at org.springframework.web.filter.CompositeFilter$VirtualFilterChain.doFilter(CompositeFilter.java:108) ~[spring-web-6.2.12.jar:6.2.12]
	at org.springframework.security.web.FilterChainProxy.lambda$doFilterInternal$3(FilterChainProxy.java:231) ~[spring-security-web-6.5.6.jar:6.5.6]
	at org.springframework.security.web.FilterChainProxy$VirtualFilterChain.doFilter(FilterChainProxy.java:365) ~[spring-security-web-6.5.6.jar:6.5.6]
	at org.springframework.security.web.access.intercept.AuthorizationFilter.doFilter(AuthorizationFilter.java:101) ~[spring-security-web-6.5.6.jar:6.5.6]
	at org.springframework.security.web.FilterChainProxy$VirtualFilterChain.doFilter(FilterChainProxy.java:374) ~[spring-security-web-6.5.6.jar:6.5.6]
	at org.springframework.security.web.access.ExceptionTranslationFilter.doFilter(ExceptionTranslationFilter.java:125) ~[spring-security-web-6.5.6.jar:6.5.6]
	at org.springframework.security.web.access.ExceptionTranslationFilter.doFilter(ExceptionTranslationFilter.java:119) ~[spring-security-web-6.5.6.jar:6.5.6]
	at org.springframework.security.web.FilterChainProxy$VirtualFilterChain.doFilter(FilterChainProxy.java:374) ~[spring-security-web-6.5.6.jar:6.5.6]
	at org.springframework.security.web.session.SessionManagementFilter.doFilter(SessionManagementFilter.java:131) ~[spring-security-web-6.5.6.jar:6.5.6]
	at org.springframework.security.web.session.SessionManagementFilter.doFilter(SessionManagementFilter.java:85) ~[spring-security-web-6.5.6.jar:6.5.6]
	at org.springframework.security.web.FilterChainProxy$VirtualFilterChain.doFilter(FilterChainProxy.java:374) ~[spring-security-web-6.5.6.jar:6.5.6]
	at org.springframework.security.web.authentication.AnonymousAuthenticationFilter.doFilter(AnonymousAuthenticationFilter.java:100) ~[spring-security-web-6.5.6.jar:6.5.6]
	at org.springframework.security.web.FilterChainProxy$VirtualFilterChain.doFilter(FilterChainProxy.java:374) ~[spring-security-web-6.5.6.jar:6.5.6]
	at org.springframework.security.web.servletapi.SecurityContextHolderAwareRequestFilter.doFilter(SecurityContextHolderAwareRequestFilter.java:179) ~[spring-security-web-6.5.6.jar:6.5.6]
	at org.springframework.security.web.FilterChainProxy$VirtualFilterChain.doFilter(FilterChainProxy.java:374) ~[spring-security-web-6.5.6.jar:6.5.6]
	at org.springframework.security.web.savedrequest.RequestCacheAwareFilter.doFilter(RequestCacheAwareFilter.java:63) ~[spring-security-web-6.5.6.jar:6.5.6]
	at org.springframework.security.web.FilterChainProxy$VirtualFilterChain.doFilter(FilterChainProxy.java:374) ~[spring-security-web-6.5.6.jar:6.5.6]
	at com._Blog.mojebbari.config.JwtAuthenticationFilter.doFilterInternal(JwtAuthenticationFilter.java:79) ~[classes/:na]
	at org.springframework.web.filter.OncePerRequestFilter.doFilter(OncePerRequestFilter.java:116) ~[spring-web-6.2.12.jar:6.2.12]
	at org.springframework.security.web.FilterChainProxy$VirtualFilterChain.doFilter(FilterChainProxy.java:374) ~[spring-security-web-6.5.6.jar:6.5.6]
	at org.springframework.security.web.authentication.logout.LogoutFilter.doFilter(LogoutFilter.java:107) ~[spring-security-web-6.5.6.jar:6.5.6]
	at org.springframework.security.web.authentication.logout.LogoutFilter.doFilter(LogoutFilter.java:93) ~[spring-security-web-6.5.6.jar:6.5.6]
	at org.springframework.security.web.FilterChainProxy$VirtualFilterChain.doFilter(FilterChainProxy.java:374) ~[spring-security-web-6.5.6.jar:6.5.6]
	at org.springframework.web.filter.CorsFilter.doFilterInternal(CorsFilter.java:91) ~[spring-web-6.2.12.jar:6.2.12]
	at org.springframework.web.filter.OncePerRequestFilter.doFilter(OncePerRequestFilter.java:116) ~[spring-web-6.2.12.jar:6.2.12]
	at org.springframework.security.web.FilterChainProxy$VirtualFilterChain.doFilter(FilterChainProxy.java:374) ~[spring-security-web-6.5.6.jar:6.5.6]
	at org.springframework.security.web.header.HeaderWriterFilter.doHeadersAfter(HeaderWriterFilter.java:90) ~[spring-security-web-6.5.6.jar:6.5.6]
	at org.springframework.security.web.header.HeaderWriterFilter.doFilterInternal(HeaderWriterFilter.java:75) ~[spring-security-web-6.5.6.jar:6.5.6]
	at org.springframework.web.filter.OncePerRequestFilter.doFilter(OncePerRequestFilter.java:116) ~[spring-web-6.2.12.jar:6.2.12]
	at org.springframework.security.web.FilterChainProxy$VirtualFilterChain.doFilter(FilterChainProxy.java:374) ~[spring-security-web-6.5.6.jar:6.5.6]
	at org.springframework.security.web.context.SecurityContextHolderFilter.doFilter(SecurityContextHolderFilter.java:82) ~[spring-security-web-6.5.6.jar:6.5.6]
	at org.springframework.security.web.context.SecurityContextHolderFilter.doFilter(SecurityContextHolderFilter.java:69) ~[spring-security-web-6.5.6.jar:6.5.6]
	at org.springframework.security.web.FilterChainProxy$VirtualFilterChain.doFilter(FilterChainProxy.java:374) ~[spring-security-web-6.5.6.jar:6.5.6]
	at org.springframework.security.web.context.request.async.WebAsyncManagerIntegrationFilter.doFilterInternal(WebAsyncManagerIntegrationFilter.java:62) ~[spring-security-web-6.5.6.jar:6.5.6]
	at org.springframework.web.filter.OncePerRequestFilter.doFilter(OncePerRequestFilter.java:116) ~[spring-web-6.2.12.jar:6.2.12]
	at org.springframework.security.web.FilterChainProxy$VirtualFilterChain.doFilter(FilterChainProxy.java:374) ~[spring-security-web-6.5.6.jar:6.5.6]
	at org.springframework.security.web.session.DisableEncodeUrlFilter.doFilterInternal(DisableEncodeUrlFilter.java:42) ~[spring-security-web-6.5.6.jar:6.5.6]
	at org.springframework.web.filter.OncePerRequestFilter.doFilter(OncePerRequestFilter.java:116) ~[spring-web-6.2.12.jar:6.2.12]
	at org.springframework.security.web.FilterChainProxy$VirtualFilterChain.doFilter(FilterChainProxy.java:374) ~[spring-security-web-6.5.6.jar:6.5.6]
	at org.springframework.security.web.FilterChainProxy.doFilterInternal(FilterChainProxy.java:233) ~[spring-security-web-6.5.6.jar:6.5.6]
	at org.springframework.security.web.FilterChainProxy.doFilter(FilterChainProxy.java:191) ~[spring-security-web-6.5.6.jar:6.5.6]
	at org.springframework.web.filter.CompositeFilter$VirtualFilterChain.doFilter(CompositeFilter.java:113) ~[spring-web-6.2.12.jar:6.2.12]
	at org.springframework.web.filter.ServletRequestPathFilter.doFilter(ServletRequestPathFilter.java:52) ~[spring-web-6.2.12.jar:6.2.12]
	at org.springframework.web.filter.CompositeFilter$VirtualFilterChain.doFilter(CompositeFilter.java:113) ~[spring-web-6.2.12.jar:6.2.12]
	at org.springframework.web.filter.CompositeFilter.doFilter(CompositeFilter.java:74) ~[spring-web-6.2.12.jar:6.2.12]
	at org.springframework.security.config.annotation.web.configuration.WebSecurityConfiguration$CompositeFilterChainProxy.doFilter(WebSecurityConfiguration.java:319) ~[spring-security-config-6.5.6.jar:6.5.6]
	at org.springframework.web.filter.CompositeFilter$VirtualFilterChain.doFilter(CompositeFilter.java:113) ~[spring-web-6.2.12.jar:6.2.12]
	at org.springframework.web.servlet.handler.HandlerMappingIntrospector.lambda$createCacheFilter$4(HandlerMappingIntrospector.java:267) ~[spring-webmvc-6.2.12.jar:6.2.12]
	at org.springframework.web.filter.CompositeFilter$VirtualFilterChain.doFilter(CompositeFilter.java:113) ~[spring-web-6.2.12.jar:6.2.12]
	at org.springframework.web.filter.CompositeFilter.doFilter(CompositeFilter.java:74) ~[spring-web-6.2.12.jar:6.2.12]
	at org.springframework.security.config.annotation.web.configuration.WebMvcSecurityConfiguration$CompositeFilterChainProxy.doFilter(WebMvcSecurityConfiguration.java:240) ~[spring-security-config-6.5.6.jar:6.5.6]
	at org.springframework.web.filter.DelegatingFilterProxy.invokeDelegate(DelegatingFilterProxy.java:362) ~[spring-web-6.2.12.jar:6.2.12]
	at org.springframework.web.filter.DelegatingFilterProxy.doFilter(DelegatingFilterProxy.java:278) ~[spring-web-6.2.12.jar:6.2.12]
	at org.apache.catalina.core.ApplicationFilterChain.internalDoFilter(ApplicationFilterChain.java:162) ~[tomcat-embed-core-10.1.48.jar:10.1.48]
	at org.apache.catalina.core.ApplicationFilterChain.doFilter(ApplicationFilterChain.java:138) ~[tomcat-embed-core-10.1.48.jar:10.1.48]
	at org.springframework.web.filter.RequestContextFilter.doFilterInternal(RequestContextFilter.java:100) ~[spring-web-6.2.12.jar:6.2.12]
	at org.springframework.web.filter.OncePerRequestFilter.doFilter(OncePerRequestFilter.java:116) ~[spring-web-6.2.12.jar:6.2.12]
	at org.apache.catalina.core.ApplicationFilterChain.internalDoFilter(ApplicationFilterChain.java:162) ~[tomcat-embed-core-10.1.48.jar:10.1.48]
	at org.apache.catalina.core.ApplicationFilterChain.doFilter(ApplicationFilterChain.java:138) ~[tomcat-embed-core-10.1.48.jar:10.1.48]
	at org.springframework.web.filter.FormContentFilter.doFilterInternal(FormContentFilter.java:93) ~[spring-web-6.2.12.jar:6.2.12]
	at org.springframework.web.filter.OncePerRequestFilter.doFilter(OncePerRequestFilter.java:116) ~[spring-web-6.2.12.jar:6.2.12]
	at org.apache.catalina.core.ApplicationFilterChain.internalDoFilter(ApplicationFilterChain.java:162) ~[tomcat-embed-core-10.1.48.jar:10.1.48]
	at org.apache.catalina.core.ApplicationFilterChain.doFilter(ApplicationFilterChain.java:138) ~[tomcat-embed-core-10.1.48.jar:10.1.48]
	at org.springframework.web.filter.CharacterEncodingFilter.doFilterInternal(CharacterEncodingFilter.java:201) ~[spring-web-6.2.12.jar:6.2.12]
	at org.springframework.web.filter.OncePerRequestFilter.doFilter(OncePerRequestFilter.java:116) ~[spring-web-6.2.12.jar:6.2.12]
	at org.apache.catalina.core.ApplicationFilterChain.internalDoFilter(ApplicationFilterChain.java:162) ~[tomcat-embed-core-10.1.48.jar:10.1.48]
	at org.apache.catalina.core.ApplicationFilterChain.doFilter(ApplicationFilterChain.java:138) ~[tomcat-embed-core-10.1.48.jar:10.1.48]
	at org.apache.catalina.core.StandardWrapperValve.invoke(StandardWrapperValve.java:165) ~[tomcat-embed-core-10.1.48.jar:10.1.48]
	at org.apache.catalina.core.StandardContextValve.invoke(StandardContextValve.java:88) ~[tomcat-embed-core-10.1.48.jar:10.1.48]
	at org.apache.catalina.authenticator.AuthenticatorBase.invoke(AuthenticatorBase.java:482) ~[tomcat-embed-core-10.1.48.jar:10.1.48]
	at org.apache.catalina.core.StandardHostValve.invoke(StandardHostValve.java:113) ~[tomcat-embed-core-10.1.48.jar:10.1.48]
	at org.apache.catalina.valves.ErrorReportValve.invoke(ErrorReportValve.java:83) ~[tomcat-embed-core-10.1.48.jar:10.1.48]
	at org.apache.catalina.core.StandardEngineValve.invoke(StandardEngineValve.java:72) ~[tomcat-embed-core-10.1.48.jar:10.1.48]
	at org.apache.catalina.connector.CoyoteAdapter.service(CoyoteAdapter.java:342) ~[tomcat-embed-core-10.1.48.jar:10.1.48]
	at org.apache.coyote.http11.Http11Processor.service(Http11Processor.java:399) ~[tomcat-embed-core-10.1.48.jar:10.1.48]
	at org.apache.coyote.AbstractProcessorLight.process(AbstractProcessorLight.java:63) ~[tomcat-embed-core-10.1.48.jar:10.1.48]
	at org.apache.coyote.AbstractProtocol$ConnectionHandler.process(AbstractProtocol.java:903) ~[tomcat-embed-core-10.1.48.jar:10.1.48]
	at org.apache.tomcat.util.net.NioEndpoint$SocketProcessor.doRun(NioEndpoint.java:1774) ~[tomcat-embed-core-10.1.48.jar:10.1.48]
	at org.apache.tomcat.util.net.SocketProcessorBase.run(SocketProcessorBase.java:52) ~[tomcat-embed-core-10.1.48.jar:10.1.48]
	at org.apache.tomcat.util.threads.ThreadPoolExecutor.runWorker(ThreadPoolExecutor.java:973) ~[tomcat-embed-core-10.1.48.jar:10.1.48]
	at org.apache.tomcat.util.threads.ThreadPoolExecutor$Worker.run(ThreadPoolExecutor.java:491) ~[tomcat-embed-core-10.1.48.jar:10.1.48]
	at org.apache.tomcat.util.threads.TaskThread$WrappingRunnable.run(TaskThread.java:63) ~[tomcat-embed-core-10.1.48.jar:10.1.48]
	at java.base/java.lang.Thread.run(Thread.java:1474) ~[na:na]
Caused by: org.postgresql.util.PSQLException: ERROR: current transaction is aborted, commands ignored until end of transaction block
	at org.postgresql.core.v3.QueryExecutorImpl.receiveErrorResponse(QueryExecutorImpl.java:2736) ~[postgresql-42.7.8.jar:42.7.8]
	at org.postgresql.core.v3.QueryExecutorImpl.processResults(QueryExecutorImpl.java:2421) ~[postgresql-42.7.8.jar:42.7.8]
	at org.postgresql.core.v3.QueryExecutorImpl.execute(QueryExecutorImpl.java:372) ~[postgresql-42.7.8.jar:42.7.8]
	at org.postgresql.jdbc.PgStatement.executeInternal(PgStatement.java:525) ~[postgresql-42.7.8.jar:42.7.8]
	at org.postgresql.jdbc.PgStatement.execute(PgStatement.java:435) ~[postgresql-42.7.8.jar:42.7.8]
	at org.postgresql.jdbc.PgPreparedStatement.executeWithFlags(PgPreparedStatement.java:196) ~[postgresql-42.7.8.jar:42.7.8]
	at org.postgresql.jdbc.PgPreparedStatement.executeQuery(PgPreparedStatement.java:139) ~[postgresql-42.7.8.jar:42.7.8]
	at com.zaxxer.hikari.pool.ProxyPreparedStatement.executeQuery(ProxyPreparedStatement.java:52) ~[HikariCP-6.3.3.jar:na]
	at com.zaxxer.hikari.pool.HikariProxyPreparedStatement.executeQuery(HikariProxyPreparedStatement.java) ~[HikariCP-6.3.3.jar:na]
	at org.hibernate.sql.results.jdbc.internal.DeferredResultSetAccess.executeQuery(DeferredResultSetAccess.java:251) ~[hibernate-core-6.6.33.Final.jar:6.6.33.Final]
	... 159 common frames omitted
Caused by: org.postgresql.util.PSQLException: ERROR: new row for relation "notifications" violates check constraint "notifications_type_check"
  Detail: Failing row contains (20, 2026-01-17 22:15:40.870431, f, Your report about a post has been resolved by admin, REPORT_REVIEWED, 6, null, null, 22).
	at org.postgresql.core.v3.QueryExecutorImpl.receiveErrorResponse(QueryExecutorImpl.java:2736) ~[postgresql-42.7.8.jar:42.7.8]
	at org.postgresql.core.v3.QueryExecutorImpl.processResults(QueryExecutorImpl.java:2421) ~[postgresql-42.7.8.jar:42.7.8]
	at org.postgresql.core.v3.QueryExecutorImpl.execute(QueryExecutorImpl.java:372) ~[postgresql-42.7.8.jar:42.7.8]
	at org.postgresql.jdbc.PgStatement.executeInternal(PgStatement.java:525) ~[postgresql-42.7.8.jar:42.7.8]
	at org.postgresql.jdbc.PgStatement.execute(PgStatement.java:435) ~[postgresql-42.7.8.jar:42.7.8]
	at org.postgresql.jdbc.PgPreparedStatement.executeWithFlags(PgPreparedStatement.java:196) ~[postgresql-42.7.8.jar:42.7.8]
	at org.postgresql.jdbc.PgPreparedStatement.executeUpdate(PgPreparedStatement.java:157) ~[postgresql-42.7.8.jar:42.7.8]
	at com.zaxxer.hikari.pool.ProxyPreparedStatement.executeUpdate(ProxyPreparedStatement.java:61) ~[HikariCP-6.3.3.jar:na]
	at com.zaxxer.hikari.pool.HikariProxyPreparedStatement.executeUpdate(HikariProxyPreparedStatement.java) ~[HikariCP-6.3.3.jar:na]
	at org.hibernate.engine.jdbc.internal.ResultSetReturnImpl.executeUpdate(ResultSetReturnImpl.java:194) ~[hibernate-core-6.6.33.Final.jar:6.6.33.Final]
	at org.hibernate.id.insert.GetGeneratedKeysDelegate.performMutation(GetGeneratedKeysDelegate.java:116) ~[hibernate-core-6.6.33.Final.jar:6.6.33.Final]
	at org.hibernate.engine.jdbc.mutation.internal.MutationExecutorSingleNonBatched.performNonBatchedOperations(MutationExecutorSingleNonBatched.java:47) ~[hibernate-core-6.6.33.Final.jar:6.6.33.Final]
	at org.hibernate.engine.jdbc.mutation.internal.AbstractMutationExecutor.execute(AbstractMutationExecutor.java:55) ~[hibernate-core-6.6.33.Final.jar:6.6.33.Final]
	at org.hibernate.persister.entity.mutation.InsertCoordinatorStandard.doStaticInserts(InsertCoordinatorStandard.java:194) ~[hibernate-core-6.6.33.Final.jar:6.6.33.Final]
	at org.hibernate.persister.entity.mutation.InsertCoordinatorStandard.coordinateInsert(InsertCoordinatorStandard.java:132) ~[hibernate-core-6.6.33.Final.jar:6.6.33.Final]
	at org.hibernate.persister.entity.mutation.InsertCoordinatorStandard.insert(InsertCoordinatorStandard.java:95) ~[hibernate-core-6.6.33.Final.jar:6.6.33.Final]
	at org.hibernate.action.internal.EntityIdentityInsertAction.execute(EntityIdentityInsertAction.java:85) ~[hibernate-core-6.6.33.Final.jar:6.6.33.Final]
	at org.hibernate.engine.spi.ActionQueue.execute(ActionQueue.java:682) ~[hibernate-core-6.6.33.Final.jar:6.6.33.Final]
	at org.hibernate.engine.spi.ActionQueue.addResolvedEntityInsertAction(ActionQueue.java:293) ~[hibernate-core-6.6.33.Final.jar:6.6.33.Final]
	at org.hibernate.engine.spi.ActionQueue.addInsertAction(ActionQueue.java:274) ~[hibernate-core-6.6.33.Final.jar:6.6.33.Final]
	at org.hibernate.engine.spi.ActionQueue.addAction(ActionQueue.java:324) ~[hibernate-core-6.6.33.Final.jar:6.6.33.Final]
	at org.hibernate.event.internal.AbstractSaveEventListener.addInsertAction(AbstractSaveEventListener.java:394) ~[hibernate-core-6.6.33.Final.jar:6.6.33.Final]
	at org.hibernate.event.internal.AbstractSaveEventListener.performSaveOrReplicate(AbstractSaveEventListener.java:308) ~[hibernate-core-6.6.33.Final.jar:6.6.33.Final]
	at org.hibernate.event.internal.AbstractSaveEventListener.performSave(AbstractSaveEventListener.java:224) ~[hibernate-core-6.6.33.Final.jar:6.6.33.Final]
	at org.hibernate.event.internal.AbstractSaveEventListener.saveWithGeneratedId(AbstractSaveEventListener.java:136) ~[hibernate-core-6.6.33.Final.jar:6.6.33.Final]
	at org.hibernate.event.internal.DefaultPersistEventListener.entityIsTransient(DefaultPersistEventListener.java:177) ~[hibernate-core-6.6.33.Final.jar:6.6.33.Final]
	at org.hibernate.event.internal.DefaultPersistEventListener.persist(DefaultPersistEventListener.java:95) ~[hibernate-core-6.6.33.Final.jar:6.6.33.Final]
	at org.hibernate.event.internal.DefaultPersistEventListener.onPersist(DefaultPersistEventListener.java:79) ~[hibernate-core-6.6.33.Final.jar:6.6.33.Final]
	at org.hibernate.event.internal.DefaultPersistEventListener.onPersist(DefaultPersistEventListener.java:55) ~[hibernate-core-6.6.33.Final.jar:6.6.33.Final]
	at org.hibernate.event.service.internal.EventListenerGroupImpl.fireEventOnEachListener(EventListenerGroupImpl.java:127) ~[hibernate-core-6.6.33.Final.jar:6.6.33.Final]
	at org.hibernate.internal.SessionImpl.firePersist(SessionImpl.java:761) ~[hibernate-core-6.6.33.Final.jar:6.6.33.Final]
	at org.hibernate.internal.SessionImpl.persist(SessionImpl.java:745) ~[hibernate-core-6.6.33.Final.jar:6.6.33.Final]
	at java.base/jdk.internal.reflect.DirectMethodHandleAccessor.invoke(DirectMethodHandleAccessor.java:104) ~[na:na]
	at java.base/java.lang.reflect.Method.invoke(Method.java:565) ~[na:na]
	at org.springframework.orm.jpa.ExtendedEntityManagerCreator$ExtendedEntityManagerInvocationHandler.invoke(ExtendedEntityManagerCreator.java:364) ~[spring-orm-6.2.12.jar:6.2.12]
	at jdk.proxy12/jdk.proxy12.$Proxy206.persist(Unknown Source) ~[na:na]
	at java.base/jdk.internal.reflect.DirectMethodHandleAccessor.invoke(DirectMethodHandleAccessor.java:104) ~[na:na]
	at java.base/java.lang.reflect.Method.invoke(Method.java:565) ~[na:na]
	at org.springframework.orm.jpa.SharedEntityManagerCreator$SharedEntityManagerInvocationHandler.invoke(SharedEntityManagerCreator.java:320) ~[spring-orm-6.2.12.jar:6.2.12]
	at jdk.proxy12/jdk.proxy12.$Proxy206.persist(Unknown Source) ~[na:na]
	at org.springframework.data.jpa.repository.support.SimpleJpaRepository.save(SimpleJpaRepository.java:654) ~[spring-data-jpa-3.5.5.jar:3.5.5]
	at java.base/jdk.internal.reflect.DirectMethodHandleAccessor.invoke(DirectMethodHandleAccessor.java:104) ~[na:na]
	at java.base/java.lang.reflect.Method.invoke(Method.java:565) ~[na:na]
	at org.springframework.aop.support.AopUtils.invokeJoinpointUsingReflection(AopUtils.java:360) ~[spring-aop-6.2.12.jar:6.2.12]
	at org.springframework.data.repository.core.support.RepositoryMethodInvoker$RepositoryFragmentMethodInvoker.lambda$new$0(RepositoryMethodInvoker.java:277) ~[spring-data-commons-3.5.5.jar:3.5.5]
	at org.springframework.data.repository.core.support.RepositoryMethodInvoker.doInvoke(RepositoryMethodInvoker.java:170) ~[spring-data-commons-3.5.5.jar:3.5.5]
	at org.springframework.data.repository.core.support.RepositoryMethodInvoker.invoke(RepositoryMethodInvoker.java:158) ~[spring-data-commons-3.5.5.jar:3.5.5]
	at org.springframework.data.repository.core.support.RepositoryComposition$RepositoryFragments.invoke(RepositoryComposition.java:515) ~[spring-data-commons-3.5.5.jar:3.5.5]
	at org.springframework.data.repository.core.support.RepositoryComposition.invoke(RepositoryComposition.java:284) ~[spring-data-commons-3.5.5.jar:3.5.5]
	at org.springframework.data.repository.core.support.RepositoryFactorySupport$ImplementationMethodExecutionInterceptor.invoke(RepositoryFactorySupport.java:734) ~[spring-data-commons-3.5.5.jar:3.5.5]
	at org.springframework.aop.framework.ReflectiveMethodInvocation.proceed(ReflectiveMethodInvocation.java:184) ~[spring-aop-6.2.12.jar:6.2.12]
	at org.springframework.data.repository.core.support.QueryExecutorMethodInterceptor.doInvoke(QueryExecutorMethodInterceptor.java:174) ~[spring-data-commons-3.5.5.jar:3.5.5]
	at org.springframework.data.repository.core.support.QueryExecutorMethodInterceptor.invoke(QueryExecutorMethodInterceptor.java:149) ~[spring-data-commons-3.5.5.jar:3.5.5]
	at org.springframework.aop.framework.ReflectiveMethodInvocation.proceed(ReflectiveMethodInvocation.java:184) ~[spring-aop-6.2.12.jar:6.2.12]
	at org.springframework.data.projection.DefaultMethodInvokingMethodInterceptor.invoke(DefaultMethodInvokingMethodInterceptor.java:69) ~[spring-data-commons-3.5.5.jar:3.5.5]
	at org.springframework.aop.framework.ReflectiveMethodInvocation.proceed(ReflectiveMethodInvocation.java:184) ~[spring-aop-6.2.12.jar:6.2.12]
	at org.springframework.transaction.interceptor.TransactionAspectSupport.invokeWithinTransaction(TransactionAspectSupport.java:380) ~[spring-tx-6.2.12.jar:6.2.12]
	at org.springframework.transaction.interceptor.TransactionInterceptor.invoke(TransactionInterceptor.java:119) ~[spring-tx-6.2.12.jar:6.2.12]
	at org.springframework.aop.framework.ReflectiveMethodInvocation.proceed(ReflectiveMethodInvocation.java:184) ~[spring-aop-6.2.12.jar:6.2.12]
	at org.springframework.dao.support.PersistenceExceptionTranslationInterceptor.invoke(PersistenceExceptionTranslationInterceptor.java:138) ~[spring-tx-6.2.12.jar:6.2.12]
	at org.springframework.aop.framework.ReflectiveMethodInvocation.proceed(ReflectiveMethodInvocation.java:184) ~[spring-aop-6.2.12.jar:6.2.12]
	at org.springframework.data.jpa.repository.support.CrudMethodMetadataPostProcessor$CrudMethodMetadataPopulatingMethodInterceptor.invoke(CrudMethodMetadataPostProcessor.java:165) ~[spring-data-jpa-3.5.5.jar:3.5.5]
	at org.springframework.aop.framework.ReflectiveMethodInvocation.proceed(ReflectiveMethodInvocation.java:184) ~[spring-aop-6.2.12.jar:6.2.12]
	at org.springframework.aop.framework.JdkDynamicAopProxy.invoke(JdkDynamicAopProxy.java:223) ~[spring-aop-6.2.12.jar:6.2.12]
	at jdk.proxy12/jdk.proxy12.$Proxy212.save(Unknown Source) ~[na:na]
	at com._Blog.mojebbari.services.NotificationService.createReportReviewedNotification(NotificationService.java:116) ~[classes/:na]
	at java.base/jdk.internal.reflect.DirectMethodHandleAccessor.invoke(DirectMethodHandleAccessor.java:104) ~[na:na]
	at java.base/java.lang.reflect.Method.invoke(Method.java:565) ~[na:na]
	at org.springframework.aop.support.AopUtils.invokeJoinpointUsingReflection(AopUtils.java:360) ~[spring-aop-6.2.12.jar:6.2.12]
	at org.springframework.aop.framework.ReflectiveMethodInvocation.invokeJoinpoint(ReflectiveMethodInvocation.java:196) ~[spring-aop-6.2.12.jar:6.2.12]
	at org.springframework.aop.framework.ReflectiveMethodInvocation.proceed(ReflectiveMethodInvocation.java:163) ~[spring-aop-6.2.12.jar:6.2.12]
	at org.springframework.transaction.interceptor.TransactionAspectSupport.invokeWithinTransaction(TransactionAspectSupport.java:380) ~[spring-tx-6.2.12.jar:6.2.12]
	at org.springframework.transaction.interceptor.TransactionInterceptor.invoke(TransactionInterceptor.java:119) ~[spring-tx-6.2.12.jar:6.2.12]
	at org.springframework.aop.framework.ReflectiveMethodInvocation.proceed(ReflectiveMethodInvocation.java:184) ~[spring-aop-6.2.12.jar:6.2.12]
	at org.springframework.aop.framework.CglibAopProxy$DynamicAdvisedInterceptor.intercept(CglibAopProxy.java:728) ~[spring-aop-6.2.12.jar:6.2.12]
	at com._Blog.mojebbari.services.NotificationService$$SpringCGLIB$$0.createReportReviewedNotification(<generated>) ~[classes/:na]
	at com._Blog.mojebbari.services.ReportService.createReportReviewedNotification(ReportService.java:210) ~[classes/:na]
	at com._Blog.mojebbari.services.ReportService.updateReportStatus(ReportService.java:195) ~[classes/:na]
	... 130 common frames omitted

2026-01-17T22:15:40.887+01:00 ERROR 52678 --- [mojebbari] [nio-8080-exec-2] o.a.c.c.C.[.[.[/].[dispatcherServlet]    : Servlet.service() for servlet [dispatcherServlet] in context with path [] threw exception [Request processing failed: org.hibernate.exception.GenericJDBCException: JDBC exception executing SQL [select p1_0.id,p1_0.category,p1_0.content,p1_0.created_at,p1_0.media_url,p1_0.title,p1_0.user_id from posts p1_0 where p1_0.id=?] [ERROR: current transaction is aborted, commands ignored until end of transaction block] [n/a]] with root cause

org.postgresql.util.PSQLException: ERROR: new row for relation "notifications" violates check constraint "notifications_type_check"
  Detail: Failing row contains (20, 2026-01-17 22:15:40.870431, f, Your report about a post has been resolved by admin, REPORT_REVIEWED, 6, null, null, 22).
	at org.postgresql.core.v3.QueryExecutorImpl.receiveErrorResponse(QueryExecutorImpl.java:2736) ~[postgresql-42.7.8.jar:42.7.8]
	at org.postgresql.core.v3.QueryExecutorImpl.processResults(QueryExecutorImpl.java:2421) ~[postgresql-42.7.8.jar:42.7.8]
	at org.postgresql.core.v3.QueryExecutorImpl.execute(QueryExecutorImpl.java:372) ~[postgresql-42.7.8.jar:42.7.8]
	at org.postgresql.jdbc.PgStatement.executeInternal(PgStatement.java:525) ~[postgresql-42.7.8.jar:42.7.8]
	at org.postgresql.jdbc.PgStatement.execute(PgStatement.java:435) ~[postgresql-42.7.8.jar:42.7.8]
	at org.postgresql.jdbc.PgPreparedStatement.executeWithFlags(PgPreparedStatement.java:196) ~[postgresql-42.7.8.jar:42.7.8]
	at org.postgresql.jdbc.PgPreparedStatement.executeUpdate(PgPreparedStatement.java:157) ~[postgresql-42.7.8.jar:42.7.8]
	at com.zaxxer.hikari.pool.ProxyPreparedStatement.executeUpdate(ProxyPreparedStatement.java:61) ~[HikariCP-6.3.3.jar:na]
	at com.zaxxer.hikari.pool.HikariProxyPreparedStatement.executeUpdate(HikariProxyPreparedStatement.java) ~[HikariCP-6.3.3.jar:na]
	at org.hibernate.engine.jdbc.internal.ResultSetReturnImpl.executeUpdate(ResultSetReturnImpl.java:194) ~[hibernate-core-6.6.33.Final.jar:6.6.33.Final]
	at org.hibernate.id.insert.GetGeneratedKeysDelegate.performMutation(GetGeneratedKeysDelegate.java:116) ~[hibernate-core-6.6.33.Final.jar:6.6.33.Final]
	at org.hibernate.engine.jdbc.mutation.internal.MutationExecutorSingleNonBatched.performNonBatchedOperations(MutationExecutorSingleNonBatched.java:47) ~[hibernate-core-6.6.33.Final.jar:6.6.33.Final]
	at org.hibernate.engine.jdbc.mutation.internal.AbstractMutationExecutor.execute(AbstractMutationExecutor.java:55) ~[hibernate-core-6.6.33.Final.jar:6.6.33.Final]
	at org.hibernate.persister.entity.mutation.InsertCoordinatorStandard.doStaticInserts(InsertCoordinatorStandard.java:194) ~[hibernate-core-6.6.33.Final.jar:6.6.33.Final]
	at org.hibernate.persister.entity.mutation.InsertCoordinatorStandard.coordinateInsert(InsertCoordinatorStandard.java:132) ~[hibernate-core-6.6.33.Final.jar:6.6.33.Final]
	at org.hibernate.persister.entity.mutation.InsertCoordinatorStandard.insert(InsertCoordinatorStandard.java:95) ~[hibernate-core-6.6.33.Final.jar:6.6.33.Final]
	at org.hibernate.action.internal.EntityIdentityInsertAction.execute(EntityIdentityInsertAction.java:85) ~[hibernate-core-6.6.33.Final.jar:6.6.33.Final]
	at org.hibernate.engine.spi.ActionQueue.execute(ActionQueue.java:682) ~[hibernate-core-6.6.33.Final.jar:6.6.33.Final]
	at org.hibernate.engine.spi.ActionQueue.addResolvedEntityInsertAction(ActionQueue.java:293) ~[hibernate-core-6.6.33.Final.jar:6.6.33.Final]
	at org.hibernate.engine.spi.ActionQueue.addInsertAction(ActionQueue.java:274) ~[hibernate-core-6.6.33.Final.jar:6.6.33.Final]
	at org.hibernate.engine.spi.ActionQueue.addAction(ActionQueue.java:324) ~[hibernate-core-6.6.33.Final.jar:6.6.33.Final]
	at org.hibernate.event.internal.AbstractSaveEventListener.addInsertAction(AbstractSaveEventListener.java:394) ~[hibernate-core-6.6.33.Final.jar:6.6.33.Final]
	at org.hibernate.event.internal.AbstractSaveEventListener.performSaveOrReplicate(AbstractSaveEventListener.java:308) ~[hibernate-core-6.6.33.Final.jar:6.6.33.Final]
	at org.hibernate.event.internal.AbstractSaveEventListener.performSave(AbstractSaveEventListener.java:224) ~[hibernate-core-6.6.33.Final.jar:6.6.33.Final]
	at org.hibernate.event.internal.AbstractSaveEventListener.saveWithGeneratedId(AbstractSaveEventListener.java:136) ~[hibernate-core-6.6.33.Final.jar:6.6.33.Final]
	at org.hibernate.event.internal.DefaultPersistEventListener.entityIsTransient(DefaultPersistEventListener.java:177) ~[hibernate-core-6.6.33.Final.jar:6.6.33.Final]
	at org.hibernate.event.internal.DefaultPersistEventListener.persist(DefaultPersistEventListener.java:95) ~[hibernate-core-6.6.33.Final.jar:6.6.33.Final]
	at org.hibernate.event.internal.DefaultPersistEventListener.onPersist(DefaultPersistEventListener.java:79) ~[hibernate-core-6.6.33.Final.jar:6.6.33.Final]
	at org.hibernate.event.internal.DefaultPersistEventListener.onPersist(DefaultPersistEventListener.java:55) ~[hibernate-core-6.6.33.Final.jar:6.6.33.Final]
	at org.hibernate.event.service.internal.EventListenerGroupImpl.fireEventOnEachListener(EventListenerGroupImpl.java:127) ~[hibernate-core-6.6.33.Final.jar:6.6.33.Final]
	at org.hibernate.internal.SessionImpl.firePersist(SessionImpl.java:761) ~[hibernate-core-6.6.33.Final.jar:6.6.33.Final]
	at org.hibernate.internal.SessionImpl.persist(SessionImpl.java:745) ~[hibernate-core-6.6.33.Final.jar:6.6.33.Final]
	at java.base/jdk.internal.reflect.DirectMethodHandleAccessor.invoke(DirectMethodHandleAccessor.java:104) ~[na:na]
	at java.base/java.lang.reflect.Method.invoke(Method.java:565) ~[na:na]
	at org.springframework.orm.jpa.ExtendedEntityManagerCreator$ExtendedEntityManagerInvocationHandler.invoke(ExtendedEntityManagerCreator.java:364) ~[spring-orm-6.2.12.jar:6.2.12]
	at jdk.proxy12/jdk.proxy12.$Proxy206.persist(Unknown Source) ~[na:na]
	at java.base/jdk.internal.reflect.DirectMethodHandleAccessor.invoke(DirectMethodHandleAccessor.java:104) ~[na:na]
	at java.base/java.lang.reflect.Method.invoke(Method.java:565) ~[na:na]
	at org.springframework.orm.jpa.SharedEntityManagerCreator$SharedEntityManagerInvocationHandler.invoke(SharedEntityManagerCreator.java:320) ~[spring-orm-6.2.12.jar:6.2.12]
	at jdk.proxy12/jdk.proxy12.$Proxy206.persist(Unknown Source) ~[na:na]
	at org.springframework.data.jpa.repository.support.SimpleJpaRepository.save(SimpleJpaRepository.java:654) ~[spring-data-jpa-3.5.5.jar:3.5.5]
	at java.base/jdk.internal.reflect.DirectMethodHandleAccessor.invoke(DirectMethodHandleAccessor.java:104) ~[na:na]
	at java.base/java.lang.reflect.Method.invoke(Method.java:565) ~[na:na]
	at org.springframework.aop.support.AopUtils.invokeJoinpointUsingReflection(AopUtils.java:360) ~[spring-aop-6.2.12.jar:6.2.12]
	at org.springframework.data.repository.core.support.RepositoryMethodInvoker$RepositoryFragmentMethodInvoker.lambda$new$0(RepositoryMethodInvoker.java:277) ~[spring-data-commons-3.5.5.jar:3.5.5]
	at org.springframework.data.repository.core.support.RepositoryMethodInvoker.doInvoke(RepositoryMethodInvoker.java:170) ~[spring-data-commons-3.5.5.jar:3.5.5]
	at org.springframework.data.repository.core.support.RepositoryMethodInvoker.invoke(RepositoryMethodInvoker.java:158) ~[spring-data-commons-3.5.5.jar:3.5.5]
	at org.springframework.data.repository.core.support.RepositoryComposition$RepositoryFragments.invoke(RepositoryComposition.java:515) ~[spring-data-commons-3.5.5.jar:3.5.5]
	at org.springframework.data.repository.core.support.RepositoryComposition.invoke(RepositoryComposition.java:284) ~[spring-data-commons-3.5.5.jar:3.5.5]
	at org.springframework.data.repository.core.support.RepositoryFactorySupport$ImplementationMethodExecutionInterceptor.invoke(RepositoryFactorySupport.java:734) ~[spring-data-commons-3.5.5.jar:3.5.5]
	at org.springframework.aop.framework.ReflectiveMethodInvocation.proceed(ReflectiveMethodInvocation.java:184) ~[spring-aop-6.2.12.jar:6.2.12]
	at org.springframework.data.repository.core.support.QueryExecutorMethodInterceptor.doInvoke(QueryExecutorMethodInterceptor.java:174) ~[spring-data-commons-3.5.5.jar:3.5.5]
	at org.springframework.data.repository.core.support.QueryExecutorMethodInterceptor.invoke(QueryExecutorMethodInterceptor.java:149) ~[spring-data-commons-3.5.5.jar:3.5.5]
	at org.springframework.aop.framework.ReflectiveMethodInvocation.proceed(ReflectiveMethodInvocation.java:184) ~[spring-aop-6.2.12.jar:6.2.12]
	at org.springframework.data.projection.DefaultMethodInvokingMethodInterceptor.invoke(DefaultMethodInvokingMethodInterceptor.java:69) ~[spring-data-commons-3.5.5.jar:3.5.5]
	at org.springframework.aop.framework.ReflectiveMethodInvocation.proceed(ReflectiveMethodInvocation.java:184) ~[spring-aop-6.2.12.jar:6.2.12]
	at org.springframework.transaction.interceptor.TransactionAspectSupport.invokeWithinTransaction(TransactionAspectSupport.java:380) ~[spring-tx-6.2.12.jar:6.2.12]
	at org.springframework.transaction.interceptor.TransactionInterceptor.invoke(TransactionInterceptor.java:119) ~[spring-tx-6.2.12.jar:6.2.12]
	at org.springframework.aop.framework.ReflectiveMethodInvocation.proceed(ReflectiveMethodInvocation.java:184) ~[spring-aop-6.2.12.jar:6.2.12]
	at org.springframework.dao.support.PersistenceExceptionTranslationInterceptor.invoke(PersistenceExceptionTranslationInterceptor.java:138) ~[spring-tx-6.2.12.jar:6.2.12]
	at org.springframework.aop.framework.ReflectiveMethodInvocation.proceed(ReflectiveMethodInvocation.java:184) ~[spring-aop-6.2.12.jar:6.2.12]
	at org.springframework.data.jpa.repository.support.CrudMethodMetadataPostProcessor$CrudMethodMetadataPopulatingMethodInterceptor.invoke(CrudMethodMetadataPostProcessor.java:165) ~[spring-data-jpa-3.5.5.jar:3.5.5]
	at org.springframework.aop.framework.ReflectiveMethodInvocation.proceed(ReflectiveMethodInvocation.java:184) ~[spring-aop-6.2.12.jar:6.2.12]
	at org.springframework.aop.framework.JdkDynamicAopProxy.invoke(JdkDynamicAopProxy.java:223) ~[spring-aop-6.2.12.jar:6.2.12]
	at jdk.proxy12/jdk.proxy12.$Proxy212.save(Unknown Source) ~[na:na]
	at com._Blog.mojebbari.services.NotificationService.createReportReviewedNotification(NotificationService.java:116) ~[classes/:na]
	at java.base/jdk.internal.reflect.DirectMethodHandleAccessor.invoke(DirectMethodHandleAccessor.java:104) ~[na:na]
	at java.base/java.lang.reflect.Method.invoke(Method.java:565) ~[na:na]
	at org.springframework.aop.support.AopUtils.invokeJoinpointUsingReflection(AopUtils.java:360) ~[spring-aop-6.2.12.jar:6.2.12]
	at org.springframework.aop.framework.ReflectiveMethodInvocation.invokeJoinpoint(ReflectiveMethodInvocation.java:196) ~[spring-aop-6.2.12.jar:6.2.12]
	at org.springframework.aop.framework.ReflectiveMethodInvocation.proceed(ReflectiveMethodInvocation.java:163) ~[spring-aop-6.2.12.jar:6.2.12]
	at org.springframework.transaction.interceptor.TransactionAspectSupport.invokeWithinTransaction(TransactionAspectSupport.java:380) ~[spring-tx-6.2.12.jar:6.2.12]
	at org.springframework.transaction.interceptor.TransactionInterceptor.invoke(TransactionInterceptor.java:119) ~[spring-tx-6.2.12.jar:6.2.12]
	at org.springframework.aop.framework.ReflectiveMethodInvocation.proceed(ReflectiveMethodInvocation.java:184) ~[spring-aop-6.2.12.jar:6.2.12]
	at org.springframework.aop.framework.CglibAopProxy$DynamicAdvisedInterceptor.intercept(CglibAopProxy.java:728) ~[spring-aop-6.2.12.jar:6.2.12]
	at com._Blog.mojebbari.services.NotificationService$$SpringCGLIB$$0.createReportReviewedNotification(<generated>) ~[classes/:na]
	at com._Blog.mojebbari.services.ReportService.createReportReviewedNotification(ReportService.java:210) ~[classes/:na]
	at com._Blog.mojebbari.services.ReportService.updateReportStatus(ReportService.java:195) ~[classes/:na]
	at java.base/jdk.internal.reflect.DirectMethodHandleAccessor.invoke(DirectMethodHandleAccessor.java:104) ~[na:na]
	at java.base/java.lang.reflect.Method.invoke(Method.java:565) ~[na:na]
	at org.springframework.aop.support.AopUtils.invokeJoinpointUsingReflection(AopUtils.java:360) ~[spring-aop-6.2.12.jar:6.2.12]
	at org.springframework.aop.framework.ReflectiveMethodInvocation.invokeJoinpoint(ReflectiveMethodInvocation.java:196) ~[spring-aop-6.2.12.jar:6.2.12]
	at org.springframework.aop.framework.ReflectiveMethodInvocation.proceed(ReflectiveMethodInvocation.java:163) ~[spring-aop-6.2.12.jar:6.2.12]
	at org.springframework.transaction.interceptor.TransactionAspectSupport.invokeWithinTransaction(TransactionAspectSupport.java:380) ~[spring-tx-6.2.12.jar:6.2.12]
	at org.springframework.transaction.interceptor.TransactionInterceptor.invoke(TransactionInterceptor.java:119) ~[spring-tx-6.2.12.jar:6.2.12]
	at org.springframework.aop.framework.ReflectiveMethodInvocation.proceed(ReflectiveMethodInvocation.java:184) ~[spring-aop-6.2.12.jar:6.2.12]
	at org.springframework.aop.framework.CglibAopProxy$DynamicAdvisedInterceptor.intercept(CglibAopProxy.java:728) ~[spring-aop-6.2.12.jar:6.2.12]
	at com._Blog.mojebbari.services.ReportService$$SpringCGLIB$$0.updateReportStatus(<generated>) ~[classes/:na]
	at com._Blog.mojebbari.controllers.ReportController.updateReportStatus(ReportController.java:148) ~[classes/:na]
	at java.base/jdk.internal.reflect.DirectMethodHandleAccessor.invoke(DirectMethodHandleAccessor.java:104) ~[na:na]
	at java.base/java.lang.reflect.Method.invoke(Method.java:565) ~[na:na]
	at org.springframework.aop.support.AopUtils.invokeJoinpointUsingReflection(AopUtils.java:360) ~[spring-aop-6.2.12.jar:6.2.12]
	at org.springframework.aop.framework.ReflectiveMethodInvocation.invokeJoinpoint(ReflectiveMethodInvocation.java:196) ~[spring-aop-6.2.12.jar:6.2.12]
	at org.springframework.aop.framework.ReflectiveMethodInvocation.proceed(ReflectiveMethodInvocation.java:163) ~[spring-aop-6.2.12.jar:6.2.12]
	at org.springframework.security.authorization.method.AuthorizationManagerBeforeMethodInterceptor.proceed(AuthorizationManagerBeforeMethodInterceptor.java:268) ~[spring-security-core-6.5.6.jar:6.5.6]
	at org.springframework.security.authorization.method.AuthorizationManagerBeforeMethodInterceptor.attemptAuthorization(AuthorizationManagerBeforeMethodInterceptor.java:263) ~[spring-security-core-6.5.6.jar:6.5.6]
	at org.springframework.security.authorization.method.AuthorizationManagerBeforeMethodInterceptor.invoke(AuthorizationManagerBeforeMethodInterceptor.java:196) ~[spring-security-core-6.5.6.jar:6.5.6]
	at org.springframework.security.config.annotation.method.configuration.DeferringMethodInterceptor.invoke(DeferringMethodInterceptor.java:44) ~[spring-security-config-6.5.6.jar:6.5.6]
	at org.springframework.aop.framework.ReflectiveMethodInvocation.proceed(ReflectiveMethodInvocation.java:184) ~[spring-aop-6.2.12.jar:6.2.12]
	at org.springframework.aop.framework.CglibAopProxy$DynamicAdvisedInterceptor.intercept(CglibAopProxy.java:728) ~[spring-aop-6.2.12.jar:6.2.12]
	at com._Blog.mojebbari.controllers.ReportController$$SpringCGLIB$$0.updateReportStatus(<generated>) ~[classes/:na]
	at java.base/jdk.internal.reflect.DirectMethodHandleAccessor.invoke(DirectMethodHandleAccessor.java:104) ~[na:na]
	at java.base/java.lang.reflect.Method.invoke(Method.java:565) ~[na:na]
	at org.springframework.web.method.support.InvocableHandlerMethod.doInvoke(InvocableHandlerMethod.java:258) ~[spring-web-6.2.12.jar:6.2.12]
	at org.springframework.web.method.support.InvocableHandlerMethod.invokeForRequest(InvocableHandlerMethod.java:191) ~[spring-web-6.2.12.jar:6.2.12]
	at org.springframework.web.servlet.mvc.method.annotation.ServletInvocableHandlerMethod.invokeAndHandle(ServletInvocableHandlerMethod.java:118) ~[spring-webmvc-6.2.12.jar:6.2.12]
	at org.springframework.web.servlet.mvc.method.annotation.RequestMappingHandlerAdapter.invokeHandlerMethod(RequestMappingHandlerAdapter.java:991) ~[spring-webmvc-6.2.12.jar:6.2.12]
	at org.springframework.web.servlet.mvc.method.annotation.RequestMappingHandlerAdapter.handleInternal(RequestMappingHandlerAdapter.java:896) ~[spring-webmvc-6.2.12.jar:6.2.12]
	at org.springframework.web.servlet.mvc.method.AbstractHandlerMethodAdapter.handle(AbstractHandlerMethodAdapter.java:87) ~[spring-webmvc-6.2.12.jar:6.2.12]
	at org.springframework.web.servlet.DispatcherServlet.doDispatch(DispatcherServlet.java:1089) ~[spring-webmvc-6.2.12.jar:6.2.12]
	at org.springframework.web.servlet.DispatcherServlet.doService(DispatcherServlet.java:979) ~[spring-webmvc-6.2.12.jar:6.2.12]
	at org.springframework.web.servlet.FrameworkServlet.processRequest(FrameworkServlet.java:1014) ~[spring-webmvc-6.2.12.jar:6.2.12]
	at org.springframework.web.servlet.FrameworkServlet.doPut(FrameworkServlet.java:925) ~[spring-webmvc-6.2.12.jar:6.2.12]
	at jakarta.servlet.http.HttpServlet.service(HttpServlet.java:593) ~[tomcat-embed-core-10.1.48.jar:6.0]
	at org.springframework.web.servlet.FrameworkServlet.service(FrameworkServlet.java:885) ~[spring-webmvc-6.2.12.jar:6.2.12]
	at jakarta.servlet.http.HttpServlet.service(HttpServlet.java:658) ~[tomcat-embed-core-10.1.48.jar:6.0]
	at org.apache.catalina.core.ApplicationFilterChain.internalDoFilter(ApplicationFilterChain.java:193) ~[tomcat-embed-core-10.1.48.jar:10.1.48]
	at org.apache.catalina.core.ApplicationFilterChain.doFilter(ApplicationFilterChain.java:138) ~[tomcat-embed-core-10.1.48.jar:10.1.48]
	at org.apache.tomcat.websocket.server.WsFilter.doFilter(WsFilter.java:51) ~[tomcat-embed-websocket-10.1.48.jar:10.1.48]
	at org.apache.catalina.core.ApplicationFilterChain.internalDoFilter(ApplicationFilterChain.java:162) ~[tomcat-embed-core-10.1.48.jar:10.1.48]
	at org.apache.catalina.core.ApplicationFilterChain.doFilter(ApplicationFilterChain.java:138) ~[tomcat-embed-core-10.1.48.jar:10.1.48]
	at org.springframework.web.filter.OncePerRequestFilter.doFilter(OncePerRequestFilter.java:110) ~[spring-web-6.2.12.jar:6.2.12]
	at org.apache.catalina.core.ApplicationFilterChain.internalDoFilter(ApplicationFilterChain.java:162) ~[tomcat-embed-core-10.1.48.jar:10.1.48]
	at org.apache.catalina.core.ApplicationFilterChain.doFilter(ApplicationFilterChain.java:138) ~[tomcat-embed-core-10.1.48.jar:10.1.48]
	at org.springframework.web.filter.CompositeFilter$VirtualFilterChain.doFilter(CompositeFilter.java:108) ~[spring-web-6.2.12.jar:6.2.12]
	at org.springframework.web.filter.CompositeFilter$VirtualFilterChain.doFilter(CompositeFilter.java:108) ~[spring-web-6.2.12.jar:6.2.12]
	at org.springframework.security.web.FilterChainProxy.lambda$doFilterInternal$3(FilterChainProxy.java:231) ~[spring-security-web-6.5.6.jar:6.5.6]
	at org.springframework.security.web.FilterChainProxy$VirtualFilterChain.doFilter(FilterChainProxy.java:365) ~[spring-security-web-6.5.6.jar:6.5.6]
	at org.springframework.security.web.access.intercept.AuthorizationFilter.doFilter(AuthorizationFilter.java:101) ~[spring-security-web-6.5.6.jar:6.5.6]
	at org.springframework.security.web.FilterChainProxy$VirtualFilterChain.doFilter(FilterChainProxy.java:374) ~[spring-security-web-6.5.6.jar:6.5.6]
	at org.springframework.security.web.access.ExceptionTranslationFilter.doFilter(ExceptionTranslationFilter.java:125) ~[spring-security-web-6.5.6.jar:6.5.6]
	at org.springframework.security.web.access.ExceptionTranslationFilter.doFilter(ExceptionTranslationFilter.java:119) ~[spring-security-web-6.5.6.jar:6.5.6]
	at org.springframework.security.web.FilterChainProxy$VirtualFilterChain.doFilter(FilterChainProxy.java:374) ~[spring-security-web-6.5.6.jar:6.5.6]
	at org.springframework.security.web.session.SessionManagementFilter.doFilter(SessionManagementFilter.java:131) ~[spring-security-web-6.5.6.jar:6.5.6]
	at org.springframework.security.web.session.SessionManagementFilter.doFilter(SessionManagementFilter.java:85) ~[spring-security-web-6.5.6.jar:6.5.6]
	at org.springframework.security.web.FilterChainProxy$VirtualFilterChain.doFilter(FilterChainProxy.java:374) ~[spring-security-web-6.5.6.jar:6.5.6]
	at org.springframework.security.web.authentication.AnonymousAuthenticationFilter.doFilter(AnonymousAuthenticationFilter.java:100) ~[spring-security-web-6.5.6.jar:6.5.6]
	at org.springframework.security.web.FilterChainProxy$VirtualFilterChain.doFilter(FilterChainProxy.java:374) ~[spring-security-web-6.5.6.jar:6.5.6]
	at org.springframework.security.web.servletapi.SecurityContextHolderAwareRequestFilter.doFilter(SecurityContextHolderAwareRequestFilter.java:179) ~[spring-security-web-6.5.6.jar:6.5.6]
	at org.springframework.security.web.FilterChainProxy$VirtualFilterChain.doFilter(FilterChainProxy.java:374) ~[spring-security-web-6.5.6.jar:6.5.6]
	at org.springframework.security.web.savedrequest.RequestCacheAwareFilter.doFilter(RequestCacheAwareFilter.java:63) ~[spring-security-web-6.5.6.jar:6.5.6]
	at org.springframework.security.web.FilterChainProxy$VirtualFilterChain.doFilter(FilterChainProxy.java:374) ~[spring-security-web-6.5.6.jar:6.5.6]
	at com._Blog.mojebbari.config.JwtAuthenticationFilter.doFilterInternal(JwtAuthenticationFilter.java:79) ~[classes/:na]
	at org.springframework.web.filter.OncePerRequestFilter.doFilter(OncePerRequestFilter.java:116) ~[spring-web-6.2.12.jar:6.2.12]
	at org.springframework.security.web.FilterChainProxy$VirtualFilterChain.doFilter(FilterChainProxy.java:374) ~[spring-security-web-6.5.6.jar:6.5.6]
	at org.springframework.security.web.authentication.logout.LogoutFilter.doFilter(LogoutFilter.java:107) ~[spring-security-web-6.5.6.jar:6.5.6]
	at org.springframework.security.web.authentication.logout.LogoutFilter.doFilter(LogoutFilter.java:93) ~[spring-security-web-6.5.6.jar:6.5.6]
	at org.springframework.security.web.FilterChainProxy$VirtualFilterChain.doFilter(FilterChainProxy.java:374) ~[spring-security-web-6.5.6.jar:6.5.6]
	at org.springframework.web.filter.CorsFilter.doFilterInternal(CorsFilter.java:91) ~[spring-web-6.2.12.jar:6.2.12]
	at org.springframework.web.filter.OncePerRequestFilter.doFilter(OncePerRequestFilter.java:116) ~[spring-web-6.2.12.jar:6.2.12]
	at org.springframework.security.web.FilterChainProxy$VirtualFilterChain.doFilter(FilterChainProxy.java:374) ~[spring-security-web-6.5.6.jar:6.5.6]
	at org.springframework.security.web.header.HeaderWriterFilter.doHeadersAfter(HeaderWriterFilter.java:90) ~[spring-security-web-6.5.6.jar:6.5.6]
	at org.springframework.security.web.header.HeaderWriterFilter.doFilterInternal(HeaderWriterFilter.java:75) ~[spring-security-web-6.5.6.jar:6.5.6]
	at org.springframework.web.filter.OncePerRequestFilter.doFilter(OncePerRequestFilter.java:116) ~[spring-web-6.2.12.jar:6.2.12]
	at org.springframework.security.web.FilterChainProxy$VirtualFilterChain.doFilter(FilterChainProxy.java:374) ~[spring-security-web-6.5.6.jar:6.5.6]
	at org.springframework.security.web.context.SecurityContextHolderFilter.doFilter(SecurityContextHolderFilter.java:82) ~[spring-security-web-6.5.6.jar:6.5.6]
	at org.springframework.security.web.context.SecurityContextHolderFilter.doFilter(SecurityContextHolderFilter.java:69) ~[spring-security-web-6.5.6.jar:6.5.6]
	at org.springframework.security.web.FilterChainProxy$VirtualFilterChain.doFilter(FilterChainProxy.java:374) ~[spring-security-web-6.5.6.jar:6.5.6]
	at org.springframework.security.web.context.request.async.WebAsyncManagerIntegrationFilter.doFilterInternal(WebAsyncManagerIntegrationFilter.java:62) ~[spring-security-web-6.5.6.jar:6.5.6]
	at org.springframework.web.filter.OncePerRequestFilter.doFilter(OncePerRequestFilter.java:116) ~[spring-web-6.2.12.jar:6.2.12]
	at org.springframework.security.web.FilterChainProxy$VirtualFilterChain.doFilter(FilterChainProxy.java:374) ~[spring-security-web-6.5.6.jar:6.5.6]
	at org.springframework.security.web.session.DisableEncodeUrlFilter.doFilterInternal(DisableEncodeUrlFilter.java:42) ~[spring-security-web-6.5.6.jar:6.5.6]
	at org.springframework.web.filter.OncePerRequestFilter.doFilter(OncePerRequestFilter.java:116) ~[spring-web-6.2.12.jar:6.2.12]
	at org.springframework.security.web.FilterChainProxy$VirtualFilterChain.doFilter(FilterChainProxy.java:374) ~[spring-security-web-6.5.6.jar:6.5.6]
	at org.springframework.security.web.FilterChainProxy.doFilterInternal(FilterChainProxy.java:233) ~[spring-security-web-6.5.6.jar:6.5.6]
	at org.springframework.security.web.FilterChainProxy.doFilter(FilterChainProxy.java:191) ~[spring-security-web-6.5.6.jar:6.5.6]
	at org.springframework.web.filter.CompositeFilter$VirtualFilterChain.doFilter(CompositeFilter.java:113) ~[spring-web-6.2.12.jar:6.2.12]
	at org.springframework.web.filter.ServletRequestPathFilter.doFilter(ServletRequestPathFilter.java:52) ~[spring-web-6.2.12.jar:6.2.12]
	at org.springframework.web.filter.CompositeFilter$VirtualFilterChain.doFilter(CompositeFilter.java:113) ~[spring-web-6.2.12.jar:6.2.12]
	at org.springframework.web.filter.CompositeFilter.doFilter(CompositeFilter.java:74) ~[spring-web-6.2.12.jar:6.2.12]
	at org.springframework.security.config.annotation.web.configuration.WebSecurityConfiguration$CompositeFilterChainProxy.doFilter(WebSecurityConfiguration.java:319) ~[spring-security-config-6.5.6.jar:6.5.6]
	at org.springframework.web.filter.CompositeFilter$VirtualFilterChain.doFilter(CompositeFilter.java:113) ~[spring-web-6.2.12.jar:6.2.12]
	at org.springframework.web.servlet.handler.HandlerMappingIntrospector.lambda$createCacheFilter$4(HandlerMappingIntrospector.java:267) ~[spring-webmvc-6.2.12.jar:6.2.12]
	at org.springframework.web.filter.CompositeFilter$VirtualFilterChain.doFilter(CompositeFilter.java:113) ~[spring-web-6.2.12.jar:6.2.12]
	at org.springframework.web.filter.CompositeFilter.doFilter(CompositeFilter.java:74) ~[spring-web-6.2.12.jar:6.2.12]
	at org.springframework.security.config.annotation.web.configuration.WebMvcSecurityConfiguration$CompositeFilterChainProxy.doFilter(WebMvcSecurityConfiguration.java:240) ~[spring-security-config-6.5.6.jar:6.5.6]
	at org.springframework.web.filter.DelegatingFilterProxy.invokeDelegate(DelegatingFilterProxy.java:362) ~[spring-web-6.2.12.jar:6.2.12]
	at org.springframework.web.filter.DelegatingFilterProxy.doFilter(DelegatingFilterProxy.java:278) ~[spring-web-6.2.12.jar:6.2.12]
	at org.apache.catalina.core.ApplicationFilterChain.internalDoFilter(ApplicationFilterChain.java:162) ~[tomcat-embed-core-10.1.48.jar:10.1.48]
	at org.apache.catalina.core.ApplicationFilterChain.doFilter(ApplicationFilterChain.java:138) ~[tomcat-embed-core-10.1.48.jar:10.1.48]
	at org.springframework.web.filter.RequestContextFilter.doFilterInternal(RequestContextFilter.java:100) ~[spring-web-6.2.12.jar:6.2.12]
	at org.springframework.web.filter.OncePerRequestFilter.doFilter(OncePerRequestFilter.java:116) ~[spring-web-6.2.12.jar:6.2.12]
	at org.apache.catalina.core.ApplicationFilterChain.internalDoFilter(ApplicationFilterChain.java:162) ~[tomcat-embed-core-10.1.48.jar:10.1.48]
	at org.apache.catalina.core.ApplicationFilterChain.doFilter(ApplicationFilterChain.java:138) ~[tomcat-embed-core-10.1.48.jar:10.1.48]
	at org.springframework.web.filter.FormContentFilter.doFilterInternal(FormContentFilter.java:93) ~[spring-web-6.2.12.jar:6.2.12]
	at org.springframework.web.filter.OncePerRequestFilter.doFilter(OncePerRequestFilter.java:116) ~[spring-web-6.2.12.jar:6.2.12]
	at org.apache.catalina.core.ApplicationFilterChain.internalDoFilter(ApplicationFilterChain.java:162) ~[tomcat-embed-core-10.1.48.jar:10.1.48]
	at org.apache.catalina.core.ApplicationFilterChain.doFilter(ApplicationFilterChain.java:138) ~[tomcat-embed-core-10.1.48.jar:10.1.48]
	at org.springframework.web.filter.CharacterEncodingFilter.doFilterInternal(CharacterEncodingFilter.java:201) ~[spring-web-6.2.12.jar:6.2.12]
	at org.springframework.web.filter.OncePerRequestFilter.doFilter(OncePerRequestFilter.java:116) ~[spring-web-6.2.12.jar:6.2.12]
	at org.apache.catalina.core.ApplicationFilterChain.internalDoFilter(ApplicationFilterChain.java:162) ~[tomcat-embed-core-10.1.48.jar:10.1.48]
	at org.apache.catalina.core.ApplicationFilterChain.doFilter(ApplicationFilterChain.java:138) ~[tomcat-embed-core-10.1.48.jar:10.1.48]
	at org.apache.catalina.core.StandardWrapperValve.invoke(StandardWrapperValve.java:165) ~[tomcat-embed-core-10.1.48.jar:10.1.48]
	at org.apache.catalina.core.StandardContextValve.invoke(StandardContextValve.java:88) ~[tomcat-embed-core-10.1.48.jar:10.1.48]
	at org.apache.catalina.authenticator.AuthenticatorBase.invoke(AuthenticatorBase.java:482) ~[tomcat-embed-core-10.1.48.jar:10.1.48]
	at org.apache.catalina.core.StandardHostValve.invoke(StandardHostValve.java:113) ~[tomcat-embed-core-10.1.48.jar:10.1.48]
	at org.apache.catalina.valves.ErrorReportValve.invoke(ErrorReportValve.java:83) ~[tomcat-embed-core-10.1.48.jar:10.1.48]
	at org.apache.catalina.core.StandardEngineValve.invoke(StandardEngineValve.java:72) ~[tomcat-embed-core-10.1.48.jar:10.1.48]
	at org.apache.catalina.connector.CoyoteAdapter.service(CoyoteAdapter.java:342) ~[tomcat-embed-core-10.1.48.jar:10.1.48]
	at org.apache.coyote.http11.Http11Processor.service(Http11Processor.java:399) ~[tomcat-embed-core-10.1.48.jar:10.1.48]
	at org.apache.coyote.AbstractProcessorLight.process(AbstractProcessorLight.java:63) ~[tomcat-embed-core-10.1.48.jar:10.1.48]
	at org.apache.coyote.AbstractProtocol$ConnectionHandler.process(AbstractProtocol.java:903) ~[tomcat-embed-core-10.1.48.jar:10.1.48]
	at org.apache.tomcat.util.net.NioEndpoint$SocketProcessor.doRun(NioEndpoint.java:1774) ~[tomcat-embed-core-10.1.48.jar:10.1.48]
	at org.apache.tomcat.util.net.SocketProcessorBase.run(SocketProcessorBase.java:52) ~[tomcat-embed-core-10.1.48.jar:10.1.48]
	at org.apache.tomcat.util.threads.ThreadPoolExecutor.runWorker(ThreadPoolExecutor.java:973) ~[tomcat-embed-core-10.1.48.jar:10.1.48]
	at org.apache.tomcat.util.threads.ThreadPoolExecutor$Worker.run(ThreadPoolExecutor.java:491) ~[tomcat-embed-core-10.1.48.jar:10.1.48]
	at org.apache.tomcat.util.threads.TaskThread$WrappingRunnable.run(TaskThread.java:63) ~[tomcat-embed-core-10.1.48.jar:10.1.48]
	at java.base/java.lang.Thread.run(Thread.java:1474) ~[na:na]

Hibernate: 
    select
        u1_0.id,
        u1_0.bio,
        u1_0.cover_image,
        u1_0.created_at,
        u1_0.email,
        u1_0.password,
        u1_0.profile_picture,
        u1_0.role,
        u1_0.username 
    from
        _user u1_0 
    where
        u1_0.email=? 
        or u1_0.username=?
Hibernate: 
    select
        u1_0.id,
        u1_0.bio,
        u1_0.cover_image,
        u1_0.created_at,
        u1_0.email,
        u1_0.password,
        u1_0.profile_picture,
        u1_0.role,
        u1_0.username 
    from
        _user u1_0 
    where
        u1_0.email=? 
        or u1_0.username=?
2026-01-17T22:15:47.225+01:00  INFO 52678 --- [mojebbari] [nio-8080-exec-3] c._.m.controllers.ReportController       : GET /api/reports/count/pending - Fetching pending reports count
Hibernate: 
    select
        count(r1_0.id) 
    from
        reports r1_0 
    where
        r1_0.status=?
Hibernate: 
    select
        n1_0.id,
        n1_0.actor_id,
        n1_0.comment_id,
        n1_0.created_at,
        n1_0.is_read,
        n1_0.message,
        n1_0.post_id,
        n1_0.recipient_id,
        n1_0.type 
    from
        notifications n1_0 
    where
        n1_0.recipient_id=? 
    order by
        n1_0.created_at desc
Hibernate: 
    select
        u1_0.id,
        u1_0.bio,
        u1_0.cover_image,
        u1_0.created_at,
        u1_0.email,
        u1_0.password,
        u1_0.profile_picture,
        u1_0.role,
        u1_0.username 
    from
        _user u1_0 
    where
        u1_0.email=? 
        or u1_0.username=?
2026-01-17T22:15:47.232+01:00  INFO 52678 --- [mojebbari] [nio-8080-exec-6] c._.m.controllers.ReportController       : GET /api/reports - Fetching all reports
Hibernate: 
    select
        r1_0.id,
        r1_0.admin_notes,
        r1_0.comment_id,
        r1_0.created_at,
        r1_0.description,
        r1_0.post_id,
        r1_0.reason,
        r1_0.report_type,
        r1_0.reported_user_id,
        r1_0.reporter_id,
        r1_0.reviewed_at,
        r1_0.reviewed_by_id,
        r1_0.status 
    from
        reports r1_0 
    order by
        r1_0.created_at desc
Hibernate: 
    select
        p1_0.id,
        p1_0.category,
        p1_0.content,
        p1_0.created_at,
        p1_0.media_url,
        p1_0.title,
        p1_0.user_id 
    from
        posts p1_0 
    where
        p1_0.id=?
Hibernate: 
    select
        u1_0.id,
        u1_0.bio,
        u1_0.cover_image,
        u1_0.created_at,
        u1_0.email,
        u1_0.password,
        u1_0.profile_picture,
        u1_0.role,
        u1_0.username 
    from
        _user u1_0 
    where
        u1_0.email=? 
        or u1_0.username=?
Hibernate: 
    select
        u1_0.id,
        u1_0.bio,
        u1_0.cover_image,
        u1_0.created_at,
        u1_0.email,
        u1_0.password,
        u1_0.profile_picture,
        u1_0.role,
        u1_0.username 
    from
        _user u1_0 
    where
        u1_0.id=?
Hibernate: 
    select
        u1_0.id,
        u1_0.bio,
        u1_0.cover_image,
        u1_0.created_at,
        u1_0.email,
        u1_0.password,
        u1_0.profile_picture,
        u1_0.role,
        u1_0.username 
    from
        _user u1_0 
    where
        u1_0.id=?
Hibernate: 
    select
        p1_0.id,
        p1_0.category,
        p1_0.content,
        p1_0.created_at,
        p1_0.media_url,
        p1_0.title,
        p1_0.user_id 
    from
        posts p1_0 
    where
        p1_0.id=?
Hibernate: 
    select
        u1_0.id,
        u1_0.bio,
        u1_0.cover_image,
        u1_0.created_at,
        u1_0.email,
        u1_0.password,
        u1_0.profile_picture,
        u1_0.role,
        u1_0.username 
    from
        _user u1_0 
    where
        u1_0.id=?
Hibernate: 
    select
        u1_0.id,
        u1_0.bio,
        u1_0.cover_image,
        u1_0.created_at,
        u1_0.email,
        u1_0.password,
        u1_0.profile_picture,
        u1_0.role,
        u1_0.username 
    from
        _user u1_0 
    where
        u1_0.id=?
Hibernate: 
    select
        p1_0.id,
        p1_0.category,
        p1_0.content,
        p1_0.created_at,
        p1_0.media_url,
        p1_0.title,
        p1_0.user_id 
    from
        posts p1_0 
    where
        p1_0.id=?
Hibernate: 
    select
        u1_0.id,
        u1_0.bio,
        u1_0.cover_image,
        u1_0.created_at,
        u1_0.email,
        u1_0.password,
        u1_0.profile_picture,
        u1_0.role,
        u1_0.username 
    from
        _user u1_0 
    where
        u1_0.id=?
Hibernate: 
    select
        count(n1_0.id) 
    from
        notifications n1_0 
    where
        n1_0.recipient_id=? 
        and n1_0.is_read=?
Hibernate: 
    select
        u1_0.id,
        u1_0.bio,
        u1_0.cover_image,
        u1_0.created_at,
        u1_0.email,
        u1_0.password,
        u1_0.profile_picture,
        u1_0.role,
        u1_0.username 
    from
        _user u1_0 
    where
        u1_0.email=? 
        or u1_0.username=?
2026-01-17T22:15:58.166+01:00  INFO 52678 --- [mojebbari] [nio-8080-exec-2] c._.m.controllers.ReportController       : PUT /api/reports/6/status - Admin admin updating status to RESOLVED
Hibernate: 
    select
        r1_0.id,
        r1_0.admin_notes,
        r1_0.comment_id,
        r1_0.created_at,
        r1_0.description,
        r1_0.post_id,
        r1_0.reason,
        r1_0.report_type,
        r1_0.reported_user_id,
        r1_0.reporter_id,
        r1_0.reviewed_at,
        r1_0.reviewed_by_id,
        r1_0.status 
    from
        reports r1_0 
    where
        r1_0.id=?
Hibernate: 
    select
        u1_0.id,
        u1_0.bio,
        u1_0.cover_image,
        u1_0.created_at,
        u1_0.email,
        u1_0.password,
        u1_0.profile_picture,
        u1_0.role,
        u1_0.username 
    from
        _user u1_0 
    where
        u1_0.id=?
2026-01-17T22:15:58.170+01:00  INFO 52678 --- [mojebbari] [nio-8080-exec-2] c._.mojebbari.services.ReportService     : Report updated: id=6, status=RESOLVED, reviewedBy=admin
Hibernate: 
    insert 
    into
        notifications
        (actor_id, comment_id, created_at, is_read, message, post_id, recipient_id, type) 
    values
        (?, ?, ?, ?, ?, ?, ?, ?)
2026-01-17T22:15:58.172+01:00  WARN 52678 --- [mojebbari] [nio-8080-exec-2] o.h.engine.jdbc.spi.SqlExceptionHelper   : SQL Error: 0, SQLState: 23514
2026-01-17T22:15:58.173+01:00 ERROR 52678 --- [mojebbari] [nio-8080-exec-2] o.h.engine.jdbc.spi.SqlExceptionHelper   : ERROR: new row for relation "notifications" violates check constraint "notifications_type_check"
  Detail: Failing row contains (21, 2026-01-17 22:15:58.170951, f, Your report about a post has been resolved by admin, REPORT_REVIEWED, 6, null, null, 22).
2026-01-17T22:15:58.173+01:00 ERROR 52678 --- [mojebbari] [nio-8080-exec-2] c._.mojebbari.services.ReportService     : Failed to create report reviewed notification

org.springframework.dao.DataIntegrityViolationException: could not execute statement [ERROR: new row for relation "notifications" violates check constraint "notifications_type_check"
  Detail: Failing row contains (21, 2026-01-17 22:15:58.170951, f, Your report about a post has been resolved by admin, REPORT_REVIEWED, 6, null, null, 22).] [insert into notifications (actor_id,comment_id,created_at,is_read,message,post_id,recipient_id,type) values (?,?,?,?,?,?,?,?)]; SQL [insert into notifications (actor_id,comment_id,created_at,is_read,message,post_id,recipient_id,type) values (?,?,?,?,?,?,?,?)]; constraint [notifications_type_check]
	at org.springframework.orm.jpa.vendor.HibernateJpaDialect.convertHibernateAccessException(HibernateJpaDialect.java:294) ~[spring-orm-6.2.12.jar:6.2.12]
	at org.springframework.orm.jpa.vendor.HibernateJpaDialect.convertHibernateAccessException(HibernateJpaDialect.java:256) ~[spring-orm-6.2.12.jar:6.2.12]
	at org.springframework.orm.jpa.vendor.HibernateJpaDialect.translateExceptionIfPossible(HibernateJpaDialect.java:241) ~[spring-orm-6.2.12.jar:6.2.12]
	at org.springframework.orm.jpa.AbstractEntityManagerFactoryBean.translateExceptionIfPossible(AbstractEntityManagerFactoryBean.java:560) ~[spring-orm-6.2.12.jar:6.2.12]
	at org.springframework.dao.support.ChainedPersistenceExceptionTranslator.translateExceptionIfPossible(ChainedPersistenceExceptionTranslator.java:61) ~[spring-tx-6.2.12.jar:6.2.12]
	at org.springframework.dao.support.DataAccessUtils.translateIfNecessary(DataAccessUtils.java:343) ~[spring-tx-6.2.12.jar:6.2.12]
	at org.springframework.dao.support.PersistenceExceptionTranslationInterceptor.invoke(PersistenceExceptionTranslationInterceptor.java:160) ~[spring-tx-6.2.12.jar:6.2.12]
	at org.springframework.aop.framework.ReflectiveMethodInvocation.proceed(ReflectiveMethodInvocation.java:184) ~[spring-aop-6.2.12.jar:6.2.12]
	at org.springframework.data.jpa.repository.support.CrudMethodMetadataPostProcessor$CrudMethodMetadataPopulatingMethodInterceptor.invoke(CrudMethodMetadataPostProcessor.java:165) ~[spring-data-jpa-3.5.5.jar:3.5.5]
	at org.springframework.aop.framework.ReflectiveMethodInvocation.proceed(ReflectiveMethodInvocation.java:184) ~[spring-aop-6.2.12.jar:6.2.12]
	at org.springframework.aop.framework.JdkDynamicAopProxy.invoke(JdkDynamicAopProxy.java:223) ~[spring-aop-6.2.12.jar:6.2.12]
	at jdk.proxy12/jdk.proxy12.$Proxy212.save(Unknown Source) ~[na:na]
	at com._Blog.mojebbari.services.NotificationService.createReportReviewedNotification(NotificationService.java:116) ~[classes/:na]
	at java.base/jdk.internal.reflect.DirectMethodHandleAccessor.invoke(DirectMethodHandleAccessor.java:104) ~[na:na]
	at java.base/java.lang.reflect.Method.invoke(Method.java:565) ~[na:na]
	at org.springframework.aop.support.AopUtils.invokeJoinpointUsingReflection(AopUtils.java:360) ~[spring-aop-6.2.12.jar:6.2.12]
	at org.springframework.aop.framework.ReflectiveMethodInvocation.invokeJoinpoint(ReflectiveMethodInvocation.java:196) ~[spring-aop-6.2.12.jar:6.2.12]
	at org.springframework.aop.framework.ReflectiveMethodInvocation.proceed(ReflectiveMethodInvocation.java:163) ~[spring-aop-6.2.12.jar:6.2.12]
	at org.springframework.transaction.interceptor.TransactionAspectSupport.invokeWithinTransaction(TransactionAspectSupport.java:380) ~[spring-tx-6.2.12.jar:6.2.12]
	at org.springframework.transaction.interceptor.TransactionInterceptor.invoke(TransactionInterceptor.java:119) ~[spring-tx-6.2.12.jar:6.2.12]
	at org.springframework.aop.framework.ReflectiveMethodInvocation.proceed(ReflectiveMethodInvocation.java:184) ~[spring-aop-6.2.12.jar:6.2.12]
	at org.springframework.aop.framework.CglibAopProxy$DynamicAdvisedInterceptor.intercept(CglibAopProxy.java:728) ~[spring-aop-6.2.12.jar:6.2.12]
	at com._Blog.mojebbari.services.NotificationService$$SpringCGLIB$$0.createReportReviewedNotification(<generated>) ~[classes/:na]
	at com._Blog.mojebbari.services.ReportService.createReportReviewedNotification(ReportService.java:210) ~[classes/:na]
	at com._Blog.mojebbari.services.ReportService.updateReportStatus(ReportService.java:195) ~[classes/:na]
	at java.base/jdk.internal.reflect.DirectMethodHandleAccessor.invoke(DirectMethodHandleAccessor.java:104) ~[na:na]
	at java.base/java.lang.reflect.Method.invoke(Method.java:565) ~[na:na]
	at org.springframework.aop.support.AopUtils.invokeJoinpointUsingReflection(AopUtils.java:360) ~[spring-aop-6.2.12.jar:6.2.12]
	at org.springframework.aop.framework.ReflectiveMethodInvocation.invokeJoinpoint(ReflectiveMethodInvocation.java:196) ~[spring-aop-6.2.12.jar:6.2.12]
	at org.springframework.aop.framework.ReflectiveMethodInvocation.proceed(ReflectiveMethodInvocation.java:163) ~[spring-aop-6.2.12.jar:6.2.12]
	at org.springframework.transaction.interceptor.TransactionAspectSupport.invokeWithinTransaction(TransactionAspectSupport.java:380) ~[spring-tx-6.2.12.jar:6.2.12]
	at org.springframework.transaction.interceptor.TransactionInterceptor.invoke(TransactionInterceptor.java:119) ~[spring-tx-6.2.12.jar:6.2.12]
	at org.springframework.aop.framework.ReflectiveMethodInvocation.proceed(ReflectiveMethodInvocation.java:184) ~[spring-aop-6.2.12.jar:6.2.12]
	at org.springframework.aop.framework.CglibAopProxy$DynamicAdvisedInterceptor.intercept(CglibAopProxy.java:728) ~[spring-aop-6.2.12.jar:6.2.12]
	at com._Blog.mojebbari.services.ReportService$$SpringCGLIB$$0.updateReportStatus(<generated>) ~[classes/:na]
	at com._Blog.mojebbari.controllers.ReportController.updateReportStatus(ReportController.java:148) ~[classes/:na]
	at java.base/jdk.internal.reflect.DirectMethodHandleAccessor.invoke(DirectMethodHandleAccessor.java:104) ~[na:na]
	at java.base/java.lang.reflect.Method.invoke(Method.java:565) ~[na:na]
	at org.springframework.aop.support.AopUtils.invokeJoinpointUsingReflection(AopUtils.java:360) ~[spring-aop-6.2.12.jar:6.2.12]
	at org.springframework.aop.framework.ReflectiveMethodInvocation.invokeJoinpoint(ReflectiveMethodInvocation.java:196) ~[spring-aop-6.2.12.jar:6.2.12]
	at org.springframework.aop.framework.ReflectiveMethodInvocation.proceed(ReflectiveMethodInvocation.java:163) ~[spring-aop-6.2.12.jar:6.2.12]
	at org.springframework.security.authorization.method.AuthorizationManagerBeforeMethodInterceptor.proceed(AuthorizationManagerBeforeMethodInterceptor.java:268) ~[spring-security-core-6.5.6.jar:6.5.6]
	at org.springframework.security.authorization.method.AuthorizationManagerBeforeMethodInterceptor.attemptAuthorization(AuthorizationManagerBeforeMethodInterceptor.java:263) ~[spring-security-core-6.5.6.jar:6.5.6]
	at org.springframework.security.authorization.method.AuthorizationManagerBeforeMethodInterceptor.invoke(AuthorizationManagerBeforeMethodInterceptor.java:196) ~[spring-security-core-6.5.6.jar:6.5.6]
	at org.springframework.security.config.annotation.method.configuration.DeferringMethodInterceptor.invoke(DeferringMethodInterceptor.java:44) ~[spring-security-config-6.5.6.jar:6.5.6]
	at org.springframework.aop.framework.ReflectiveMethodInvocation.proceed(ReflectiveMethodInvocation.java:184) ~[spring-aop-6.2.12.jar:6.2.12]
	at org.springframework.aop.framework.CglibAopProxy$DynamicAdvisedInterceptor.intercept(CglibAopProxy.java:728) ~[spring-aop-6.2.12.jar:6.2.12]
	at com._Blog.mojebbari.controllers.ReportController$$SpringCGLIB$$0.updateReportStatus(<generated>) ~[classes/:na]
	at java.base/jdk.internal.reflect.DirectMethodHandleAccessor.invoke(DirectMethodHandleAccessor.java:104) ~[na:na]
	at java.base/java.lang.reflect.Method.invoke(Method.java:565) ~[na:na]
	at org.springframework.web.method.support.InvocableHandlerMethod.doInvoke(InvocableHandlerMethod.java:258) ~[spring-web-6.2.12.jar:6.2.12]
	at org.springframework.web.method.support.InvocableHandlerMethod.invokeForRequest(InvocableHandlerMethod.java:191) ~[spring-web-6.2.12.jar:6.2.12]
	at org.springframework.web.servlet.mvc.method.annotation.ServletInvocableHandlerMethod.invokeAndHandle(ServletInvocableHandlerMethod.java:118) ~[spring-webmvc-6.2.12.jar:6.2.12]
	at org.springframework.web.servlet.mvc.method.annotation.RequestMappingHandlerAdapter.invokeHandlerMethod(RequestMappingHandlerAdapter.java:991) ~[spring-webmvc-6.2.12.jar:6.2.12]
	at org.springframework.web.servlet.mvc.method.annotation.RequestMappingHandlerAdapter.handleInternal(RequestMappingHandlerAdapter.java:896) ~[spring-webmvc-6.2.12.jar:6.2.12]
	at org.springframework.web.servlet.mvc.method.AbstractHandlerMethodAdapter.handle(AbstractHandlerMethodAdapter.java:87) ~[spring-webmvc-6.2.12.jar:6.2.12]
	at org.springframework.web.servlet.DispatcherServlet.doDispatch(DispatcherServlet.java:1089) ~[spring-webmvc-6.2.12.jar:6.2.12]
	at org.springframework.web.servlet.DispatcherServlet.doService(DispatcherServlet.java:979) ~[spring-webmvc-6.2.12.jar:6.2.12]
	at org.springframework.web.servlet.FrameworkServlet.processRequest(FrameworkServlet.java:1014) ~[spring-webmvc-6.2.12.jar:6.2.12]
	at org.springframework.web.servlet.FrameworkServlet.doPut(FrameworkServlet.java:925) ~[spring-webmvc-6.2.12.jar:6.2.12]
	at jakarta.servlet.http.HttpServlet.service(HttpServlet.java:593) ~[tomcat-embed-core-10.1.48.jar:6.0]
	at org.springframework.web.servlet.FrameworkServlet.service(FrameworkServlet.java:885) ~[spring-webmvc-6.2.12.jar:6.2.12]
	at jakarta.servlet.http.HttpServlet.service(HttpServlet.java:658) ~[tomcat-embed-core-10.1.48.jar:6.0]
	at org.apache.catalina.core.ApplicationFilterChain.internalDoFilter(ApplicationFilterChain.java:193) ~[tomcat-embed-core-10.1.48.jar:10.1.48]
	at org.apache.catalina.core.ApplicationFilterChain.doFilter(ApplicationFilterChain.java:138) ~[tomcat-embed-core-10.1.48.jar:10.1.48]
	at org.apache.tomcat.websocket.server.WsFilter.doFilter(WsFilter.java:51) ~[tomcat-embed-websocket-10.1.48.jar:10.1.48]
	at org.apache.catalina.core.ApplicationFilterChain.internalDoFilter(ApplicationFilterChain.java:162) ~[tomcat-embed-core-10.1.48.jar:10.1.48]
	at org.apache.catalina.core.ApplicationFilterChain.doFilter(ApplicationFilterChain.java:138) ~[tomcat-embed-core-10.1.48.jar:10.1.48]
	at org.springframework.web.filter.OncePerRequestFilter.doFilter(OncePerRequestFilter.java:110) ~[spring-web-6.2.12.jar:6.2.12]
	at org.apache.catalina.core.ApplicationFilterChain.internalDoFilter(ApplicationFilterChain.java:162) ~[tomcat-embed-core-10.1.48.jar:10.1.48]
	at org.apache.catalina.core.ApplicationFilterChain.doFilter(ApplicationFilterChain.java:138) ~[tomcat-embed-core-10.1.48.jar:10.1.48]
	at org.springframework.web.filter.CompositeFilter$VirtualFilterChain.doFilter(CompositeFilter.java:108) ~[spring-web-6.2.12.jar:6.2.12]
	at org.springframework.web.filter.CompositeFilter$VirtualFilterChain.doFilter(CompositeFilter.java:108) ~[spring-web-6.2.12.jar:6.2.12]
	at org.springframework.security.web.FilterChainProxy.lambda$doFilterInternal$3(FilterChainProxy.java:231) ~[spring-security-web-6.5.6.jar:6.5.6]
	at org.springframework.security.web.FilterChainProxy$VirtualFilterChain.doFilter(FilterChainProxy.java:365) ~[spring-security-web-6.5.6.jar:6.5.6]
	at org.springframework.security.web.access.intercept.AuthorizationFilter.doFilter(AuthorizationFilter.java:101) ~[spring-security-web-6.5.6.jar:6.5.6]
	at org.springframework.security.web.FilterChainProxy$VirtualFilterChain.doFilter(FilterChainProxy.java:374) ~[spring-security-web-6.5.6.jar:6.5.6]
	at org.springframework.security.web.access.ExceptionTranslationFilter.doFilter(ExceptionTranslationFilter.java:125) ~[spring-security-web-6.5.6.jar:6.5.6]
	at org.springframework.security.web.access.ExceptionTranslationFilter.doFilter(ExceptionTranslationFilter.java:119) ~[spring-security-web-6.5.6.jar:6.5.6]
	at org.springframework.security.web.FilterChainProxy$VirtualFilterChain.doFilter(FilterChainProxy.java:374) ~[spring-security-web-6.5.6.jar:6.5.6]
	at org.springframework.security.web.session.SessionManagementFilter.doFilter(SessionManagementFilter.java:131) ~[spring-security-web-6.5.6.jar:6.5.6]
	at org.springframework.security.web.session.SessionManagementFilter.doFilter(SessionManagementFilter.java:85) ~[spring-security-web-6.5.6.jar:6.5.6]
	at org.springframework.security.web.FilterChainProxy$VirtualFilterChain.doFilter(FilterChainProxy.java:374) ~[spring-security-web-6.5.6.jar:6.5.6]
	at org.springframework.security.web.authentication.AnonymousAuthenticationFilter.doFilter(AnonymousAuthenticationFilter.java:100) ~[spring-security-web-6.5.6.jar:6.5.6]
	at org.springframework.security.web.FilterChainProxy$VirtualFilterChain.doFilter(FilterChainProxy.java:374) ~[spring-security-web-6.5.6.jar:6.5.6]
	at org.springframework.security.web.servletapi.SecurityContextHolderAwareRequestFilter.doFilter(SecurityContextHolderAwareRequestFilter.java:179) ~[spring-security-web-6.5.6.jar:6.5.6]
	at org.springframework.security.web.FilterChainProxy$VirtualFilterChain.doFilter(FilterChainProxy.java:374) ~[spring-security-web-6.5.6.jar:6.5.6]
	at org.springframework.security.web.savedrequest.RequestCacheAwareFilter.doFilter(RequestCacheAwareFilter.java:63) ~[spring-security-web-6.5.6.jar:6.5.6]
	at org.springframework.security.web.FilterChainProxy$VirtualFilterChain.doFilter(FilterChainProxy.java:374) ~[spring-security-web-6.5.6.jar:6.5.6]
	at com._Blog.mojebbari.config.JwtAuthenticationFilter.doFilterInternal(JwtAuthenticationFilter.java:79) ~[classes/:na]
	at org.springframework.web.filter.OncePerRequestFilter.doFilter(OncePerRequestFilter.java:116) ~[spring-web-6.2.12.jar:6.2.12]
	at org.springframework.security.web.FilterChainProxy$VirtualFilterChain.doFilter(FilterChainProxy.java:374) ~[spring-security-web-6.5.6.jar:6.5.6]
	at org.springframework.security.web.authentication.logout.LogoutFilter.doFilter(LogoutFilter.java:107) ~[spring-security-web-6.5.6.jar:6.5.6]
	at org.springframework.security.web.authentication.logout.LogoutFilter.doFilter(LogoutFilter.java:93) ~[spring-security-web-6.5.6.jar:6.5.6]
	at org.springframework.security.web.FilterChainProxy$VirtualFilterChain.doFilter(FilterChainProxy.java:374) ~[spring-security-web-6.5.6.jar:6.5.6]
	at org.springframework.web.filter.CorsFilter.doFilterInternal(CorsFilter.java:91) ~[spring-web-6.2.12.jar:6.2.12]
	at org.springframework.web.filter.OncePerRequestFilter.doFilter(OncePerRequestFilter.java:116) ~[spring-web-6.2.12.jar:6.2.12]
	at org.springframework.security.web.FilterChainProxy$VirtualFilterChain.doFilter(FilterChainProxy.java:374) ~[spring-security-web-6.5.6.jar:6.5.6]
	at org.springframework.security.web.header.HeaderWriterFilter.doHeadersAfter(HeaderWriterFilter.java:90) ~[spring-security-web-6.5.6.jar:6.5.6]
	at org.springframework.security.web.header.HeaderWriterFilter.doFilterInternal(HeaderWriterFilter.java:75) ~[spring-security-web-6.5.6.jar:6.5.6]
	at org.springframework.web.filter.OncePerRequestFilter.doFilter(OncePerRequestFilter.java:116) ~[spring-web-6.2.12.jar:6.2.12]
	at org.springframework.security.web.FilterChainProxy$VirtualFilterChain.doFilter(FilterChainProxy.java:374) ~[spring-security-web-6.5.6.jar:6.5.6]
	at org.springframework.security.web.context.SecurityContextHolderFilter.doFilter(SecurityContextHolderFilter.java:82) ~[spring-security-web-6.5.6.jar:6.5.6]
	at org.springframework.security.web.context.SecurityContextHolderFilter.doFilter(SecurityContextHolderFilter.java:69) ~[spring-security-web-6.5.6.jar:6.5.6]
	at org.springframework.security.web.FilterChainProxy$VirtualFilterChain.doFilter(FilterChainProxy.java:374) ~[spring-security-web-6.5.6.jar:6.5.6]
	at org.springframework.security.web.context.request.async.WebAsyncManagerIntegrationFilter.doFilterInternal(WebAsyncManagerIntegrationFilter.java:62) ~[spring-security-web-6.5.6.jar:6.5.6]
	at org.springframework.web.filter.OncePerRequestFilter.doFilter(OncePerRequestFilter.java:116) ~[spring-web-6.2.12.jar:6.2.12]
	at org.springframework.security.web.FilterChainProxy$VirtualFilterChain.doFilter(FilterChainProxy.java:374) ~[spring-security-web-6.5.6.jar:6.5.6]
	at org.springframework.security.web.session.DisableEncodeUrlFilter.doFilterInternal(DisableEncodeUrlFilter.java:42) ~[spring-security-web-6.5.6.jar:6.5.6]
	at org.springframework.web.filter.OncePerRequestFilter.doFilter(OncePerRequestFilter.java:116) ~[spring-web-6.2.12.jar:6.2.12]
	at org.springframework.security.web.FilterChainProxy$VirtualFilterChain.doFilter(FilterChainProxy.java:374) ~[spring-security-web-6.5.6.jar:6.5.6]
	at org.springframework.security.web.FilterChainProxy.doFilterInternal(FilterChainProxy.java:233) ~[spring-security-web-6.5.6.jar:6.5.6]
	at org.springframework.security.web.FilterChainProxy.doFilter(FilterChainProxy.java:191) ~[spring-security-web-6.5.6.jar:6.5.6]
	at org.springframework.web.filter.CompositeFilter$VirtualFilterChain.doFilter(CompositeFilter.java:113) ~[spring-web-6.2.12.jar:6.2.12]
	at org.springframework.web.filter.ServletRequestPathFilter.doFilter(ServletRequestPathFilter.java:52) ~[spring-web-6.2.12.jar:6.2.12]
	at org.springframework.web.filter.CompositeFilter$VirtualFilterChain.doFilter(CompositeFilter.java:113) ~[spring-web-6.2.12.jar:6.2.12]
	at org.springframework.web.filter.CompositeFilter.doFilter(CompositeFilter.java:74) ~[spring-web-6.2.12.jar:6.2.12]
	at org.springframework.security.config.annotation.web.configuration.WebSecurityConfiguration$CompositeFilterChainProxy.doFilter(WebSecurityConfiguration.java:319) ~[spring-security-config-6.5.6.jar:6.5.6]
	at org.springframework.web.filter.CompositeFilter$VirtualFilterChain.doFilter(CompositeFilter.java:113) ~[spring-web-6.2.12.jar:6.2.12]
	at org.springframework.web.servlet.handler.HandlerMappingIntrospector.lambda$createCacheFilter$4(HandlerMappingIntrospector.java:267) ~[spring-webmvc-6.2.12.jar:6.2.12]
	at org.springframework.web.filter.CompositeFilter$VirtualFilterChain.doFilter(CompositeFilter.java:113) ~[spring-web-6.2.12.jar:6.2.12]
	at org.springframework.web.filter.CompositeFilter.doFilter(CompositeFilter.java:74) ~[spring-web-6.2.12.jar:6.2.12]
	at org.springframework.security.config.annotation.web.configuration.WebMvcSecurityConfiguration$CompositeFilterChainProxy.doFilter(WebMvcSecurityConfiguration.java:240) ~[spring-security-config-6.5.6.jar:6.5.6]
	at org.springframework.web.filter.DelegatingFilterProxy.invokeDelegate(DelegatingFilterProxy.java:362) ~[spring-web-6.2.12.jar:6.2.12]
	at org.springframework.web.filter.DelegatingFilterProxy.doFilter(DelegatingFilterProxy.java:278) ~[spring-web-6.2.12.jar:6.2.12]
	at org.apache.catalina.core.ApplicationFilterChain.internalDoFilter(ApplicationFilterChain.java:162) ~[tomcat-embed-core-10.1.48.jar:10.1.48]
	at org.apache.catalina.core.ApplicationFilterChain.doFilter(ApplicationFilterChain.java:138) ~[tomcat-embed-core-10.1.48.jar:10.1.48]
	at org.springframework.web.filter.RequestContextFilter.doFilterInternal(RequestContextFilter.java:100) ~[spring-web-6.2.12.jar:6.2.12]
	at org.springframework.web.filter.OncePerRequestFilter.doFilter(OncePerRequestFilter.java:116) ~[spring-web-6.2.12.jar:6.2.12]
	at org.apache.catalina.core.ApplicationFilterChain.internalDoFilter(ApplicationFilterChain.java:162) ~[tomcat-embed-core-10.1.48.jar:10.1.48]
	at org.apache.catalina.core.ApplicationFilterChain.doFilter(ApplicationFilterChain.java:138) ~[tomcat-embed-core-10.1.48.jar:10.1.48]
	at org.springframework.web.filter.FormContentFilter.doFilterInternal(FormContentFilter.java:93) ~[spring-web-6.2.12.jar:6.2.12]
	at org.springframework.web.filter.OncePerRequestFilter.doFilter(OncePerRequestFilter.java:116) ~[spring-web-6.2.12.jar:6.2.12]
	at org.apache.catalina.core.ApplicationFilterChain.internalDoFilter(ApplicationFilterChain.java:162) ~[tomcat-embed-core-10.1.48.jar:10.1.48]
	at org.apache.catalina.core.ApplicationFilterChain.doFilter(ApplicationFilterChain.java:138) ~[tomcat-embed-core-10.1.48.jar:10.1.48]
	at org.springframework.web.filter.CharacterEncodingFilter.doFilterInternal(CharacterEncodingFilter.java:201) ~[spring-web-6.2.12.jar:6.2.12]
	at org.springframework.web.filter.OncePerRequestFilter.doFilter(OncePerRequestFilter.java:116) ~[spring-web-6.2.12.jar:6.2.12]
	at org.apache.catalina.core.ApplicationFilterChain.internalDoFilter(ApplicationFilterChain.java:162) ~[tomcat-embed-core-10.1.48.jar:10.1.48]
	at org.apache.catalina.core.ApplicationFilterChain.doFilter(ApplicationFilterChain.java:138) ~[tomcat-embed-core-10.1.48.jar:10.1.48]
	at org.apache.catalina.core.StandardWrapperValve.invoke(StandardWrapperValve.java:165) ~[tomcat-embed-core-10.1.48.jar:10.1.48]
	at org.apache.catalina.core.StandardContextValve.invoke(StandardContextValve.java:88) ~[tomcat-embed-core-10.1.48.jar:10.1.48]
	at org.apache.catalina.authenticator.AuthenticatorBase.invoke(AuthenticatorBase.java:482) ~[tomcat-embed-core-10.1.48.jar:10.1.48]
	at org.apache.catalina.core.StandardHostValve.invoke(StandardHostValve.java:113) ~[tomcat-embed-core-10.1.48.jar:10.1.48]
	at org.apache.catalina.valves.ErrorReportValve.invoke(ErrorReportValve.java:83) ~[tomcat-embed-core-10.1.48.jar:10.1.48]
	at org.apache.catalina.core.StandardEngineValve.invoke(StandardEngineValve.java:72) ~[tomcat-embed-core-10.1.48.jar:10.1.48]
	at org.apache.catalina.connector.CoyoteAdapter.service(CoyoteAdapter.java:342) ~[tomcat-embed-core-10.1.48.jar:10.1.48]
	at org.apache.coyote.http11.Http11Processor.service(Http11Processor.java:399) ~[tomcat-embed-core-10.1.48.jar:10.1.48]
	at org.apache.coyote.AbstractProcessorLight.process(AbstractProcessorLight.java:63) ~[tomcat-embed-core-10.1.48.jar:10.1.48]
	at org.apache.coyote.AbstractProtocol$ConnectionHandler.process(AbstractProtocol.java:903) ~[tomcat-embed-core-10.1.48.jar:10.1.48]
	at org.apache.tomcat.util.net.NioEndpoint$SocketProcessor.doRun(NioEndpoint.java:1774) ~[tomcat-embed-core-10.1.48.jar:10.1.48]
	at org.apache.tomcat.util.net.SocketProcessorBase.run(SocketProcessorBase.java:52) ~[tomcat-embed-core-10.1.48.jar:10.1.48]
	at org.apache.tomcat.util.threads.ThreadPoolExecutor.runWorker(ThreadPoolExecutor.java:973) ~[tomcat-embed-core-10.1.48.jar:10.1.48]
	at org.apache.tomcat.util.threads.ThreadPoolExecutor$Worker.run(ThreadPoolExecutor.java:491) ~[tomcat-embed-core-10.1.48.jar:10.1.48]
	at org.apache.tomcat.util.threads.TaskThread$WrappingRunnable.run(TaskThread.java:63) ~[tomcat-embed-core-10.1.48.jar:10.1.48]
	at java.base/java.lang.Thread.run(Thread.java:1474) ~[na:na]
Caused by: org.hibernate.exception.ConstraintViolationException: could not execute statement [ERROR: new row for relation "notifications" violates check constraint "notifications_type_check"
  Detail: Failing row contains (21, 2026-01-17 22:15:58.170951, f, Your report about a post has been resolved by admin, REPORT_REVIEWED, 6, null, null, 22).] [insert into notifications (actor_id,comment_id,created_at,is_read,message,post_id,recipient_id,type) values (?,?,?,?,?,?,?,?)]
	at org.hibernate.exception.internal.SQLStateConversionDelegate.convert(SQLStateConversionDelegate.java:97) ~[hibernate-core-6.6.33.Final.jar:6.6.33.Final]
	at org.hibernate.exception.internal.StandardSQLExceptionConverter.convert(StandardSQLExceptionConverter.java:58) ~[hibernate-core-6.6.33.Final.jar:6.6.33.Final]
	at org.hibernate.engine.jdbc.spi.SqlExceptionHelper.convert(SqlExceptionHelper.java:108) ~[hibernate-core-6.6.33.Final.jar:6.6.33.Final]
	at org.hibernate.engine.jdbc.internal.ResultSetReturnImpl.executeUpdate(ResultSetReturnImpl.java:197) ~[hibernate-core-6.6.33.Final.jar:6.6.33.Final]
	at org.hibernate.id.insert.GetGeneratedKeysDelegate.performMutation(GetGeneratedKeysDelegate.java:116) ~[hibernate-core-6.6.33.Final.jar:6.6.33.Final]
	at org.hibernate.engine.jdbc.mutation.internal.MutationExecutorSingleNonBatched.performNonBatchedOperations(MutationExecutorSingleNonBatched.java:47) ~[hibernate-core-6.6.33.Final.jar:6.6.33.Final]
	at org.hibernate.engine.jdbc.mutation.internal.AbstractMutationExecutor.execute(AbstractMutationExecutor.java:55) ~[hibernate-core-6.6.33.Final.jar:6.6.33.Final]
	at org.hibernate.persister.entity.mutation.InsertCoordinatorStandard.doStaticInserts(InsertCoordinatorStandard.java:194) ~[hibernate-core-6.6.33.Final.jar:6.6.33.Final]
	at org.hibernate.persister.entity.mutation.InsertCoordinatorStandard.coordinateInsert(InsertCoordinatorStandard.java:132) ~[hibernate-core-6.6.33.Final.jar:6.6.33.Final]
	at org.hibernate.persister.entity.mutation.InsertCoordinatorStandard.insert(InsertCoordinatorStandard.java:95) ~[hibernate-core-6.6.33.Final.jar:6.6.33.Final]
	at org.hibernate.action.internal.EntityIdentityInsertAction.execute(EntityIdentityInsertAction.java:85) ~[hibernate-core-6.6.33.Final.jar:6.6.33.Final]
	at org.hibernate.engine.spi.ActionQueue.execute(ActionQueue.java:682) ~[hibernate-core-6.6.33.Final.jar:6.6.33.Final]
	at org.hibernate.engine.spi.ActionQueue.addResolvedEntityInsertAction(ActionQueue.java:293) ~[hibernate-core-6.6.33.Final.jar:6.6.33.Final]
	at org.hibernate.engine.spi.ActionQueue.addInsertAction(ActionQueue.java:274) ~[hibernate-core-6.6.33.Final.jar:6.6.33.Final]
	at org.hibernate.engine.spi.ActionQueue.addAction(ActionQueue.java:324) ~[hibernate-core-6.6.33.Final.jar:6.6.33.Final]
	at org.hibernate.event.internal.AbstractSaveEventListener.addInsertAction(AbstractSaveEventListener.java:394) ~[hibernate-core-6.6.33.Final.jar:6.6.33.Final]
	at org.hibernate.event.internal.AbstractSaveEventListener.performSaveOrReplicate(AbstractSaveEventListener.java:308) ~[hibernate-core-6.6.33.Final.jar:6.6.33.Final]
	at org.hibernate.event.internal.AbstractSaveEventListener.performSave(AbstractSaveEventListener.java:224) ~[hibernate-core-6.6.33.Final.jar:6.6.33.Final]
	at org.hibernate.event.internal.AbstractSaveEventListener.saveWithGeneratedId(AbstractSaveEventListener.java:136) ~[hibernate-core-6.6.33.Final.jar:6.6.33.Final]
	at org.hibernate.event.internal.DefaultPersistEventListener.entityIsTransient(DefaultPersistEventListener.java:177) ~[hibernate-core-6.6.33.Final.jar:6.6.33.Final]
	at org.hibernate.event.internal.DefaultPersistEventListener.persist(DefaultPersistEventListener.java:95) ~[hibernate-core-6.6.33.Final.jar:6.6.33.Final]
	at org.hibernate.event.internal.DefaultPersistEventListener.onPersist(DefaultPersistEventListener.java:79) ~[hibernate-core-6.6.33.Final.jar:6.6.33.Final]
	at org.hibernate.event.internal.DefaultPersistEventListener.onPersist(DefaultPersistEventListener.java:55) ~[hibernate-core-6.6.33.Final.jar:6.6.33.Final]
	at org.hibernate.event.service.internal.EventListenerGroupImpl.fireEventOnEachListener(EventListenerGroupImpl.java:127) ~[hibernate-core-6.6.33.Final.jar:6.6.33.Final]
	at org.hibernate.internal.SessionImpl.firePersist(SessionImpl.java:761) ~[hibernate-core-6.6.33.Final.jar:6.6.33.Final]
	at org.hibernate.internal.SessionImpl.persist(SessionImpl.java:745) ~[hibernate-core-6.6.33.Final.jar:6.6.33.Final]
	at java.base/jdk.internal.reflect.DirectMethodHandleAccessor.invoke(DirectMethodHandleAccessor.java:104) ~[na:na]
	at java.base/java.lang.reflect.Method.invoke(Method.java:565) ~[na:na]
	at org.springframework.orm.jpa.ExtendedEntityManagerCreator$ExtendedEntityManagerInvocationHandler.invoke(ExtendedEntityManagerCreator.java:364) ~[spring-orm-6.2.12.jar:6.2.12]
	at jdk.proxy12/jdk.proxy12.$Proxy206.persist(Unknown Source) ~[na:na]
	at java.base/jdk.internal.reflect.DirectMethodHandleAccessor.invoke(DirectMethodHandleAccessor.java:104) ~[na:na]
	at java.base/java.lang.reflect.Method.invoke(Method.java:565) ~[na:na]
	at org.springframework.orm.jpa.SharedEntityManagerCreator$SharedEntityManagerInvocationHandler.invoke(SharedEntityManagerCreator.java:320) ~[spring-orm-6.2.12.jar:6.2.12]
	at jdk.proxy12/jdk.proxy12.$Proxy206.persist(Unknown Source) ~[na:na]
	at org.springframework.data.jpa.repository.support.SimpleJpaRepository.save(SimpleJpaRepository.java:654) ~[spring-data-jpa-3.5.5.jar:3.5.5]
	at java.base/jdk.internal.reflect.DirectMethodHandleAccessor.invoke(DirectMethodHandleAccessor.java:104) ~[na:na]
	at java.base/java.lang.reflect.Method.invoke(Method.java:565) ~[na:na]
	at org.springframework.aop.support.AopUtils.invokeJoinpointUsingReflection(AopUtils.java:360) ~[spring-aop-6.2.12.jar:6.2.12]
	at org.springframework.data.repository.core.support.RepositoryMethodInvoker$RepositoryFragmentMethodInvoker.lambda$new$0(RepositoryMethodInvoker.java:277) ~[spring-data-commons-3.5.5.jar:3.5.5]
	at org.springframework.data.repository.core.support.RepositoryMethodInvoker.doInvoke(RepositoryMethodInvoker.java:170) ~[spring-data-commons-3.5.5.jar:3.5.5]
	at org.springframework.data.repository.core.support.RepositoryMethodInvoker.invoke(RepositoryMethodInvoker.java:158) ~[spring-data-commons-3.5.5.jar:3.5.5]
	at org.springframework.data.repository.core.support.RepositoryComposition$RepositoryFragments.invoke(RepositoryComposition.java:515) ~[spring-data-commons-3.5.5.jar:3.5.5]
	at org.springframework.data.repository.core.support.RepositoryComposition.invoke(RepositoryComposition.java:284) ~[spring-data-commons-3.5.5.jar:3.5.5]
	at org.springframework.data.repository.core.support.RepositoryFactorySupport$ImplementationMethodExecutionInterceptor.invoke(RepositoryFactorySupport.java:734) ~[spring-data-commons-3.5.5.jar:3.5.5]
	at org.springframework.aop.framework.ReflectiveMethodInvocation.proceed(ReflectiveMethodInvocation.java:184) ~[spring-aop-6.2.12.jar:6.2.12]
	at org.springframework.data.repository.core.support.QueryExecutorMethodInterceptor.doInvoke(QueryExecutorMethodInterceptor.java:174) ~[spring-data-commons-3.5.5.jar:3.5.5]
	at org.springframework.data.repository.core.support.QueryExecutorMethodInterceptor.invoke(QueryExecutorMethodInterceptor.java:149) ~[spring-data-commons-3.5.5.jar:3.5.5]
	at org.springframework.aop.framework.ReflectiveMethodInvocation.proceed(ReflectiveMethodInvocation.java:184) ~[spring-aop-6.2.12.jar:6.2.12]
	at org.springframework.data.projection.DefaultMethodInvokingMethodInterceptor.invoke(DefaultMethodInvokingMethodInterceptor.java:69) ~[spring-data-commons-3.5.5.jar:3.5.5]
	at org.springframework.aop.framework.ReflectiveMethodInvocation.proceed(ReflectiveMethodInvocation.java:184) ~[spring-aop-6.2.12.jar:6.2.12]
	at org.springframework.transaction.interceptor.TransactionAspectSupport.invokeWithinTransaction(TransactionAspectSupport.java:380) ~[spring-tx-6.2.12.jar:6.2.12]
	at org.springframework.transaction.interceptor.TransactionInterceptor.invoke(TransactionInterceptor.java:119) ~[spring-tx-6.2.12.jar:6.2.12]
	at org.springframework.aop.framework.ReflectiveMethodInvocation.proceed(ReflectiveMethodInvocation.java:184) ~[spring-aop-6.2.12.jar:6.2.12]
	at org.springframework.dao.support.PersistenceExceptionTranslationInterceptor.invoke(PersistenceExceptionTranslationInterceptor.java:138) ~[spring-tx-6.2.12.jar:6.2.12]
	... 148 common frames omitted
Caused by: org.postgresql.util.PSQLException: ERROR: new row for relation "notifications" violates check constraint "notifications_type_check"
  Detail: Failing row contains (21, 2026-01-17 22:15:58.170951, f, Your report about a post has been resolved by admin, REPORT_REVIEWED, 6, null, null, 22).
	at org.postgresql.core.v3.QueryExecutorImpl.receiveErrorResponse(QueryExecutorImpl.java:2736) ~[postgresql-42.7.8.jar:42.7.8]
	at org.postgresql.core.v3.QueryExecutorImpl.processResults(QueryExecutorImpl.java:2421) ~[postgresql-42.7.8.jar:42.7.8]
	at org.postgresql.core.v3.QueryExecutorImpl.execute(QueryExecutorImpl.java:372) ~[postgresql-42.7.8.jar:42.7.8]
	at org.postgresql.jdbc.PgStatement.executeInternal(PgStatement.java:525) ~[postgresql-42.7.8.jar:42.7.8]
	at org.postgresql.jdbc.PgStatement.execute(PgStatement.java:435) ~[postgresql-42.7.8.jar:42.7.8]
	at org.postgresql.jdbc.PgPreparedStatement.executeWithFlags(PgPreparedStatement.java:196) ~[postgresql-42.7.8.jar:42.7.8]
	at org.postgresql.jdbc.PgPreparedStatement.executeUpdate(PgPreparedStatement.java:157) ~[postgresql-42.7.8.jar:42.7.8]
	at com.zaxxer.hikari.pool.ProxyPreparedStatement.executeUpdate(ProxyPreparedStatement.java:61) ~[HikariCP-6.3.3.jar:na]
	at com.zaxxer.hikari.pool.HikariProxyPreparedStatement.executeUpdate(HikariProxyPreparedStatement.java) ~[HikariCP-6.3.3.jar:na]
	at org.hibernate.engine.jdbc.internal.ResultSetReturnImpl.executeUpdate(ResultSetReturnImpl.java:194) ~[hibernate-core-6.6.33.Final.jar:6.6.33.Final]
	... 198 common frames omitted

Hibernate: 
    select
        p1_0.id,
        p1_0.category,
        p1_0.content,
        p1_0.created_at,
        p1_0.media_url,
        p1_0.title,
        p1_0.user_id 
    from
        posts p1_0 
    where
        p1_0.id=?
2026-01-17T22:15:58.176+01:00  WARN 52678 --- [mojebbari] [nio-8080-exec-2] o.h.engine.jdbc.spi.SqlExceptionHelper   : SQL Error: 0, SQLState: 25P02
2026-01-17T22:15:58.176+01:00 ERROR 52678 --- [mojebbari] [nio-8080-exec-2] o.h.engine.jdbc.spi.SqlExceptionHelper   : ERROR: current transaction is aborted, commands ignored until end of transaction block
2026-01-17T22:15:58.176+01:00  INFO 52678 --- [mojebbari] [nio-8080-exec-2] o.h.e.internal.DefaultLoadEventListener  : HHH000327: Error performing load command

org.hibernate.exception.GenericJDBCException: JDBC exception executing SQL [select p1_0.id,p1_0.category,p1_0.content,p1_0.created_at,p1_0.media_url,p1_0.title,p1_0.user_id from posts p1_0 where p1_0.id=?] [ERROR: current transaction is aborted, commands ignored until end of transaction block] [n/a]
	at org.hibernate.exception.internal.StandardSQLExceptionConverter.convert(StandardSQLExceptionConverter.java:63) ~[hibernate-core-6.6.33.Final.jar:6.6.33.Final]
	at org.hibernate.engine.jdbc.spi.SqlExceptionHelper.convert(SqlExceptionHelper.java:108) ~[hibernate-core-6.6.33.Final.jar:6.6.33.Final]
	at org.hibernate.engine.jdbc.spi.SqlExceptionHelper.convert(SqlExceptionHelper.java:94) ~[hibernate-core-6.6.33.Final.jar:6.6.33.Final]
	at org.hibernate.sql.results.jdbc.internal.DeferredResultSetAccess.executeQuery(DeferredResultSetAccess.java:269) ~[hibernate-core-6.6.33.Final.jar:6.6.33.Final]
	at org.hibernate.sql.results.jdbc.internal.DeferredResultSetAccess.getResultSet(DeferredResultSetAccess.java:172) ~[hibernate-core-6.6.33.Final.jar:6.6.33.Final]
	at org.hibernate.sql.results.jdbc.internal.JdbcValuesResultSetImpl.<init>(JdbcValuesResultSetImpl.java:74) ~[hibernate-core-6.6.33.Final.jar:6.6.33.Final]
	at org.hibernate.sql.exec.internal.JdbcSelectExecutorStandardImpl.resolveJdbcValuesSource(JdbcSelectExecutorStandardImpl.java:355) ~[hibernate-core-6.6.33.Final.jar:6.6.33.Final]
	at org.hibernate.sql.exec.internal.JdbcSelectExecutorStandardImpl.doExecuteQuery(JdbcSelectExecutorStandardImpl.java:137) ~[hibernate-core-6.6.33.Final.jar:6.6.33.Final]
	at org.hibernate.sql.exec.internal.JdbcSelectExecutorStandardImpl.executeQuery(JdbcSelectExecutorStandardImpl.java:102) ~[hibernate-core-6.6.33.Final.jar:6.6.33.Final]
	at org.hibernate.sql.exec.spi.JdbcSelectExecutor.executeQuery(JdbcSelectExecutor.java:91) ~[hibernate-core-6.6.33.Final.jar:6.6.33.Final]
	at org.hibernate.sql.exec.spi.JdbcSelectExecutor.list(JdbcSelectExecutor.java:165) ~[hibernate-core-6.6.33.Final.jar:6.6.33.Final]
	at org.hibernate.loader.ast.internal.SingleIdLoadPlan.load(SingleIdLoadPlan.java:145) ~[hibernate-core-6.6.33.Final.jar:6.6.33.Final]
	at org.hibernate.loader.ast.internal.SingleIdLoadPlan.load(SingleIdLoadPlan.java:117) ~[hibernate-core-6.6.33.Final.jar:6.6.33.Final]
	at org.hibernate.loader.ast.internal.SingleIdEntityLoaderStandardImpl.load(SingleIdEntityLoaderStandardImpl.java:74) ~[hibernate-core-6.6.33.Final.jar:6.6.33.Final]
	at org.hibernate.persister.entity.AbstractEntityPersister.doLoad(AbstractEntityPersister.java:3908) ~[hibernate-core-6.6.33.Final.jar:6.6.33.Final]
	at org.hibernate.persister.entity.AbstractEntityPersister.load(AbstractEntityPersister.java:3897) ~[hibernate-core-6.6.33.Final.jar:6.6.33.Final]
	at org.hibernate.event.internal.DefaultLoadEventListener.loadFromDatasource(DefaultLoadEventListener.java:604) ~[hibernate-core-6.6.33.Final.jar:6.6.33.Final]
	at org.hibernate.event.internal.DefaultLoadEventListener.loadFromCacheOrDatasource(DefaultLoadEventListener.java:590) ~[hibernate-core-6.6.33.Final.jar:6.6.33.Final]
	at org.hibernate.event.internal.DefaultLoadEventListener.load(DefaultLoadEventListener.java:560) ~[hibernate-core-6.6.33.Final.jar:6.6.33.Final]
	at org.hibernate.event.internal.DefaultLoadEventListener.doLoad(DefaultLoadEventListener.java:544) ~[hibernate-core-6.6.33.Final.jar:6.6.33.Final]
	at org.hibernate.event.internal.DefaultLoadEventListener.load(DefaultLoadEventListener.java:206) ~[hibernate-core-6.6.33.Final.jar:6.6.33.Final]
	at org.hibernate.event.internal.DefaultLoadEventListener.doOnLoad(DefaultLoadEventListener.java:105) ~[hibernate-core-6.6.33.Final.jar:6.6.33.Final]
	at org.hibernate.event.internal.DefaultLoadEventListener.onLoad(DefaultLoadEventListener.java:69) ~[hibernate-core-6.6.33.Final.jar:6.6.33.Final]
	at org.hibernate.event.service.internal.EventListenerGroupImpl.fireEventOnEachListener(EventListenerGroupImpl.java:138) ~[hibernate-core-6.6.33.Final.jar:6.6.33.Final]
	at org.hibernate.internal.SessionImpl.fireLoadNoChecks(SessionImpl.java:1229) ~[hibernate-core-6.6.33.Final.jar:6.6.33.Final]
	at org.hibernate.internal.SessionImpl.immediateLoad(SessionImpl.java:1048) ~[hibernate-core-6.6.33.Final.jar:6.6.33.Final]
	at org.hibernate.proxy.AbstractLazyInitializer.initialize(AbstractLazyInitializer.java:186) ~[hibernate-core-6.6.33.Final.jar:6.6.33.Final]
	at org.hibernate.proxy.AbstractLazyInitializer.getImplementation(AbstractLazyInitializer.java:328) ~[hibernate-core-6.6.33.Final.jar:6.6.33.Final]
	at org.hibernate.proxy.pojo.bytebuddy.ByteBuddyInterceptor.intercept(ByteBuddyInterceptor.java:44) ~[hibernate-core-6.6.33.Final.jar:6.6.33.Final]
	at org.hibernate.proxy.ProxyConfiguration$InterceptorDispatcher.intercept(ProxyConfiguration.java:102) ~[hibernate-core-6.6.33.Final.jar:6.6.33.Final]
	at com._Blog.mojebbari.models.Post$HibernateProxy.getContent(Unknown Source) ~[classes/:na]
	at com._Blog.mojebbari.services.ReportService.mapToResponse(ReportService.java:274) ~[classes/:na]
	at com._Blog.mojebbari.services.ReportService.updateReportStatus(ReportService.java:197) ~[classes/:na]
	at java.base/jdk.internal.reflect.DirectMethodHandleAccessor.invoke(DirectMethodHandleAccessor.java:104) ~[na:na]
	at java.base/java.lang.reflect.Method.invoke(Method.java:565) ~[na:na]
	at org.springframework.aop.support.AopUtils.invokeJoinpointUsingReflection(AopUtils.java:360) ~[spring-aop-6.2.12.jar:6.2.12]
	at org.springframework.aop.framework.ReflectiveMethodInvocation.invokeJoinpoint(ReflectiveMethodInvocation.java:196) ~[spring-aop-6.2.12.jar:6.2.12]
	at org.springframework.aop.framework.ReflectiveMethodInvocation.proceed(ReflectiveMethodInvocation.java:163) ~[spring-aop-6.2.12.jar:6.2.12]
	at org.springframework.transaction.interceptor.TransactionAspectSupport.invokeWithinTransaction(TransactionAspectSupport.java:380) ~[spring-tx-6.2.12.jar:6.2.12]
	at org.springframework.transaction.interceptor.TransactionInterceptor.invoke(TransactionInterceptor.java:119) ~[spring-tx-6.2.12.jar:6.2.12]
	at org.springframework.aop.framework.ReflectiveMethodInvocation.proceed(ReflectiveMethodInvocation.java:184) ~[spring-aop-6.2.12.jar:6.2.12]
	at org.springframework.aop.framework.CglibAopProxy$DynamicAdvisedInterceptor.intercept(CglibAopProxy.java:728) ~[spring-aop-6.2.12.jar:6.2.12]
	at com._Blog.mojebbari.services.ReportService$$SpringCGLIB$$0.updateReportStatus(<generated>) ~[classes/:na]
	at com._Blog.mojebbari.controllers.ReportController.updateReportStatus(ReportController.java:148) ~[classes/:na]
	at java.base/jdk.internal.reflect.DirectMethodHandleAccessor.invoke(DirectMethodHandleAccessor.java:104) ~[na:na]
	at java.base/java.lang.reflect.Method.invoke(Method.java:565) ~[na:na]
	at org.springframework.aop.support.AopUtils.invokeJoinpointUsingReflection(AopUtils.java:360) ~[spring-aop-6.2.12.jar:6.2.12]
	at org.springframework.aop.framework.ReflectiveMethodInvocation.invokeJoinpoint(ReflectiveMethodInvocation.java:196) ~[spring-aop-6.2.12.jar:6.2.12]
	at org.springframework.aop.framework.ReflectiveMethodInvocation.proceed(ReflectiveMethodInvocation.java:163) ~[spring-aop-6.2.12.jar:6.2.12]
	at org.springframework.security.authorization.method.AuthorizationManagerBeforeMethodInterceptor.proceed(AuthorizationManagerBeforeMethodInterceptor.java:268) ~[spring-security-core-6.5.6.jar:6.5.6]
	at org.springframework.security.authorization.method.AuthorizationManagerBeforeMethodInterceptor.attemptAuthorization(AuthorizationManagerBeforeMethodInterceptor.java:263) ~[spring-security-core-6.5.6.jar:6.5.6]
	at org.springframework.security.authorization.method.AuthorizationManagerBeforeMethodInterceptor.invoke(AuthorizationManagerBeforeMethodInterceptor.java:196) ~[spring-security-core-6.5.6.jar:6.5.6]
	at org.springframework.security.config.annotation.method.configuration.DeferringMethodInterceptor.invoke(DeferringMethodInterceptor.java:44) ~[spring-security-config-6.5.6.jar:6.5.6]
	at org.springframework.aop.framework.ReflectiveMethodInvocation.proceed(ReflectiveMethodInvocation.java:184) ~[spring-aop-6.2.12.jar:6.2.12]
	at org.springframework.aop.framework.CglibAopProxy$DynamicAdvisedInterceptor.intercept(CglibAopProxy.java:728) ~[spring-aop-6.2.12.jar:6.2.12]
	at com._Blog.mojebbari.controllers.ReportController$$SpringCGLIB$$0.updateReportStatus(<generated>) ~[classes/:na]
	at java.base/jdk.internal.reflect.DirectMethodHandleAccessor.invoke(DirectMethodHandleAccessor.java:104) ~[na:na]
	at java.base/java.lang.reflect.Method.invoke(Method.java:565) ~[na:na]
	at org.springframework.web.method.support.InvocableHandlerMethod.doInvoke(InvocableHandlerMethod.java:258) ~[spring-web-6.2.12.jar:6.2.12]
	at org.springframework.web.method.support.InvocableHandlerMethod.invokeForRequest(InvocableHandlerMethod.java:191) ~[spring-web-6.2.12.jar:6.2.12]
	at org.springframework.web.servlet.mvc.method.annotation.ServletInvocableHandlerMethod.invokeAndHandle(ServletInvocableHandlerMethod.java:118) ~[spring-webmvc-6.2.12.jar:6.2.12]
	at org.springframework.web.servlet.mvc.method.annotation.RequestMappingHandlerAdapter.invokeHandlerMethod(RequestMappingHandlerAdapter.java:991) ~[spring-webmvc-6.2.12.jar:6.2.12]
	at org.springframework.web.servlet.mvc.method.annotation.RequestMappingHandlerAdapter.handleInternal(RequestMappingHandlerAdapter.java:896) ~[spring-webmvc-6.2.12.jar:6.2.12]
	at org.springframework.web.servlet.mvc.method.AbstractHandlerMethodAdapter.handle(AbstractHandlerMethodAdapter.java:87) ~[spring-webmvc-6.2.12.jar:6.2.12]
	at org.springframework.web.servlet.DispatcherServlet.doDispatch(DispatcherServlet.java:1089) ~[spring-webmvc-6.2.12.jar:6.2.12]
	at org.springframework.web.servlet.DispatcherServlet.doService(DispatcherServlet.java:979) ~[spring-webmvc-6.2.12.jar:6.2.12]
	at org.springframework.web.servlet.FrameworkServlet.processRequest(FrameworkServlet.java:1014) ~[spring-webmvc-6.2.12.jar:6.2.12]
	at org.springframework.web.servlet.FrameworkServlet.doPut(FrameworkServlet.java:925) ~[spring-webmvc-6.2.12.jar:6.2.12]
	at jakarta.servlet.http.HttpServlet.service(HttpServlet.java:593) ~[tomcat-embed-core-10.1.48.jar:6.0]
	at org.springframework.web.servlet.FrameworkServlet.service(FrameworkServlet.java:885) ~[spring-webmvc-6.2.12.jar:6.2.12]
	at jakarta.servlet.http.HttpServlet.service(HttpServlet.java:658) ~[tomcat-embed-core-10.1.48.jar:6.0]
	at org.apache.catalina.core.ApplicationFilterChain.internalDoFilter(ApplicationFilterChain.java:193) ~[tomcat-embed-core-10.1.48.jar:10.1.48]
	at org.apache.catalina.core.ApplicationFilterChain.doFilter(ApplicationFilterChain.java:138) ~[tomcat-embed-core-10.1.48.jar:10.1.48]
	at org.apache.tomcat.websocket.server.WsFilter.doFilter(WsFilter.java:51) ~[tomcat-embed-websocket-10.1.48.jar:10.1.48]
	at org.apache.catalina.core.ApplicationFilterChain.internalDoFilter(ApplicationFilterChain.java:162) ~[tomcat-embed-core-10.1.48.jar:10.1.48]
	at org.apache.catalina.core.ApplicationFilterChain.doFilter(ApplicationFilterChain.java:138) ~[tomcat-embed-core-10.1.48.jar:10.1.48]
	at org.springframework.web.filter.OncePerRequestFilter.doFilter(OncePerRequestFilter.java:110) ~[spring-web-6.2.12.jar:6.2.12]
	at org.apache.catalina.core.ApplicationFilterChain.internalDoFilter(ApplicationFilterChain.java:162) ~[tomcat-embed-core-10.1.48.jar:10.1.48]
	at org.apache.catalina.core.ApplicationFilterChain.doFilter(ApplicationFilterChain.java:138) ~[tomcat-embed-core-10.1.48.jar:10.1.48]
	at org.springframework.web.filter.CompositeFilter$VirtualFilterChain.doFilter(CompositeFilter.java:108) ~[spring-web-6.2.12.jar:6.2.12]
	at org.springframework.web.filter.CompositeFilter$VirtualFilterChain.doFilter(CompositeFilter.java:108) ~[spring-web-6.2.12.jar:6.2.12]
	at org.springframework.security.web.FilterChainProxy.lambda$doFilterInternal$3(FilterChainProxy.java:231) ~[spring-security-web-6.5.6.jar:6.5.6]
	at org.springframework.security.web.FilterChainProxy$VirtualFilterChain.doFilter(FilterChainProxy.java:365) ~[spring-security-web-6.5.6.jar:6.5.6]
	at org.springframework.security.web.access.intercept.AuthorizationFilter.doFilter(AuthorizationFilter.java:101) ~[spring-security-web-6.5.6.jar:6.5.6]
	at org.springframework.security.web.FilterChainProxy$VirtualFilterChain.doFilter(FilterChainProxy.java:374) ~[spring-security-web-6.5.6.jar:6.5.6]
	at org.springframework.security.web.access.ExceptionTranslationFilter.doFilter(ExceptionTranslationFilter.java:125) ~[spring-security-web-6.5.6.jar:6.5.6]
	at org.springframework.security.web.access.ExceptionTranslationFilter.doFilter(ExceptionTranslationFilter.java:119) ~[spring-security-web-6.5.6.jar:6.5.6]
	at org.springframework.security.web.FilterChainProxy$VirtualFilterChain.doFilter(FilterChainProxy.java:374) ~[spring-security-web-6.5.6.jar:6.5.6]
	at org.springframework.security.web.session.SessionManagementFilter.doFilter(SessionManagementFilter.java:131) ~[spring-security-web-6.5.6.jar:6.5.6]
	at org.springframework.security.web.session.SessionManagementFilter.doFilter(SessionManagementFilter.java:85) ~[spring-security-web-6.5.6.jar:6.5.6]
	at org.springframework.security.web.FilterChainProxy$VirtualFilterChain.doFilter(FilterChainProxy.java:374) ~[spring-security-web-6.5.6.jar:6.5.6]
	at org.springframework.security.web.authentication.AnonymousAuthenticationFilter.doFilter(AnonymousAuthenticationFilter.java:100) ~[spring-security-web-6.5.6.jar:6.5.6]
	at org.springframework.security.web.FilterChainProxy$VirtualFilterChain.doFilter(FilterChainProxy.java:374) ~[spring-security-web-6.5.6.jar:6.5.6]
	at org.springframework.security.web.servletapi.SecurityContextHolderAwareRequestFilter.doFilter(SecurityContextHolderAwareRequestFilter.java:179) ~[spring-security-web-6.5.6.jar:6.5.6]
	at org.springframework.security.web.FilterChainProxy$VirtualFilterChain.doFilter(FilterChainProxy.java:374) ~[spring-security-web-6.5.6.jar:6.5.6]
	at org.springframework.security.web.savedrequest.RequestCacheAwareFilter.doFilter(RequestCacheAwareFilter.java:63) ~[spring-security-web-6.5.6.jar:6.5.6]
	at org.springframework.security.web.FilterChainProxy$VirtualFilterChain.doFilter(FilterChainProxy.java:374) ~[spring-security-web-6.5.6.jar:6.5.6]
	at com._Blog.mojebbari.config.JwtAuthenticationFilter.doFilterInternal(JwtAuthenticationFilter.java:79) ~[classes/:na]
	at org.springframework.web.filter.OncePerRequestFilter.doFilter(OncePerRequestFilter.java:116) ~[spring-web-6.2.12.jar:6.2.12]
	at org.springframework.security.web.FilterChainProxy$VirtualFilterChain.doFilter(FilterChainProxy.java:374) ~[spring-security-web-6.5.6.jar:6.5.6]
	at org.springframework.security.web.authentication.logout.LogoutFilter.doFilter(LogoutFilter.java:107) ~[spring-security-web-6.5.6.jar:6.5.6]
	at org.springframework.security.web.authentication.logout.LogoutFilter.doFilter(LogoutFilter.java:93) ~[spring-security-web-6.5.6.jar:6.5.6]
	at org.springframework.security.web.FilterChainProxy$VirtualFilterChain.doFilter(FilterChainProxy.java:374) ~[spring-security-web-6.5.6.jar:6.5.6]
	at org.springframework.web.filter.CorsFilter.doFilterInternal(CorsFilter.java:91) ~[spring-web-6.2.12.jar:6.2.12]
	at org.springframework.web.filter.OncePerRequestFilter.doFilter(OncePerRequestFilter.java:116) ~[spring-web-6.2.12.jar:6.2.12]
	at org.springframework.security.web.FilterChainProxy$VirtualFilterChain.doFilter(FilterChainProxy.java:374) ~[spring-security-web-6.5.6.jar:6.5.6]
	at org.springframework.security.web.header.HeaderWriterFilter.doHeadersAfter(HeaderWriterFilter.java:90) ~[spring-security-web-6.5.6.jar:6.5.6]
	at org.springframework.security.web.header.HeaderWriterFilter.doFilterInternal(HeaderWriterFilter.java:75) ~[spring-security-web-6.5.6.jar:6.5.6]
	at org.springframework.web.filter.OncePerRequestFilter.doFilter(OncePerRequestFilter.java:116) ~[spring-web-6.2.12.jar:6.2.12]
	at org.springframework.security.web.FilterChainProxy$VirtualFilterChain.doFilter(FilterChainProxy.java:374) ~[spring-security-web-6.5.6.jar:6.5.6]
	at org.springframework.security.web.context.SecurityContextHolderFilter.doFilter(SecurityContextHolderFilter.java:82) ~[spring-security-web-6.5.6.jar:6.5.6]
	at org.springframework.security.web.context.SecurityContextHolderFilter.doFilter(SecurityContextHolderFilter.java:69) ~[spring-security-web-6.5.6.jar:6.5.6]
	at org.springframework.security.web.FilterChainProxy$VirtualFilterChain.doFilter(FilterChainProxy.java:374) ~[spring-security-web-6.5.6.jar:6.5.6]
	at org.springframework.security.web.context.request.async.WebAsyncManagerIntegrationFilter.doFilterInternal(WebAsyncManagerIntegrationFilter.java:62) ~[spring-security-web-6.5.6.jar:6.5.6]
	at org.springframework.web.filter.OncePerRequestFilter.doFilter(OncePerRequestFilter.java:116) ~[spring-web-6.2.12.jar:6.2.12]
	at org.springframework.security.web.FilterChainProxy$VirtualFilterChain.doFilter(FilterChainProxy.java:374) ~[spring-security-web-6.5.6.jar:6.5.6]
	at org.springframework.security.web.session.DisableEncodeUrlFilter.doFilterInternal(DisableEncodeUrlFilter.java:42) ~[spring-security-web-6.5.6.jar:6.5.6]
	at org.springframework.web.filter.OncePerRequestFilter.doFilter(OncePerRequestFilter.java:116) ~[spring-web-6.2.12.jar:6.2.12]
	at org.springframework.security.web.FilterChainProxy$VirtualFilterChain.doFilter(FilterChainProxy.java:374) ~[spring-security-web-6.5.6.jar:6.5.6]
	at org.springframework.security.web.FilterChainProxy.doFilterInternal(FilterChainProxy.java:233) ~[spring-security-web-6.5.6.jar:6.5.6]
	at org.springframework.security.web.FilterChainProxy.doFilter(FilterChainProxy.java:191) ~[spring-security-web-6.5.6.jar:6.5.6]
	at org.springframework.web.filter.CompositeFilter$VirtualFilterChain.doFilter(CompositeFilter.java:113) ~[spring-web-6.2.12.jar:6.2.12]
	at org.springframework.web.filter.ServletRequestPathFilter.doFilter(ServletRequestPathFilter.java:52) ~[spring-web-6.2.12.jar:6.2.12]
	at org.springframework.web.filter.CompositeFilter$VirtualFilterChain.doFilter(CompositeFilter.java:113) ~[spring-web-6.2.12.jar:6.2.12]
	at org.springframework.web.filter.CompositeFilter.doFilter(CompositeFilter.java:74) ~[spring-web-6.2.12.jar:6.2.12]
	at org.springframework.security.config.annotation.web.configuration.WebSecurityConfiguration$CompositeFilterChainProxy.doFilter(WebSecurityConfiguration.java:319) ~[spring-security-config-6.5.6.jar:6.5.6]
	at org.springframework.web.filter.CompositeFilter$VirtualFilterChain.doFilter(CompositeFilter.java:113) ~[spring-web-6.2.12.jar:6.2.12]
	at org.springframework.web.servlet.handler.HandlerMappingIntrospector.lambda$createCacheFilter$4(HandlerMappingIntrospector.java:267) ~[spring-webmvc-6.2.12.jar:6.2.12]
	at org.springframework.web.filter.CompositeFilter$VirtualFilterChain.doFilter(CompositeFilter.java:113) ~[spring-web-6.2.12.jar:6.2.12]
	at org.springframework.web.filter.CompositeFilter.doFilter(CompositeFilter.java:74) ~[spring-web-6.2.12.jar:6.2.12]
	at org.springframework.security.config.annotation.web.configuration.WebMvcSecurityConfiguration$CompositeFilterChainProxy.doFilter(WebMvcSecurityConfiguration.java:240) ~[spring-security-config-6.5.6.jar:6.5.6]
	at org.springframework.web.filter.DelegatingFilterProxy.invokeDelegate(DelegatingFilterProxy.java:362) ~[spring-web-6.2.12.jar:6.2.12]
	at org.springframework.web.filter.DelegatingFilterProxy.doFilter(DelegatingFilterProxy.java:278) ~[spring-web-6.2.12.jar:6.2.12]
	at org.apache.catalina.core.ApplicationFilterChain.internalDoFilter(ApplicationFilterChain.java:162) ~[tomcat-embed-core-10.1.48.jar:10.1.48]
	at org.apache.catalina.core.ApplicationFilterChain.doFilter(ApplicationFilterChain.java:138) ~[tomcat-embed-core-10.1.48.jar:10.1.48]
	at org.springframework.web.filter.RequestContextFilter.doFilterInternal(RequestContextFilter.java:100) ~[spring-web-6.2.12.jar:6.2.12]
	at org.springframework.web.filter.OncePerRequestFilter.doFilter(OncePerRequestFilter.java:116) ~[spring-web-6.2.12.jar:6.2.12]
	at org.apache.catalina.core.ApplicationFilterChain.internalDoFilter(ApplicationFilterChain.java:162) ~[tomcat-embed-core-10.1.48.jar:10.1.48]
	at org.apache.catalina.core.ApplicationFilterChain.doFilter(ApplicationFilterChain.java:138) ~[tomcat-embed-core-10.1.48.jar:10.1.48]
	at org.springframework.web.filter.FormContentFilter.doFilterInternal(FormContentFilter.java:93) ~[spring-web-6.2.12.jar:6.2.12]
	at org.springframework.web.filter.OncePerRequestFilter.doFilter(OncePerRequestFilter.java:116) ~[spring-web-6.2.12.jar:6.2.12]
	at org.apache.catalina.core.ApplicationFilterChain.internalDoFilter(ApplicationFilterChain.java:162) ~[tomcat-embed-core-10.1.48.jar:10.1.48]
	at org.apache.catalina.core.ApplicationFilterChain.doFilter(ApplicationFilterChain.java:138) ~[tomcat-embed-core-10.1.48.jar:10.1.48]
	at org.springframework.web.filter.CharacterEncodingFilter.doFilterInternal(CharacterEncodingFilter.java:201) ~[spring-web-6.2.12.jar:6.2.12]
	at org.springframework.web.filter.OncePerRequestFilter.doFilter(OncePerRequestFilter.java:116) ~[spring-web-6.2.12.jar:6.2.12]
	at org.apache.catalina.core.ApplicationFilterChain.internalDoFilter(ApplicationFilterChain.java:162) ~[tomcat-embed-core-10.1.48.jar:10.1.48]
	at org.apache.catalina.core.ApplicationFilterChain.doFilter(ApplicationFilterChain.java:138) ~[tomcat-embed-core-10.1.48.jar:10.1.48]
	at org.apache.catalina.core.StandardWrapperValve.invoke(StandardWrapperValve.java:165) ~[tomcat-embed-core-10.1.48.jar:10.1.48]
	at org.apache.catalina.core.StandardContextValve.invoke(StandardContextValve.java:88) ~[tomcat-embed-core-10.1.48.jar:10.1.48]
	at org.apache.catalina.authenticator.AuthenticatorBase.invoke(AuthenticatorBase.java:482) ~[tomcat-embed-core-10.1.48.jar:10.1.48]
	at org.apache.catalina.core.StandardHostValve.invoke(StandardHostValve.java:113) ~[tomcat-embed-core-10.1.48.jar:10.1.48]
	at org.apache.catalina.valves.ErrorReportValve.invoke(ErrorReportValve.java:83) ~[tomcat-embed-core-10.1.48.jar:10.1.48]
	at org.apache.catalina.core.StandardEngineValve.invoke(StandardEngineValve.java:72) ~[tomcat-embed-core-10.1.48.jar:10.1.48]
	at org.apache.catalina.connector.CoyoteAdapter.service(CoyoteAdapter.java:342) ~[tomcat-embed-core-10.1.48.jar:10.1.48]
	at org.apache.coyote.http11.Http11Processor.service(Http11Processor.java:399) ~[tomcat-embed-core-10.1.48.jar:10.1.48]
	at org.apache.coyote.AbstractProcessorLight.process(AbstractProcessorLight.java:63) ~[tomcat-embed-core-10.1.48.jar:10.1.48]
	at org.apache.coyote.AbstractProtocol$ConnectionHandler.process(AbstractProtocol.java:903) ~[tomcat-embed-core-10.1.48.jar:10.1.48]
	at org.apache.tomcat.util.net.NioEndpoint$SocketProcessor.doRun(NioEndpoint.java:1774) ~[tomcat-embed-core-10.1.48.jar:10.1.48]
	at org.apache.tomcat.util.net.SocketProcessorBase.run(SocketProcessorBase.java:52) ~[tomcat-embed-core-10.1.48.jar:10.1.48]
	at org.apache.tomcat.util.threads.ThreadPoolExecutor.runWorker(ThreadPoolExecutor.java:973) ~[tomcat-embed-core-10.1.48.jar:10.1.48]
	at org.apache.tomcat.util.threads.ThreadPoolExecutor$Worker.run(ThreadPoolExecutor.java:491) ~[tomcat-embed-core-10.1.48.jar:10.1.48]
	at org.apache.tomcat.util.threads.TaskThread$WrappingRunnable.run(TaskThread.java:63) ~[tomcat-embed-core-10.1.48.jar:10.1.48]
	at java.base/java.lang.Thread.run(Thread.java:1474) ~[na:na]
Caused by: org.postgresql.util.PSQLException: ERROR: current transaction is aborted, commands ignored until end of transaction block
	at org.postgresql.core.v3.QueryExecutorImpl.receiveErrorResponse(QueryExecutorImpl.java:2736) ~[postgresql-42.7.8.jar:42.7.8]
	at org.postgresql.core.v3.QueryExecutorImpl.processResults(QueryExecutorImpl.java:2421) ~[postgresql-42.7.8.jar:42.7.8]
	at org.postgresql.core.v3.QueryExecutorImpl.execute(QueryExecutorImpl.java:372) ~[postgresql-42.7.8.jar:42.7.8]
	at org.postgresql.jdbc.PgStatement.executeInternal(PgStatement.java:525) ~[postgresql-42.7.8.jar:42.7.8]
	at org.postgresql.jdbc.PgStatement.execute(PgStatement.java:435) ~[postgresql-42.7.8.jar:42.7.8]
	at org.postgresql.jdbc.PgPreparedStatement.executeWithFlags(PgPreparedStatement.java:196) ~[postgresql-42.7.8.jar:42.7.8]
	at org.postgresql.jdbc.PgPreparedStatement.executeQuery(PgPreparedStatement.java:139) ~[postgresql-42.7.8.jar:42.7.8]
	at com.zaxxer.hikari.pool.ProxyPreparedStatement.executeQuery(ProxyPreparedStatement.java:52) ~[HikariCP-6.3.3.jar:na]
	at com.zaxxer.hikari.pool.HikariProxyPreparedStatement.executeQuery(HikariProxyPreparedStatement.java) ~[HikariCP-6.3.3.jar:na]
	at org.hibernate.sql.results.jdbc.internal.DeferredResultSetAccess.executeQuery(DeferredResultSetAccess.java:251) ~[hibernate-core-6.6.33.Final.jar:6.6.33.Final]
	... 159 common frames omitted
Caused by: org.postgresql.util.PSQLException: ERROR: new row for relation "notifications" violates check constraint "notifications_type_check"
  Detail: Failing row contains (21, 2026-01-17 22:15:58.170951, f, Your report about a post has been resolved by admin, REPORT_REVIEWED, 6, null, null, 22).
	at org.postgresql.core.v3.QueryExecutorImpl.receiveErrorResponse(QueryExecutorImpl.java:2736) ~[postgresql-42.7.8.jar:42.7.8]
	at org.postgresql.core.v3.QueryExecutorImpl.processResults(QueryExecutorImpl.java:2421) ~[postgresql-42.7.8.jar:42.7.8]
	at org.postgresql.core.v3.QueryExecutorImpl.execute(QueryExecutorImpl.java:372) ~[postgresql-42.7.8.jar:42.7.8]
	at org.postgresql.jdbc.PgStatement.executeInternal(PgStatement.java:525) ~[postgresql-42.7.8.jar:42.7.8]
	at org.postgresql.jdbc.PgStatement.execute(PgStatement.java:435) ~[postgresql-42.7.8.jar:42.7.8]
	at org.postgresql.jdbc.PgPreparedStatement.executeWithFlags(PgPreparedStatement.java:196) ~[postgresql-42.7.8.jar:42.7.8]
	at org.postgresql.jdbc.PgPreparedStatement.executeUpdate(PgPreparedStatement.java:157) ~[postgresql-42.7.8.jar:42.7.8]
	at com.zaxxer.hikari.pool.ProxyPreparedStatement.executeUpdate(ProxyPreparedStatement.java:61) ~[HikariCP-6.3.3.jar:na]
	at com.zaxxer.hikari.pool.HikariProxyPreparedStatement.executeUpdate(HikariProxyPreparedStatement.java) ~[HikariCP-6.3.3.jar:na]
	at org.hibernate.engine.jdbc.internal.ResultSetReturnImpl.executeUpdate(ResultSetReturnImpl.java:194) ~[hibernate-core-6.6.33.Final.jar:6.6.33.Final]
	at org.hibernate.id.insert.GetGeneratedKeysDelegate.performMutation(GetGeneratedKeysDelegate.java:116) ~[hibernate-core-6.6.33.Final.jar:6.6.33.Final]
	at org.hibernate.engine.jdbc.mutation.internal.MutationExecutorSingleNonBatched.performNonBatchedOperations(MutationExecutorSingleNonBatched.java:47) ~[hibernate-core-6.6.33.Final.jar:6.6.33.Final]
	at org.hibernate.engine.jdbc.mutation.internal.AbstractMutationExecutor.execute(AbstractMutationExecutor.java:55) ~[hibernate-core-6.6.33.Final.jar:6.6.33.Final]
	at org.hibernate.persister.entity.mutation.InsertCoordinatorStandard.doStaticInserts(InsertCoordinatorStandard.java:194) ~[hibernate-core-6.6.33.Final.jar:6.6.33.Final]
	at org.hibernate.persister.entity.mutation.InsertCoordinatorStandard.coordinateInsert(InsertCoordinatorStandard.java:132) ~[hibernate-core-6.6.33.Final.jar:6.6.33.Final]
	at org.hibernate.persister.entity.mutation.InsertCoordinatorStandard.insert(InsertCoordinatorStandard.java:95) ~[hibernate-core-6.6.33.Final.jar:6.6.33.Final]
	at org.hibernate.action.internal.EntityIdentityInsertAction.execute(EntityIdentityInsertAction.java:85) ~[hibernate-core-6.6.33.Final.jar:6.6.33.Final]
	at org.hibernate.engine.spi.ActionQueue.execute(ActionQueue.java:682) ~[hibernate-core-6.6.33.Final.jar:6.6.33.Final]
	at org.hibernate.engine.spi.ActionQueue.addResolvedEntityInsertAction(ActionQueue.java:293) ~[hibernate-core-6.6.33.Final.jar:6.6.33.Final]
	at org.hibernate.engine.spi.ActionQueue.addInsertAction(ActionQueue.java:274) ~[hibernate-core-6.6.33.Final.jar:6.6.33.Final]
	at org.hibernate.engine.spi.ActionQueue.addAction(ActionQueue.java:324) ~[hibernate-core-6.6.33.Final.jar:6.6.33.Final]
	at org.hibernate.event.internal.AbstractSaveEventListener.addInsertAction(AbstractSaveEventListener.java:394) ~[hibernate-core-6.6.33.Final.jar:6.6.33.Final]
	at org.hibernate.event.internal.AbstractSaveEventListener.performSaveOrReplicate(AbstractSaveEventListener.java:308) ~[hibernate-core-6.6.33.Final.jar:6.6.33.Final]
	at org.hibernate.event.internal.AbstractSaveEventListener.performSave(AbstractSaveEventListener.java:224) ~[hibernate-core-6.6.33.Final.jar:6.6.33.Final]
	at org.hibernate.event.internal.AbstractSaveEventListener.saveWithGeneratedId(AbstractSaveEventListener.java:136) ~[hibernate-core-6.6.33.Final.jar:6.6.33.Final]
	at org.hibernate.event.internal.DefaultPersistEventListener.entityIsTransient(DefaultPersistEventListener.java:177) ~[hibernate-core-6.6.33.Final.jar:6.6.33.Final]
	at org.hibernate.event.internal.DefaultPersistEventListener.persist(DefaultPersistEventListener.java:95) ~[hibernate-core-6.6.33.Final.jar:6.6.33.Final]
	at org.hibernate.event.internal.DefaultPersistEventListener.onPersist(DefaultPersistEventListener.java:79) ~[hibernate-core-6.6.33.Final.jar:6.6.33.Final]
	at org.hibernate.event.internal.DefaultPersistEventListener.onPersist(DefaultPersistEventListener.java:55) ~[hibernate-core-6.6.33.Final.jar:6.6.33.Final]
	at org.hibernate.event.service.internal.EventListenerGroupImpl.fireEventOnEachListener(EventListenerGroupImpl.java:127) ~[hibernate-core-6.6.33.Final.jar:6.6.33.Final]
	at org.hibernate.internal.SessionImpl.firePersist(SessionImpl.java:761) ~[hibernate-core-6.6.33.Final.jar:6.6.33.Final]
	at org.hibernate.internal.SessionImpl.persist(SessionImpl.java:745) ~[hibernate-core-6.6.33.Final.jar:6.6.33.Final]
	at java.base/jdk.internal.reflect.DirectMethodHandleAccessor.invoke(DirectMethodHandleAccessor.java:104) ~[na:na]
	at java.base/java.lang.reflect.Method.invoke(Method.java:565) ~[na:na]
	at org.springframework.orm.jpa.ExtendedEntityManagerCreator$ExtendedEntityManagerInvocationHandler.invoke(ExtendedEntityManagerCreator.java:364) ~[spring-orm-6.2.12.jar:6.2.12]
	at jdk.proxy12/jdk.proxy12.$Proxy206.persist(Unknown Source) ~[na:na]
	at java.base/jdk.internal.reflect.DirectMethodHandleAccessor.invoke(DirectMethodHandleAccessor.java:104) ~[na:na]
	at java.base/java.lang.reflect.Method.invoke(Method.java:565) ~[na:na]
	at org.springframework.orm.jpa.SharedEntityManagerCreator$SharedEntityManagerInvocationHandler.invoke(SharedEntityManagerCreator.java:320) ~[spring-orm-6.2.12.jar:6.2.12]
	at jdk.proxy12/jdk.proxy12.$Proxy206.persist(Unknown Source) ~[na:na]
	at org.springframework.data.jpa.repository.support.SimpleJpaRepository.save(SimpleJpaRepository.java:654) ~[spring-data-jpa-3.5.5.jar:3.5.5]
	at java.base/jdk.internal.reflect.DirectMethodHandleAccessor.invoke(DirectMethodHandleAccessor.java:104) ~[na:na]
	at java.base/java.lang.reflect.Method.invoke(Method.java:565) ~[na:na]
	at org.springframework.aop.support.AopUtils.invokeJoinpointUsingReflection(AopUtils.java:360) ~[spring-aop-6.2.12.jar:6.2.12]
	at org.springframework.data.repository.core.support.RepositoryMethodInvoker$RepositoryFragmentMethodInvoker.lambda$new$0(RepositoryMethodInvoker.java:277) ~[spring-data-commons-3.5.5.jar:3.5.5]
	at org.springframework.data.repository.core.support.RepositoryMethodInvoker.doInvoke(RepositoryMethodInvoker.java:170) ~[spring-data-commons-3.5.5.jar:3.5.5]
	at org.springframework.data.repository.core.support.RepositoryMethodInvoker.invoke(RepositoryMethodInvoker.java:158) ~[spring-data-commons-3.5.5.jar:3.5.5]
	at org.springframework.data.repository.core.support.RepositoryComposition$RepositoryFragments.invoke(RepositoryComposition.java:515) ~[spring-data-commons-3.5.5.jar:3.5.5]
	at org.springframework.data.repository.core.support.RepositoryComposition.invoke(RepositoryComposition.java:284) ~[spring-data-commons-3.5.5.jar:3.5.5]
	at org.springframework.data.repository.core.support.RepositoryFactorySupport$ImplementationMethodExecutionInterceptor.invoke(RepositoryFactorySupport.java:734) ~[spring-data-commons-3.5.5.jar:3.5.5]
	at org.springframework.aop.framework.ReflectiveMethodInvocation.proceed(ReflectiveMethodInvocation.java:184) ~[spring-aop-6.2.12.jar:6.2.12]
	at org.springframework.data.repository.core.support.QueryExecutorMethodInterceptor.doInvoke(QueryExecutorMethodInterceptor.java:174) ~[spring-data-commons-3.5.5.jar:3.5.5]
	at org.springframework.data.repository.core.support.QueryExecutorMethodInterceptor.invoke(QueryExecutorMethodInterceptor.java:149) ~[spring-data-commons-3.5.5.jar:3.5.5]
	at org.springframework.aop.framework.ReflectiveMethodInvocation.proceed(ReflectiveMethodInvocation.java:184) ~[spring-aop-6.2.12.jar:6.2.12]
	at org.springframework.data.projection.DefaultMethodInvokingMethodInterceptor.invoke(DefaultMethodInvokingMethodInterceptor.java:69) ~[spring-data-commons-3.5.5.jar:3.5.5]
	at org.springframework.aop.framework.ReflectiveMethodInvocation.proceed(ReflectiveMethodInvocation.java:184) ~[spring-aop-6.2.12.jar:6.2.12]
	at org.springframework.transaction.interceptor.TransactionAspectSupport.invokeWithinTransaction(TransactionAspectSupport.java:380) ~[spring-tx-6.2.12.jar:6.2.12]
	at org.springframework.transaction.interceptor.TransactionInterceptor.invoke(TransactionInterceptor.java:119) ~[spring-tx-6.2.12.jar:6.2.12]
	at org.springframework.aop.framework.ReflectiveMethodInvocation.proceed(ReflectiveMethodInvocation.java:184) ~[spring-aop-6.2.12.jar:6.2.12]
	at org.springframework.dao.support.PersistenceExceptionTranslationInterceptor.invoke(PersistenceExceptionTranslationInterceptor.java:138) ~[spring-tx-6.2.12.jar:6.2.12]
	at org.springframework.aop.framework.ReflectiveMethodInvocation.proceed(ReflectiveMethodInvocation.java:184) ~[spring-aop-6.2.12.jar:6.2.12]
	at org.springframework.data.jpa.repository.support.CrudMethodMetadataPostProcessor$CrudMethodMetadataPopulatingMethodInterceptor.invoke(CrudMethodMetadataPostProcessor.java:165) ~[spring-data-jpa-3.5.5.jar:3.5.5]
	at org.springframework.aop.framework.ReflectiveMethodInvocation.proceed(ReflectiveMethodInvocation.java:184) ~[spring-aop-6.2.12.jar:6.2.12]
	at org.springframework.aop.framework.JdkDynamicAopProxy.invoke(JdkDynamicAopProxy.java:223) ~[spring-aop-6.2.12.jar:6.2.12]
	at jdk.proxy12/jdk.proxy12.$Proxy212.save(Unknown Source) ~[na:na]
	at com._Blog.mojebbari.services.NotificationService.createReportReviewedNotification(NotificationService.java:116) ~[classes/:na]
	at java.base/jdk.internal.reflect.DirectMethodHandleAccessor.invoke(DirectMethodHandleAccessor.java:104) ~[na:na]
	at java.base/java.lang.reflect.Method.invoke(Method.java:565) ~[na:na]
	at org.springframework.aop.support.AopUtils.invokeJoinpointUsingReflection(AopUtils.java:360) ~[spring-aop-6.2.12.jar:6.2.12]
	at org.springframework.aop.framework.ReflectiveMethodInvocation.invokeJoinpoint(ReflectiveMethodInvocation.java:196) ~[spring-aop-6.2.12.jar:6.2.12]
	at org.springframework.aop.framework.ReflectiveMethodInvocation.proceed(ReflectiveMethodInvocation.java:163) ~[spring-aop-6.2.12.jar:6.2.12]
	at org.springframework.transaction.interceptor.TransactionAspectSupport.invokeWithinTransaction(TransactionAspectSupport.java:380) ~[spring-tx-6.2.12.jar:6.2.12]
	at org.springframework.transaction.interceptor.TransactionInterceptor.invoke(TransactionInterceptor.java:119) ~[spring-tx-6.2.12.jar:6.2.12]
	at org.springframework.aop.framework.ReflectiveMethodInvocation.proceed(ReflectiveMethodInvocation.java:184) ~[spring-aop-6.2.12.jar:6.2.12]
	at org.springframework.aop.framework.CglibAopProxy$DynamicAdvisedInterceptor.intercept(CglibAopProxy.java:728) ~[spring-aop-6.2.12.jar:6.2.12]
	at com._Blog.mojebbari.services.NotificationService$$SpringCGLIB$$0.createReportReviewedNotification(<generated>) ~[classes/:na]
	at com._Blog.mojebbari.services.ReportService.createReportReviewedNotification(ReportService.java:210) ~[classes/:na]
	at com._Blog.mojebbari.services.ReportService.updateReportStatus(ReportService.java:195) ~[classes/:na]
	... 130 common frames omitted

2026-01-17T22:15:58.177+01:00 ERROR 52678 --- [mojebbari] [nio-8080-exec-2] c._.m.controllers.ReportController       : Error updating report status: JDBC exception executing SQL [select p1_0.id,p1_0.category,p1_0.content,p1_0.created_at,p1_0.media_url,p1_0.title,p1_0.user_id from posts p1_0 where p1_0.id=?] [ERROR: current transaction is aborted, commands ignored until end of transaction block] [n/a]

org.hibernate.exception.GenericJDBCException: JDBC exception executing SQL [select p1_0.id,p1_0.category,p1_0.content,p1_0.created_at,p1_0.media_url,p1_0.title,p1_0.user_id from posts p1_0 where p1_0.id=?] [ERROR: current transaction is aborted, commands ignored until end of transaction block] [n/a]
	at org.hibernate.exception.internal.StandardSQLExceptionConverter.convert(StandardSQLExceptionConverter.java:63) ~[hibernate-core-6.6.33.Final.jar:6.6.33.Final]
	at org.hibernate.engine.jdbc.spi.SqlExceptionHelper.convert(SqlExceptionHelper.java:108) ~[hibernate-core-6.6.33.Final.jar:6.6.33.Final]
	at org.hibernate.engine.jdbc.spi.SqlExceptionHelper.convert(SqlExceptionHelper.java:94) ~[hibernate-core-6.6.33.Final.jar:6.6.33.Final]
	at org.hibernate.sql.results.jdbc.internal.DeferredResultSetAccess.executeQuery(DeferredResultSetAccess.java:269) ~[hibernate-core-6.6.33.Final.jar:6.6.33.Final]
	at org.hibernate.sql.results.jdbc.internal.DeferredResultSetAccess.getResultSet(DeferredResultSetAccess.java:172) ~[hibernate-core-6.6.33.Final.jar:6.6.33.Final]
	at org.hibernate.sql.results.jdbc.internal.JdbcValuesResultSetImpl.<init>(JdbcValuesResultSetImpl.java:74) ~[hibernate-core-6.6.33.Final.jar:6.6.33.Final]
	at org.hibernate.sql.exec.internal.JdbcSelectExecutorStandardImpl.resolveJdbcValuesSource(JdbcSelectExecutorStandardImpl.java:355) ~[hibernate-core-6.6.33.Final.jar:6.6.33.Final]
	at org.hibernate.sql.exec.internal.JdbcSelectExecutorStandardImpl.doExecuteQuery(JdbcSelectExecutorStandardImpl.java:137) ~[hibernate-core-6.6.33.Final.jar:6.6.33.Final]
	at org.hibernate.sql.exec.internal.JdbcSelectExecutorStandardImpl.executeQuery(JdbcSelectExecutorStandardImpl.java:102) ~[hibernate-core-6.6.33.Final.jar:6.6.33.Final]
	at org.hibernate.sql.exec.spi.JdbcSelectExecutor.executeQuery(JdbcSelectExecutor.java:91) ~[hibernate-core-6.6.33.Final.jar:6.6.33.Final]
	at org.hibernate.sql.exec.spi.JdbcSelectExecutor.list(JdbcSelectExecutor.java:165) ~[hibernate-core-6.6.33.Final.jar:6.6.33.Final]
	at org.hibernate.loader.ast.internal.SingleIdLoadPlan.load(SingleIdLoadPlan.java:145) ~[hibernate-core-6.6.33.Final.jar:6.6.33.Final]
	at org.hibernate.loader.ast.internal.SingleIdLoadPlan.load(SingleIdLoadPlan.java:117) ~[hibernate-core-6.6.33.Final.jar:6.6.33.Final]
	at org.hibernate.loader.ast.internal.SingleIdEntityLoaderStandardImpl.load(SingleIdEntityLoaderStandardImpl.java:74) ~[hibernate-core-6.6.33.Final.jar:6.6.33.Final]
	at org.hibernate.persister.entity.AbstractEntityPersister.doLoad(AbstractEntityPersister.java:3908) ~[hibernate-core-6.6.33.Final.jar:6.6.33.Final]
	at org.hibernate.persister.entity.AbstractEntityPersister.load(AbstractEntityPersister.java:3897) ~[hibernate-core-6.6.33.Final.jar:6.6.33.Final]
	at org.hibernate.event.internal.DefaultLoadEventListener.loadFromDatasource(DefaultLoadEventListener.java:604) ~[hibernate-core-6.6.33.Final.jar:6.6.33.Final]
	at org.hibernate.event.internal.DefaultLoadEventListener.loadFromCacheOrDatasource(DefaultLoadEventListener.java:590) ~[hibernate-core-6.6.33.Final.jar:6.6.33.Final]
	at org.hibernate.event.internal.DefaultLoadEventListener.load(DefaultLoadEventListener.java:560) ~[hibernate-core-6.6.33.Final.jar:6.6.33.Final]
	at org.hibernate.event.internal.DefaultLoadEventListener.doLoad(DefaultLoadEventListener.java:544) ~[hibernate-core-6.6.33.Final.jar:6.6.33.Final]
	at org.hibernate.event.internal.DefaultLoadEventListener.load(DefaultLoadEventListener.java:206) ~[hibernate-core-6.6.33.Final.jar:6.6.33.Final]
	at org.hibernate.event.internal.DefaultLoadEventListener.doOnLoad(DefaultLoadEventListener.java:105) ~[hibernate-core-6.6.33.Final.jar:6.6.33.Final]
	at org.hibernate.event.internal.DefaultLoadEventListener.onLoad(DefaultLoadEventListener.java:69) ~[hibernate-core-6.6.33.Final.jar:6.6.33.Final]
	at org.hibernate.event.service.internal.EventListenerGroupImpl.fireEventOnEachListener(EventListenerGroupImpl.java:138) ~[hibernate-core-6.6.33.Final.jar:6.6.33.Final]
	at org.hibernate.internal.SessionImpl.fireLoadNoChecks(SessionImpl.java:1229) ~[hibernate-core-6.6.33.Final.jar:6.6.33.Final]
	at org.hibernate.internal.SessionImpl.immediateLoad(SessionImpl.java:1048) ~[hibernate-core-6.6.33.Final.jar:6.6.33.Final]
	at org.hibernate.proxy.AbstractLazyInitializer.initialize(AbstractLazyInitializer.java:186) ~[hibernate-core-6.6.33.Final.jar:6.6.33.Final]
	at org.hibernate.proxy.AbstractLazyInitializer.getImplementation(AbstractLazyInitializer.java:328) ~[hibernate-core-6.6.33.Final.jar:6.6.33.Final]
	at org.hibernate.proxy.pojo.bytebuddy.ByteBuddyInterceptor.intercept(ByteBuddyInterceptor.java:44) ~[hibernate-core-6.6.33.Final.jar:6.6.33.Final]
	at org.hibernate.proxy.ProxyConfiguration$InterceptorDispatcher.intercept(ProxyConfiguration.java:102) ~[hibernate-core-6.6.33.Final.jar:6.6.33.Final]
	at com._Blog.mojebbari.models.Post$HibernateProxy.getContent(Unknown Source) ~[classes/:na]
	at com._Blog.mojebbari.services.ReportService.mapToResponse(ReportService.java:274) ~[classes/:na]
	at com._Blog.mojebbari.services.ReportService.updateReportStatus(ReportService.java:197) ~[classes/:na]
	at java.base/jdk.internal.reflect.DirectMethodHandleAccessor.invoke(DirectMethodHandleAccessor.java:104) ~[na:na]
	at java.base/java.lang.reflect.Method.invoke(Method.java:565) ~[na:na]
	at org.springframework.aop.support.AopUtils.invokeJoinpointUsingReflection(AopUtils.java:360) ~[spring-aop-6.2.12.jar:6.2.12]
	at org.springframework.aop.framework.ReflectiveMethodInvocation.invokeJoinpoint(ReflectiveMethodInvocation.java:196) ~[spring-aop-6.2.12.jar:6.2.12]
	at org.springframework.aop.framework.ReflectiveMethodInvocation.proceed(ReflectiveMethodInvocation.java:163) ~[spring-aop-6.2.12.jar:6.2.12]
	at org.springframework.transaction.interceptor.TransactionAspectSupport.invokeWithinTransaction(TransactionAspectSupport.java:380) ~[spring-tx-6.2.12.jar:6.2.12]
	at org.springframework.transaction.interceptor.TransactionInterceptor.invoke(TransactionInterceptor.java:119) ~[spring-tx-6.2.12.jar:6.2.12]
	at org.springframework.aop.framework.ReflectiveMethodInvocation.proceed(ReflectiveMethodInvocation.java:184) ~[spring-aop-6.2.12.jar:6.2.12]
	at org.springframework.aop.framework.CglibAopProxy$DynamicAdvisedInterceptor.intercept(CglibAopProxy.java:728) ~[spring-aop-6.2.12.jar:6.2.12]
	at com._Blog.mojebbari.services.ReportService$$SpringCGLIB$$0.updateReportStatus(<generated>) ~[classes/:na]
	at com._Blog.mojebbari.controllers.ReportController.updateReportStatus(ReportController.java:148) ~[classes/:na]
	at java.base/jdk.internal.reflect.DirectMethodHandleAccessor.invoke(DirectMethodHandleAccessor.java:104) ~[na:na]
	at java.base/java.lang.reflect.Method.invoke(Method.java:565) ~[na:na]
	at org.springframework.aop.support.AopUtils.invokeJoinpointUsingReflection(AopUtils.java:360) ~[spring-aop-6.2.12.jar:6.2.12]
	at org.springframework.aop.framework.ReflectiveMethodInvocation.invokeJoinpoint(ReflectiveMethodInvocation.java:196) ~[spring-aop-6.2.12.jar:6.2.12]
	at org.springframework.aop.framework.ReflectiveMethodInvocation.proceed(ReflectiveMethodInvocation.java:163) ~[spring-aop-6.2.12.jar:6.2.12]
	at org.springframework.security.authorization.method.AuthorizationManagerBeforeMethodInterceptor.proceed(AuthorizationManagerBeforeMethodInterceptor.java:268) ~[spring-security-core-6.5.6.jar:6.5.6]
	at org.springframework.security.authorization.method.AuthorizationManagerBeforeMethodInterceptor.attemptAuthorization(AuthorizationManagerBeforeMethodInterceptor.java:263) ~[spring-security-core-6.5.6.jar:6.5.6]
	at org.springframework.security.authorization.method.AuthorizationManagerBeforeMethodInterceptor.invoke(AuthorizationManagerBeforeMethodInterceptor.java:196) ~[spring-security-core-6.5.6.jar:6.5.6]
	at org.springframework.security.config.annotation.method.configuration.DeferringMethodInterceptor.invoke(DeferringMethodInterceptor.java:44) ~[spring-security-config-6.5.6.jar:6.5.6]
	at org.springframework.aop.framework.ReflectiveMethodInvocation.proceed(ReflectiveMethodInvocation.java:184) ~[spring-aop-6.2.12.jar:6.2.12]
	at org.springframework.aop.framework.CglibAopProxy$DynamicAdvisedInterceptor.intercept(CglibAopProxy.java:728) ~[spring-aop-6.2.12.jar:6.2.12]
	at com._Blog.mojebbari.controllers.ReportController$$SpringCGLIB$$0.updateReportStatus(<generated>) ~[classes/:na]
	at java.base/jdk.internal.reflect.DirectMethodHandleAccessor.invoke(DirectMethodHandleAccessor.java:104) ~[na:na]
	at java.base/java.lang.reflect.Method.invoke(Method.java:565) ~[na:na]
	at org.springframework.web.method.support.InvocableHandlerMethod.doInvoke(InvocableHandlerMethod.java:258) ~[spring-web-6.2.12.jar:6.2.12]
	at org.springframework.web.method.support.InvocableHandlerMethod.invokeForRequest(InvocableHandlerMethod.java:191) ~[spring-web-6.2.12.jar:6.2.12]
	at org.springframework.web.servlet.mvc.method.annotation.ServletInvocableHandlerMethod.invokeAndHandle(ServletInvocableHandlerMethod.java:118) ~[spring-webmvc-6.2.12.jar:6.2.12]
	at org.springframework.web.servlet.mvc.method.annotation.RequestMappingHandlerAdapter.invokeHandlerMethod(RequestMappingHandlerAdapter.java:991) ~[spring-webmvc-6.2.12.jar:6.2.12]
	at org.springframework.web.servlet.mvc.method.annotation.RequestMappingHandlerAdapter.handleInternal(RequestMappingHandlerAdapter.java:896) ~[spring-webmvc-6.2.12.jar:6.2.12]
	at org.springframework.web.servlet.mvc.method.AbstractHandlerMethodAdapter.handle(AbstractHandlerMethodAdapter.java:87) ~[spring-webmvc-6.2.12.jar:6.2.12]
	at org.springframework.web.servlet.DispatcherServlet.doDispatch(DispatcherServlet.java:1089) ~[spring-webmvc-6.2.12.jar:6.2.12]
	at org.springframework.web.servlet.DispatcherServlet.doService(DispatcherServlet.java:979) ~[spring-webmvc-6.2.12.jar:6.2.12]
	at org.springframework.web.servlet.FrameworkServlet.processRequest(FrameworkServlet.java:1014) ~[spring-webmvc-6.2.12.jar:6.2.12]
	at org.springframework.web.servlet.FrameworkServlet.doPut(FrameworkServlet.java:925) ~[spring-webmvc-6.2.12.jar:6.2.12]
	at jakarta.servlet.http.HttpServlet.service(HttpServlet.java:593) ~[tomcat-embed-core-10.1.48.jar:6.0]
	at org.springframework.web.servlet.FrameworkServlet.service(FrameworkServlet.java:885) ~[spring-webmvc-6.2.12.jar:6.2.12]
	at jakarta.servlet.http.HttpServlet.service(HttpServlet.java:658) ~[tomcat-embed-core-10.1.48.jar:6.0]
	at org.apache.catalina.core.ApplicationFilterChain.internalDoFilter(ApplicationFilterChain.java:193) ~[tomcat-embed-core-10.1.48.jar:10.1.48]
	at org.apache.catalina.core.ApplicationFilterChain.doFilter(ApplicationFilterChain.java:138) ~[tomcat-embed-core-10.1.48.jar:10.1.48]
	at org.apache.tomcat.websocket.server.WsFilter.doFilter(WsFilter.java:51) ~[tomcat-embed-websocket-10.1.48.jar:10.1.48]
	at org.apache.catalina.core.ApplicationFilterChain.internalDoFilter(ApplicationFilterChain.java:162) ~[tomcat-embed-core-10.1.48.jar:10.1.48]
	at org.apache.catalina.core.ApplicationFilterChain.doFilter(ApplicationFilterChain.java:138) ~[tomcat-embed-core-10.1.48.jar:10.1.48]
	at org.springframework.web.filter.OncePerRequestFilter.doFilter(OncePerRequestFilter.java:110) ~[spring-web-6.2.12.jar:6.2.12]
	at org.apache.catalina.core.ApplicationFilterChain.internalDoFilter(ApplicationFilterChain.java:162) ~[tomcat-embed-core-10.1.48.jar:10.1.48]
	at org.apache.catalina.core.ApplicationFilterChain.doFilter(ApplicationFilterChain.java:138) ~[tomcat-embed-core-10.1.48.jar:10.1.48]
	at org.springframework.web.filter.CompositeFilter$VirtualFilterChain.doFilter(CompositeFilter.java:108) ~[spring-web-6.2.12.jar:6.2.12]
	at org.springframework.web.filter.CompositeFilter$VirtualFilterChain.doFilter(CompositeFilter.java:108) ~[spring-web-6.2.12.jar:6.2.12]
	at org.springframework.security.web.FilterChainProxy.lambda$doFilterInternal$3(FilterChainProxy.java:231) ~[spring-security-web-6.5.6.jar:6.5.6]
	at org.springframework.security.web.FilterChainProxy$VirtualFilterChain.doFilter(FilterChainProxy.java:365) ~[spring-security-web-6.5.6.jar:6.5.6]
	at org.springframework.security.web.access.intercept.AuthorizationFilter.doFilter(AuthorizationFilter.java:101) ~[spring-security-web-6.5.6.jar:6.5.6]
	at org.springframework.security.web.FilterChainProxy$VirtualFilterChain.doFilter(FilterChainProxy.java:374) ~[spring-security-web-6.5.6.jar:6.5.6]
	at org.springframework.security.web.access.ExceptionTranslationFilter.doFilter(ExceptionTranslationFilter.java:125) ~[spring-security-web-6.5.6.jar:6.5.6]
	at org.springframework.security.web.access.ExceptionTranslationFilter.doFilter(ExceptionTranslationFilter.java:119) ~[spring-security-web-6.5.6.jar:6.5.6]
	at org.springframework.security.web.FilterChainProxy$VirtualFilterChain.doFilter(FilterChainProxy.java:374) ~[spring-security-web-6.5.6.jar:6.5.6]
	at org.springframework.security.web.session.SessionManagementFilter.doFilter(SessionManagementFilter.java:131) ~[spring-security-web-6.5.6.jar:6.5.6]
	at org.springframework.security.web.session.SessionManagementFilter.doFilter(SessionManagementFilter.java:85) ~[spring-security-web-6.5.6.jar:6.5.6]
	at org.springframework.security.web.FilterChainProxy$VirtualFilterChain.doFilter(FilterChainProxy.java:374) ~[spring-security-web-6.5.6.jar:6.5.6]
	at org.springframework.security.web.authentication.AnonymousAuthenticationFilter.doFilter(AnonymousAuthenticationFilter.java:100) ~[spring-security-web-6.5.6.jar:6.5.6]
	at org.springframework.security.web.FilterChainProxy$VirtualFilterChain.doFilter(FilterChainProxy.java:374) ~[spring-security-web-6.5.6.jar:6.5.6]
	at org.springframework.security.web.servletapi.SecurityContextHolderAwareRequestFilter.doFilter(SecurityContextHolderAwareRequestFilter.java:179) ~[spring-security-web-6.5.6.jar:6.5.6]
	at org.springframework.security.web.FilterChainProxy$VirtualFilterChain.doFilter(FilterChainProxy.java:374) ~[spring-security-web-6.5.6.jar:6.5.6]
	at org.springframework.security.web.savedrequest.RequestCacheAwareFilter.doFilter(RequestCacheAwareFilter.java:63) ~[spring-security-web-6.5.6.jar:6.5.6]
	at org.springframework.security.web.FilterChainProxy$VirtualFilterChain.doFilter(FilterChainProxy.java:374) ~[spring-security-web-6.5.6.jar:6.5.6]
	at com._Blog.mojebbari.config.JwtAuthenticationFilter.doFilterInternal(JwtAuthenticationFilter.java:79) ~[classes/:na]
	at org.springframework.web.filter.OncePerRequestFilter.doFilter(OncePerRequestFilter.java:116) ~[spring-web-6.2.12.jar:6.2.12]
	at org.springframework.security.web.FilterChainProxy$VirtualFilterChain.doFilter(FilterChainProxy.java:374) ~[spring-security-web-6.5.6.jar:6.5.6]
	at org.springframework.security.web.authentication.logout.LogoutFilter.doFilter(LogoutFilter.java:107) ~[spring-security-web-6.5.6.jar:6.5.6]
	at org.springframework.security.web.authentication.logout.LogoutFilter.doFilter(LogoutFilter.java:93) ~[spring-security-web-6.5.6.jar:6.5.6]
	at org.springframework.security.web.FilterChainProxy$VirtualFilterChain.doFilter(FilterChainProxy.java:374) ~[spring-security-web-6.5.6.jar:6.5.6]
	at org.springframework.web.filter.CorsFilter.doFilterInternal(CorsFilter.java:91) ~[spring-web-6.2.12.jar:6.2.12]
	at org.springframework.web.filter.OncePerRequestFilter.doFilter(OncePerRequestFilter.java:116) ~[spring-web-6.2.12.jar:6.2.12]
	at org.springframework.security.web.FilterChainProxy$VirtualFilterChain.doFilter(FilterChainProxy.java:374) ~[spring-security-web-6.5.6.jar:6.5.6]
	at org.springframework.security.web.header.HeaderWriterFilter.doHeadersAfter(HeaderWriterFilter.java:90) ~[spring-security-web-6.5.6.jar:6.5.6]
	at org.springframework.security.web.header.HeaderWriterFilter.doFilterInternal(HeaderWriterFilter.java:75) ~[spring-security-web-6.5.6.jar:6.5.6]
	at org.springframework.web.filter.OncePerRequestFilter.doFilter(OncePerRequestFilter.java:116) ~[spring-web-6.2.12.jar:6.2.12]
	at org.springframework.security.web.FilterChainProxy$VirtualFilterChain.doFilter(FilterChainProxy.java:374) ~[spring-security-web-6.5.6.jar:6.5.6]
	at org.springframework.security.web.context.SecurityContextHolderFilter.doFilter(SecurityContextHolderFilter.java:82) ~[spring-security-web-6.5.6.jar:6.5.6]
	at org.springframework.security.web.context.SecurityContextHolderFilter.doFilter(SecurityContextHolderFilter.java:69) ~[spring-security-web-6.5.6.jar:6.5.6]
	at org.springframework.security.web.FilterChainProxy$VirtualFilterChain.doFilter(FilterChainProxy.java:374) ~[spring-security-web-6.5.6.jar:6.5.6]
	at org.springframework.security.web.context.request.async.WebAsyncManagerIntegrationFilter.doFilterInternal(WebAsyncManagerIntegrationFilter.java:62) ~[spring-security-web-6.5.6.jar:6.5.6]
	at org.springframework.web.filter.OncePerRequestFilter.doFilter(OncePerRequestFilter.java:116) ~[spring-web-6.2.12.jar:6.2.12]
	at org.springframework.security.web.FilterChainProxy$VirtualFilterChain.doFilter(FilterChainProxy.java:374) ~[spring-security-web-6.5.6.jar:6.5.6]
	at org.springframework.security.web.session.DisableEncodeUrlFilter.doFilterInternal(DisableEncodeUrlFilter.java:42) ~[spring-security-web-6.5.6.jar:6.5.6]
	at org.springframework.web.filter.OncePerRequestFilter.doFilter(OncePerRequestFilter.java:116) ~[spring-web-6.2.12.jar:6.2.12]
	at org.springframework.security.web.FilterChainProxy$VirtualFilterChain.doFilter(FilterChainProxy.java:374) ~[spring-security-web-6.5.6.jar:6.5.6]
	at org.springframework.security.web.FilterChainProxy.doFilterInternal(FilterChainProxy.java:233) ~[spring-security-web-6.5.6.jar:6.5.6]
	at org.springframework.security.web.FilterChainProxy.doFilter(FilterChainProxy.java:191) ~[spring-security-web-6.5.6.jar:6.5.6]
	at org.springframework.web.filter.CompositeFilter$VirtualFilterChain.doFilter(CompositeFilter.java:113) ~[spring-web-6.2.12.jar:6.2.12]
	at org.springframework.web.filter.ServletRequestPathFilter.doFilter(ServletRequestPathFilter.java:52) ~[spring-web-6.2.12.jar:6.2.12]
	at org.springframework.web.filter.CompositeFilter$VirtualFilterChain.doFilter(CompositeFilter.java:113) ~[spring-web-6.2.12.jar:6.2.12]
	at org.springframework.web.filter.CompositeFilter.doFilter(CompositeFilter.java:74) ~[spring-web-6.2.12.jar:6.2.12]
	at org.springframework.security.config.annotation.web.configuration.WebSecurityConfiguration$CompositeFilterChainProxy.doFilter(WebSecurityConfiguration.java:319) ~[spring-security-config-6.5.6.jar:6.5.6]
	at org.springframework.web.filter.CompositeFilter$VirtualFilterChain.doFilter(CompositeFilter.java:113) ~[spring-web-6.2.12.jar:6.2.12]
	at org.springframework.web.servlet.handler.HandlerMappingIntrospector.lambda$createCacheFilter$4(HandlerMappingIntrospector.java:267) ~[spring-webmvc-6.2.12.jar:6.2.12]
	at org.springframework.web.filter.CompositeFilter$VirtualFilterChain.doFilter(CompositeFilter.java:113) ~[spring-web-6.2.12.jar:6.2.12]
	at org.springframework.web.filter.CompositeFilter.doFilter(CompositeFilter.java:74) ~[spring-web-6.2.12.jar:6.2.12]
	at org.springframework.security.config.annotation.web.configuration.WebMvcSecurityConfiguration$CompositeFilterChainProxy.doFilter(WebMvcSecurityConfiguration.java:240) ~[spring-security-config-6.5.6.jar:6.5.6]
	at org.springframework.web.filter.DelegatingFilterProxy.invokeDelegate(DelegatingFilterProxy.java:362) ~[spring-web-6.2.12.jar:6.2.12]
	at org.springframework.web.filter.DelegatingFilterProxy.doFilter(DelegatingFilterProxy.java:278) ~[spring-web-6.2.12.jar:6.2.12]
	at org.apache.catalina.core.ApplicationFilterChain.internalDoFilter(ApplicationFilterChain.java:162) ~[tomcat-embed-core-10.1.48.jar:10.1.48]
	at org.apache.catalina.core.ApplicationFilterChain.doFilter(ApplicationFilterChain.java:138) ~[tomcat-embed-core-10.1.48.jar:10.1.48]
	at org.springframework.web.filter.RequestContextFilter.doFilterInternal(RequestContextFilter.java:100) ~[spring-web-6.2.12.jar:6.2.12]
	at org.springframework.web.filter.OncePerRequestFilter.doFilter(OncePerRequestFilter.java:116) ~[spring-web-6.2.12.jar:6.2.12]
	at org.apache.catalina.core.ApplicationFilterChain.internalDoFilter(ApplicationFilterChain.java:162) ~[tomcat-embed-core-10.1.48.jar:10.1.48]
	at org.apache.catalina.core.ApplicationFilterChain.doFilter(ApplicationFilterChain.java:138) ~[tomcat-embed-core-10.1.48.jar:10.1.48]
	at org.springframework.web.filter.FormContentFilter.doFilterInternal(FormContentFilter.java:93) ~[spring-web-6.2.12.jar:6.2.12]
	at org.springframework.web.filter.OncePerRequestFilter.doFilter(OncePerRequestFilter.java:116) ~[spring-web-6.2.12.jar:6.2.12]
	at org.apache.catalina.core.ApplicationFilterChain.internalDoFilter(ApplicationFilterChain.java:162) ~[tomcat-embed-core-10.1.48.jar:10.1.48]
	at org.apache.catalina.core.ApplicationFilterChain.doFilter(ApplicationFilterChain.java:138) ~[tomcat-embed-core-10.1.48.jar:10.1.48]
	at org.springframework.web.filter.CharacterEncodingFilter.doFilterInternal(CharacterEncodingFilter.java:201) ~[spring-web-6.2.12.jar:6.2.12]
	at org.springframework.web.filter.OncePerRequestFilter.doFilter(OncePerRequestFilter.java:116) ~[spring-web-6.2.12.jar:6.2.12]
	at org.apache.catalina.core.ApplicationFilterChain.internalDoFilter(ApplicationFilterChain.java:162) ~[tomcat-embed-core-10.1.48.jar:10.1.48]
	at org.apache.catalina.core.ApplicationFilterChain.doFilter(ApplicationFilterChain.java:138) ~[tomcat-embed-core-10.1.48.jar:10.1.48]
	at org.apache.catalina.core.StandardWrapperValve.invoke(StandardWrapperValve.java:165) ~[tomcat-embed-core-10.1.48.jar:10.1.48]
	at org.apache.catalina.core.StandardContextValve.invoke(StandardContextValve.java:88) ~[tomcat-embed-core-10.1.48.jar:10.1.48]
	at org.apache.catalina.authenticator.AuthenticatorBase.invoke(AuthenticatorBase.java:482) ~[tomcat-embed-core-10.1.48.jar:10.1.48]
	at org.apache.catalina.core.StandardHostValve.invoke(StandardHostValve.java:113) ~[tomcat-embed-core-10.1.48.jar:10.1.48]
	at org.apache.catalina.valves.ErrorReportValve.invoke(ErrorReportValve.java:83) ~[tomcat-embed-core-10.1.48.jar:10.1.48]
	at org.apache.catalina.core.StandardEngineValve.invoke(StandardEngineValve.java:72) ~[tomcat-embed-core-10.1.48.jar:10.1.48]
	at org.apache.catalina.connector.CoyoteAdapter.service(CoyoteAdapter.java:342) ~[tomcat-embed-core-10.1.48.jar:10.1.48]
	at org.apache.coyote.http11.Http11Processor.service(Http11Processor.java:399) ~[tomcat-embed-core-10.1.48.jar:10.1.48]
	at org.apache.coyote.AbstractProcessorLight.process(AbstractProcessorLight.java:63) ~[tomcat-embed-core-10.1.48.jar:10.1.48]
	at org.apache.coyote.AbstractProtocol$ConnectionHandler.process(AbstractProtocol.java:903) ~[tomcat-embed-core-10.1.48.jar:10.1.48]
	at org.apache.tomcat.util.net.NioEndpoint$SocketProcessor.doRun(NioEndpoint.java:1774) ~[tomcat-embed-core-10.1.48.jar:10.1.48]
	at org.apache.tomcat.util.net.SocketProcessorBase.run(SocketProcessorBase.java:52) ~[tomcat-embed-core-10.1.48.jar:10.1.48]
	at org.apache.tomcat.util.threads.ThreadPoolExecutor.runWorker(ThreadPoolExecutor.java:973) ~[tomcat-embed-core-10.1.48.jar:10.1.48]
	at org.apache.tomcat.util.threads.ThreadPoolExecutor$Worker.run(ThreadPoolExecutor.java:491) ~[tomcat-embed-core-10.1.48.jar:10.1.48]
	at org.apache.tomcat.util.threads.TaskThread$WrappingRunnable.run(TaskThread.java:63) ~[tomcat-embed-core-10.1.48.jar:10.1.48]
	at java.base/java.lang.Thread.run(Thread.java:1474) ~[na:na]
Caused by: org.postgresql.util.PSQLException: ERROR: current transaction is aborted, commands ignored until end of transaction block
	at org.postgresql.core.v3.QueryExecutorImpl.receiveErrorResponse(QueryExecutorImpl.java:2736) ~[postgresql-42.7.8.jar:42.7.8]
	at org.postgresql.core.v3.QueryExecutorImpl.processResults(QueryExecutorImpl.java:2421) ~[postgresql-42.7.8.jar:42.7.8]
	at org.postgresql.core.v3.QueryExecutorImpl.execute(QueryExecutorImpl.java:372) ~[postgresql-42.7.8.jar:42.7.8]
	at org.postgresql.jdbc.PgStatement.executeInternal(PgStatement.java:525) ~[postgresql-42.7.8.jar:42.7.8]
	at org.postgresql.jdbc.PgStatement.execute(PgStatement.java:435) ~[postgresql-42.7.8.jar:42.7.8]
	at org.postgresql.jdbc.PgPreparedStatement.executeWithFlags(PgPreparedStatement.java:196) ~[postgresql-42.7.8.jar:42.7.8]
	at org.postgresql.jdbc.PgPreparedStatement.executeQuery(PgPreparedStatement.java:139) ~[postgresql-42.7.8.jar:42.7.8]
	at com.zaxxer.hikari.pool.ProxyPreparedStatement.executeQuery(ProxyPreparedStatement.java:52) ~[HikariCP-6.3.3.jar:na]
	at com.zaxxer.hikari.pool.HikariProxyPreparedStatement.executeQuery(HikariProxyPreparedStatement.java) ~[HikariCP-6.3.3.jar:na]
	at org.hibernate.sql.results.jdbc.internal.DeferredResultSetAccess.executeQuery(DeferredResultSetAccess.java:251) ~[hibernate-core-6.6.33.Final.jar:6.6.33.Final]
	... 159 common frames omitted
Caused by: org.postgresql.util.PSQLException: ERROR: new row for relation "notifications" violates check constraint "notifications_type_check"
  Detail: Failing row contains (21, 2026-01-17 22:15:58.170951, f, Your report about a post has been resolved by admin, REPORT_REVIEWED, 6, null, null, 22).
	at org.postgresql.core.v3.QueryExecutorImpl.receiveErrorResponse(QueryExecutorImpl.java:2736) ~[postgresql-42.7.8.jar:42.7.8]
	at org.postgresql.core.v3.QueryExecutorImpl.processResults(QueryExecutorImpl.java:2421) ~[postgresql-42.7.8.jar:42.7.8]
	at org.postgresql.core.v3.QueryExecutorImpl.execute(QueryExecutorImpl.java:372) ~[postgresql-42.7.8.jar:42.7.8]
	at org.postgresql.jdbc.PgStatement.executeInternal(PgStatement.java:525) ~[postgresql-42.7.8.jar:42.7.8]
	at org.postgresql.jdbc.PgStatement.execute(PgStatement.java:435) ~[postgresql-42.7.8.jar:42.7.8]
	at org.postgresql.jdbc.PgPreparedStatement.executeWithFlags(PgPreparedStatement.java:196) ~[postgresql-42.7.8.jar:42.7.8]
	at org.postgresql.jdbc.PgPreparedStatement.executeUpdate(PgPreparedStatement.java:157) ~[postgresql-42.7.8.jar:42.7.8]
	at com.zaxxer.hikari.pool.ProxyPreparedStatement.executeUpdate(ProxyPreparedStatement.java:61) ~[HikariCP-6.3.3.jar:na]
	at com.zaxxer.hikari.pool.HikariProxyPreparedStatement.executeUpdate(HikariProxyPreparedStatement.java) ~[HikariCP-6.3.3.jar:na]
	at org.hibernate.engine.jdbc.internal.ResultSetReturnImpl.executeUpdate(ResultSetReturnImpl.java:194) ~[hibernate-core-6.6.33.Final.jar:6.6.33.Final]
	at org.hibernate.id.insert.GetGeneratedKeysDelegate.performMutation(GetGeneratedKeysDelegate.java:116) ~[hibernate-core-6.6.33.Final.jar:6.6.33.Final]
	at org.hibernate.engine.jdbc.mutation.internal.MutationExecutorSingleNonBatched.performNonBatchedOperations(MutationExecutorSingleNonBatched.java:47) ~[hibernate-core-6.6.33.Final.jar:6.6.33.Final]
	at org.hibernate.engine.jdbc.mutation.internal.AbstractMutationExecutor.execute(AbstractMutationExecutor.java:55) ~[hibernate-core-6.6.33.Final.jar:6.6.33.Final]
	at org.hibernate.persister.entity.mutation.InsertCoordinatorStandard.doStaticInserts(InsertCoordinatorStandard.java:194) ~[hibernate-core-6.6.33.Final.jar:6.6.33.Final]
	at org.hibernate.persister.entity.mutation.InsertCoordinatorStandard.coordinateInsert(InsertCoordinatorStandard.java:132) ~[hibernate-core-6.6.33.Final.jar:6.6.33.Final]
	at org.hibernate.persister.entity.mutation.InsertCoordinatorStandard.insert(InsertCoordinatorStandard.java:95) ~[hibernate-core-6.6.33.Final.jar:6.6.33.Final]
	at org.hibernate.action.internal.EntityIdentityInsertAction.execute(EntityIdentityInsertAction.java:85) ~[hibernate-core-6.6.33.Final.jar:6.6.33.Final]
	at org.hibernate.engine.spi.ActionQueue.execute(ActionQueue.java:682) ~[hibernate-core-6.6.33.Final.jar:6.6.33.Final]
	at org.hibernate.engine.spi.ActionQueue.addResolvedEntityInsertAction(ActionQueue.java:293) ~[hibernate-core-6.6.33.Final.jar:6.6.33.Final]
	at org.hibernate.engine.spi.ActionQueue.addInsertAction(ActionQueue.java:274) ~[hibernate-core-6.6.33.Final.jar:6.6.33.Final]
	at org.hibernate.engine.spi.ActionQueue.addAction(ActionQueue.java:324) ~[hibernate-core-6.6.33.Final.jar:6.6.33.Final]
	at org.hibernate.event.internal.AbstractSaveEventListener.addInsertAction(AbstractSaveEventListener.java:394) ~[hibernate-core-6.6.33.Final.jar:6.6.33.Final]
	at org.hibernate.event.internal.AbstractSaveEventListener.performSaveOrReplicate(AbstractSaveEventListener.java:308) ~[hibernate-core-6.6.33.Final.jar:6.6.33.Final]
	at org.hibernate.event.internal.AbstractSaveEventListener.performSave(AbstractSaveEventListener.java:224) ~[hibernate-core-6.6.33.Final.jar:6.6.33.Final]
	at org.hibernate.event.internal.AbstractSaveEventListener.saveWithGeneratedId(AbstractSaveEventListener.java:136) ~[hibernate-core-6.6.33.Final.jar:6.6.33.Final]
	at org.hibernate.event.internal.DefaultPersistEventListener.entityIsTransient(DefaultPersistEventListener.java:177) ~[hibernate-core-6.6.33.Final.jar:6.6.33.Final]
	at org.hibernate.event.internal.DefaultPersistEventListener.persist(DefaultPersistEventListener.java:95) ~[hibernate-core-6.6.33.Final.jar:6.6.33.Final]
	at org.hibernate.event.internal.DefaultPersistEventListener.onPersist(DefaultPersistEventListener.java:79) ~[hibernate-core-6.6.33.Final.jar:6.6.33.Final]
	at org.hibernate.event.internal.DefaultPersistEventListener.onPersist(DefaultPersistEventListener.java:55) ~[hibernate-core-6.6.33.Final.jar:6.6.33.Final]
	at org.hibernate.event.service.internal.EventListenerGroupImpl.fireEventOnEachListener(EventListenerGroupImpl.java:127) ~[hibernate-core-6.6.33.Final.jar:6.6.33.Final]
	at org.hibernate.internal.SessionImpl.firePersist(SessionImpl.java:761) ~[hibernate-core-6.6.33.Final.jar:6.6.33.Final]
	at org.hibernate.internal.SessionImpl.persist(SessionImpl.java:745) ~[hibernate-core-6.6.33.Final.jar:6.6.33.Final]
	at java.base/jdk.internal.reflect.DirectMethodHandleAccessor.invoke(DirectMethodHandleAccessor.java:104) ~[na:na]
	at java.base/java.lang.reflect.Method.invoke(Method.java:565) ~[na:na]
	at org.springframework.orm.jpa.ExtendedEntityManagerCreator$ExtendedEntityManagerInvocationHandler.invoke(ExtendedEntityManagerCreator.java:364) ~[spring-orm-6.2.12.jar:6.2.12]
	at jdk.proxy12/jdk.proxy12.$Proxy206.persist(Unknown Source) ~[na:na]
	at java.base/jdk.internal.reflect.DirectMethodHandleAccessor.invoke(DirectMethodHandleAccessor.java:104) ~[na:na]
	at java.base/java.lang.reflect.Method.invoke(Method.java:565) ~[na:na]
	at org.springframework.orm.jpa.SharedEntityManagerCreator$SharedEntityManagerInvocationHandler.invoke(SharedEntityManagerCreator.java:320) ~[spring-orm-6.2.12.jar:6.2.12]
	at jdk.proxy12/jdk.proxy12.$Proxy206.persist(Unknown Source) ~[na:na]
	at org.springframework.data.jpa.repository.support.SimpleJpaRepository.save(SimpleJpaRepository.java:654) ~[spring-data-jpa-3.5.5.jar:3.5.5]
	at java.base/jdk.internal.reflect.DirectMethodHandleAccessor.invoke(DirectMethodHandleAccessor.java:104) ~[na:na]
	at java.base/java.lang.reflect.Method.invoke(Method.java:565) ~[na:na]
	at org.springframework.aop.support.AopUtils.invokeJoinpointUsingReflection(AopUtils.java:360) ~[spring-aop-6.2.12.jar:6.2.12]
	at org.springframework.data.repository.core.support.RepositoryMethodInvoker$RepositoryFragmentMethodInvoker.lambda$new$0(RepositoryMethodInvoker.java:277) ~[spring-data-commons-3.5.5.jar:3.5.5]
	at org.springframework.data.repository.core.support.RepositoryMethodInvoker.doInvoke(RepositoryMethodInvoker.java:170) ~[spring-data-commons-3.5.5.jar:3.5.5]
	at org.springframework.data.repository.core.support.RepositoryMethodInvoker.invoke(RepositoryMethodInvoker.java:158) ~[spring-data-commons-3.5.5.jar:3.5.5]
	at org.springframework.data.repository.core.support.RepositoryComposition$RepositoryFragments.invoke(RepositoryComposition.java:515) ~[spring-data-commons-3.5.5.jar:3.5.5]
	at org.springframework.data.repository.core.support.RepositoryComposition.invoke(RepositoryComposition.java:284) ~[spring-data-commons-3.5.5.jar:3.5.5]
	at org.springframework.data.repository.core.support.RepositoryFactorySupport$ImplementationMethodExecutionInterceptor.invoke(RepositoryFactorySupport.java:734) ~[spring-data-commons-3.5.5.jar:3.5.5]
	at org.springframework.aop.framework.ReflectiveMethodInvocation.proceed(ReflectiveMethodInvocation.java:184) ~[spring-aop-6.2.12.jar:6.2.12]
	at org.springframework.data.repository.core.support.QueryExecutorMethodInterceptor.doInvoke(QueryExecutorMethodInterceptor.java:174) ~[spring-data-commons-3.5.5.jar:3.5.5]
	at org.springframework.data.repository.core.support.QueryExecutorMethodInterceptor.invoke(QueryExecutorMethodInterceptor.java:149) ~[spring-data-commons-3.5.5.jar:3.5.5]
	at org.springframework.aop.framework.ReflectiveMethodInvocation.proceed(ReflectiveMethodInvocation.java:184) ~[spring-aop-6.2.12.jar:6.2.12]
	at org.springframework.data.projection.DefaultMethodInvokingMethodInterceptor.invoke(DefaultMethodInvokingMethodInterceptor.java:69) ~[spring-data-commons-3.5.5.jar:3.5.5]
	at org.springframework.aop.framework.ReflectiveMethodInvocation.proceed(ReflectiveMethodInvocation.java:184) ~[spring-aop-6.2.12.jar:6.2.12]
	at org.springframework.transaction.interceptor.TransactionAspectSupport.invokeWithinTransaction(TransactionAspectSupport.java:380) ~[spring-tx-6.2.12.jar:6.2.12]
	at org.springframework.transaction.interceptor.TransactionInterceptor.invoke(TransactionInterceptor.java:119) ~[spring-tx-6.2.12.jar:6.2.12]
	at org.springframework.aop.framework.ReflectiveMethodInvocation.proceed(ReflectiveMethodInvocation.java:184) ~[spring-aop-6.2.12.jar:6.2.12]
	at org.springframework.dao.support.PersistenceExceptionTranslationInterceptor.invoke(PersistenceExceptionTranslationInterceptor.java:138) ~[spring-tx-6.2.12.jar:6.2.12]
	at org.springframework.aop.framework.ReflectiveMethodInvocation.proceed(ReflectiveMethodInvocation.java:184) ~[spring-aop-6.2.12.jar:6.2.12]
	at org.springframework.data.jpa.repository.support.CrudMethodMetadataPostProcessor$CrudMethodMetadataPopulatingMethodInterceptor.invoke(CrudMethodMetadataPostProcessor.java:165) ~[spring-data-jpa-3.5.5.jar:3.5.5]
	at org.springframework.aop.framework.ReflectiveMethodInvocation.proceed(ReflectiveMethodInvocation.java:184) ~[spring-aop-6.2.12.jar:6.2.12]
	at org.springframework.aop.framework.JdkDynamicAopProxy.invoke(JdkDynamicAopProxy.java:223) ~[spring-aop-6.2.12.jar:6.2.12]
	at jdk.proxy12/jdk.proxy12.$Proxy212.save(Unknown Source) ~[na:na]
	at com._Blog.mojebbari.services.NotificationService.createReportReviewedNotification(NotificationService.java:116) ~[classes/:na]
	at java.base/jdk.internal.reflect.DirectMethodHandleAccessor.invoke(DirectMethodHandleAccessor.java:104) ~[na:na]
	at java.base/java.lang.reflect.Method.invoke(Method.java:565) ~[na:na]
	at org.springframework.aop.support.AopUtils.invokeJoinpointUsingReflection(AopUtils.java:360) ~[spring-aop-6.2.12.jar:6.2.12]
	at org.springframework.aop.framework.ReflectiveMethodInvocation.invokeJoinpoint(ReflectiveMethodInvocation.java:196) ~[spring-aop-6.2.12.jar:6.2.12]
	at org.springframework.aop.framework.ReflectiveMethodInvocation.proceed(ReflectiveMethodInvocation.java:163) ~[spring-aop-6.2.12.jar:6.2.12]
	at org.springframework.transaction.interceptor.TransactionAspectSupport.invokeWithinTransaction(TransactionAspectSupport.java:380) ~[spring-tx-6.2.12.jar:6.2.12]
	at org.springframework.transaction.interceptor.TransactionInterceptor.invoke(TransactionInterceptor.java:119) ~[spring-tx-6.2.12.jar:6.2.12]
	at org.springframework.aop.framework.ReflectiveMethodInvocation.proceed(ReflectiveMethodInvocation.java:184) ~[spring-aop-6.2.12.jar:6.2.12]
	at org.springframework.aop.framework.CglibAopProxy$DynamicAdvisedInterceptor.intercept(CglibAopProxy.java:728) ~[spring-aop-6.2.12.jar:6.2.12]
	at com._Blog.mojebbari.services.NotificationService$$SpringCGLIB$$0.createReportReviewedNotification(<generated>) ~[classes/:na]
	at com._Blog.mojebbari.services.ReportService.createReportReviewedNotification(ReportService.java:210) ~[classes/:na]
	at com._Blog.mojebbari.services.ReportService.updateReportStatus(ReportService.java:195) ~[classes/:na]
	... 130 common frames omitted

2026-01-17T22:15:58.179+01:00 ERROR 52678 --- [mojebbari] [nio-8080-exec-2] o.a.c.c.C.[.[.[/].[dispatcherServlet]    : Servlet.service() for servlet [dispatcherServlet] in context with path [] threw exception [Request processing failed: org.hibernate.exception.GenericJDBCException: JDBC exception executing SQL [select p1_0.id,p1_0.category,p1_0.content,p1_0.created_at,p1_0.media_url,p1_0.title,p1_0.user_id from posts p1_0 where p1_0.id=?] [ERROR: current transaction is aborted, commands ignored until end of transaction block] [n/a]] with root cause

org.postgresql.util.PSQLException: ERROR: new row for relation "notifications" violates check constraint "notifications_type_check"
  Detail: Failing row contains (21, 2026-01-17 22:15:58.170951, f, Your report about a post has been resolved by admin, REPORT_REVIEWED, 6, null, null, 22).
	at org.postgresql.core.v3.QueryExecutorImpl.receiveErrorResponse(QueryExecutorImpl.java:2736) ~[postgresql-42.7.8.jar:42.7.8]
	at org.postgresql.core.v3.QueryExecutorImpl.processResults(QueryExecutorImpl.java:2421) ~[postgresql-42.7.8.jar:42.7.8]
	at org.postgresql.core.v3.QueryExecutorImpl.execute(QueryExecutorImpl.java:372) ~[postgresql-42.7.8.jar:42.7.8]
	at org.postgresql.jdbc.PgStatement.executeInternal(PgStatement.java:525) ~[postgresql-42.7.8.jar:42.7.8]
	at org.postgresql.jdbc.PgStatement.execute(PgStatement.java:435) ~[postgresql-42.7.8.jar:42.7.8]
	at org.postgresql.jdbc.PgPreparedStatement.executeWithFlags(PgPreparedStatement.java:196) ~[postgresql-42.7.8.jar:42.7.8]
	at org.postgresql.jdbc.PgPreparedStatement.executeUpdate(PgPreparedStatement.java:157) ~[postgresql-42.7.8.jar:42.7.8]
	at com.zaxxer.hikari.pool.ProxyPreparedStatement.executeUpdate(ProxyPreparedStatement.java:61) ~[HikariCP-6.3.3.jar:na]
	at com.zaxxer.hikari.pool.HikariProxyPreparedStatement.executeUpdate(HikariProxyPreparedStatement.java) ~[HikariCP-6.3.3.jar:na]
	at org.hibernate.engine.jdbc.internal.ResultSetReturnImpl.executeUpdate(ResultSetReturnImpl.java:194) ~[hibernate-core-6.6.33.Final.jar:6.6.33.Final]
	at org.hibernate.id.insert.GetGeneratedKeysDelegate.performMutation(GetGeneratedKeysDelegate.java:116) ~[hibernate-core-6.6.33.Final.jar:6.6.33.Final]
	at org.hibernate.engine.jdbc.mutation.internal.MutationExecutorSingleNonBatched.performNonBatchedOperations(MutationExecutorSingleNonBatched.java:47) ~[hibernate-core-6.6.33.Final.jar:6.6.33.Final]
	at org.hibernate.engine.jdbc.mutation.internal.AbstractMutationExecutor.execute(AbstractMutationExecutor.java:55) ~[hibernate-core-6.6.33.Final.jar:6.6.33.Final]
	at org.hibernate.persister.entity.mutation.InsertCoordinatorStandard.doStaticInserts(InsertCoordinatorStandard.java:194) ~[hibernate-core-6.6.33.Final.jar:6.6.33.Final]
	at org.hibernate.persister.entity.mutation.InsertCoordinatorStandard.coordinateInsert(InsertCoordinatorStandard.java:132) ~[hibernate-core-6.6.33.Final.jar:6.6.33.Final]
	at org.hibernate.persister.entity.mutation.InsertCoordinatorStandard.insert(InsertCoordinatorStandard.java:95) ~[hibernate-core-6.6.33.Final.jar:6.6.33.Final]
	at org.hibernate.action.internal.EntityIdentityInsertAction.execute(EntityIdentityInsertAction.java:85) ~[hibernate-core-6.6.33.Final.jar:6.6.33.Final]
	at org.hibernate.engine.spi.ActionQueue.execute(ActionQueue.java:682) ~[hibernate-core-6.6.33.Final.jar:6.6.33.Final]
	at org.hibernate.engine.spi.ActionQueue.addResolvedEntityInsertAction(ActionQueue.java:293) ~[hibernate-core-6.6.33.Final.jar:6.6.33.Final]
	at org.hibernate.engine.spi.ActionQueue.addInsertAction(ActionQueue.java:274) ~[hibernate-core-6.6.33.Final.jar:6.6.33.Final]
	at org.hibernate.engine.spi.ActionQueue.addAction(ActionQueue.java:324) ~[hibernate-core-6.6.33.Final.jar:6.6.33.Final]
	at org.hibernate.event.internal.AbstractSaveEventListener.addInsertAction(AbstractSaveEventListener.java:394) ~[hibernate-core-6.6.33.Final.jar:6.6.33.Final]
	at org.hibernate.event.internal.AbstractSaveEventListener.performSaveOrReplicate(AbstractSaveEventListener.java:308) ~[hibernate-core-6.6.33.Final.jar:6.6.33.Final]
	at org.hibernate.event.internal.AbstractSaveEventListener.performSave(AbstractSaveEventListener.java:224) ~[hibernate-core-6.6.33.Final.jar:6.6.33.Final]
	at org.hibernate.event.internal.AbstractSaveEventListener.saveWithGeneratedId(AbstractSaveEventListener.java:136) ~[hibernate-core-6.6.33.Final.jar:6.6.33.Final]
	at org.hibernate.event.internal.DefaultPersistEventListener.entityIsTransient(DefaultPersistEventListener.java:177) ~[hibernate-core-6.6.33.Final.jar:6.6.33.Final]
	at org.hibernate.event.internal.DefaultPersistEventListener.persist(DefaultPersistEventListener.java:95) ~[hibernate-core-6.6.33.Final.jar:6.6.33.Final]
	at org.hibernate.event.internal.DefaultPersistEventListener.onPersist(DefaultPersistEventListener.java:79) ~[hibernate-core-6.6.33.Final.jar:6.6.33.Final]
	at org.hibernate.event.internal.DefaultPersistEventListener.onPersist(DefaultPersistEventListener.java:55) ~[hibernate-core-6.6.33.Final.jar:6.6.33.Final]
	at org.hibernate.event.service.internal.EventListenerGroupImpl.fireEventOnEachListener(EventListenerGroupImpl.java:127) ~[hibernate-core-6.6.33.Final.jar:6.6.33.Final]
	at org.hibernate.internal.SessionImpl.firePersist(SessionImpl.java:761) ~[hibernate-core-6.6.33.Final.jar:6.6.33.Final]
	at org.hibernate.internal.SessionImpl.persist(SessionImpl.java:745) ~[hibernate-core-6.6.33.Final.jar:6.6.33.Final]
	at java.base/jdk.internal.reflect.DirectMethodHandleAccessor.invoke(DirectMethodHandleAccessor.java:104) ~[na:na]
	at java.base/java.lang.reflect.Method.invoke(Method.java:565) ~[na:na]
	at org.springframework.orm.jpa.ExtendedEntityManagerCreator$ExtendedEntityManagerInvocationHandler.invoke(ExtendedEntityManagerCreator.java:364) ~[spring-orm-6.2.12.jar:6.2.12]
	at jdk.proxy12/jdk.proxy12.$Proxy206.persist(Unknown Source) ~[na:na]
	at java.base/jdk.internal.reflect.DirectMethodHandleAccessor.invoke(DirectMethodHandleAccessor.java:104) ~[na:na]
	at java.base/java.lang.reflect.Method.invoke(Method.java:565) ~[na:na]
	at org.springframework.orm.jpa.SharedEntityManagerCreator$SharedEntityManagerInvocationHandler.invoke(SharedEntityManagerCreator.java:320) ~[spring-orm-6.2.12.jar:6.2.12]
	at jdk.proxy12/jdk.proxy12.$Proxy206.persist(Unknown Source) ~[na:na]
	at org.springframework.data.jpa.repository.support.SimpleJpaRepository.save(SimpleJpaRepository.java:654) ~[spring-data-jpa-3.5.5.jar:3.5.5]
	at java.base/jdk.internal.reflect.DirectMethodHandleAccessor.invoke(DirectMethodHandleAccessor.java:104) ~[na:na]
	at java.base/java.lang.reflect.Method.invoke(Method.java:565) ~[na:na]
	at org.springframework.aop.support.AopUtils.invokeJoinpointUsingReflection(AopUtils.java:360) ~[spring-aop-6.2.12.jar:6.2.12]
	at org.springframework.data.repository.core.support.RepositoryMethodInvoker$RepositoryFragmentMethodInvoker.lambda$new$0(RepositoryMethodInvoker.java:277) ~[spring-data-commons-3.5.5.jar:3.5.5]
	at org.springframework.data.repository.core.support.RepositoryMethodInvoker.doInvoke(RepositoryMethodInvoker.java:170) ~[spring-data-commons-3.5.5.jar:3.5.5]
	at org.springframework.data.repository.core.support.RepositoryMethodInvoker.invoke(RepositoryMethodInvoker.java:158) ~[spring-data-commons-3.5.5.jar:3.5.5]
	at org.springframework.data.repository.core.support.RepositoryComposition$RepositoryFragments.invoke(RepositoryComposition.java:515) ~[spring-data-commons-3.5.5.jar:3.5.5]
	at org.springframework.data.repository.core.support.RepositoryComposition.invoke(RepositoryComposition.java:284) ~[spring-data-commons-3.5.5.jar:3.5.5]
	at org.springframework.data.repository.core.support.RepositoryFactorySupport$ImplementationMethodExecutionInterceptor.invoke(RepositoryFactorySupport.java:734) ~[spring-data-commons-3.5.5.jar:3.5.5]
	at org.springframework.aop.framework.ReflectiveMethodInvocation.proceed(ReflectiveMethodInvocation.java:184) ~[spring-aop-6.2.12.jar:6.2.12]
	at org.springframework.data.repository.core.support.QueryExecutorMethodInterceptor.doInvoke(QueryExecutorMethodInterceptor.java:174) ~[spring-data-commons-3.5.5.jar:3.5.5]
	at org.springframework.data.repository.core.support.QueryExecutorMethodInterceptor.invoke(QueryExecutorMethodInterceptor.java:149) ~[spring-data-commons-3.5.5.jar:3.5.5]
	at org.springframework.aop.framework.ReflectiveMethodInvocation.proceed(ReflectiveMethodInvocation.java:184) ~[spring-aop-6.2.12.jar:6.2.12]
	at org.springframework.data.projection.DefaultMethodInvokingMethodInterceptor.invoke(DefaultMethodInvokingMethodInterceptor.java:69) ~[spring-data-commons-3.5.5.jar:3.5.5]
	at org.springframework.aop.framework.ReflectiveMethodInvocation.proceed(ReflectiveMethodInvocation.java:184) ~[spring-aop-6.2.12.jar:6.2.12]
	at org.springframework.transaction.interceptor.TransactionAspectSupport.invokeWithinTransaction(TransactionAspectSupport.java:380) ~[spring-tx-6.2.12.jar:6.2.12]
	at org.springframework.transaction.interceptor.TransactionInterceptor.invoke(TransactionInterceptor.java:119) ~[spring-tx-6.2.12.jar:6.2.12]
	at org.springframework.aop.framework.ReflectiveMethodInvocation.proceed(ReflectiveMethodInvocation.java:184) ~[spring-aop-6.2.12.jar:6.2.12]
	at org.springframework.dao.support.PersistenceExceptionTranslationInterceptor.invoke(PersistenceExceptionTranslationInterceptor.java:138) ~[spring-tx-6.2.12.jar:6.2.12]
	at org.springframework.aop.framework.ReflectiveMethodInvocation.proceed(ReflectiveMethodInvocation.java:184) ~[spring-aop-6.2.12.jar:6.2.12]
	at org.springframework.data.jpa.repository.support.CrudMethodMetadataPostProcessor$CrudMethodMetadataPopulatingMethodInterceptor.invoke(CrudMethodMetadataPostProcessor.java:165) ~[spring-data-jpa-3.5.5.jar:3.5.5]
	at org.springframework.aop.framework.ReflectiveMethodInvocation.proceed(ReflectiveMethodInvocation.java:184) ~[spring-aop-6.2.12.jar:6.2.12]
	at org.springframework.aop.framework.JdkDynamicAopProxy.invoke(JdkDynamicAopProxy.java:223) ~[spring-aop-6.2.12.jar:6.2.12]
	at jdk.proxy12/jdk.proxy12.$Proxy212.save(Unknown Source) ~[na:na]
	at com._Blog.mojebbari.services.NotificationService.createReportReviewedNotification(NotificationService.java:116) ~[classes/:na]
	at java.base/jdk.internal.reflect.DirectMethodHandleAccessor.invoke(DirectMethodHandleAccessor.java:104) ~[na:na]
	at java.base/java.lang.reflect.Method.invoke(Method.java:565) ~[na:na]
	at org.springframework.aop.support.AopUtils.invokeJoinpointUsingReflection(AopUtils.java:360) ~[spring-aop-6.2.12.jar:6.2.12]
	at org.springframework.aop.framework.ReflectiveMethodInvocation.invokeJoinpoint(ReflectiveMethodInvocation.java:196) ~[spring-aop-6.2.12.jar:6.2.12]
	at org.springframework.aop.framework.ReflectiveMethodInvocation.proceed(ReflectiveMethodInvocation.java:163) ~[spring-aop-6.2.12.jar:6.2.12]
	at org.springframework.transaction.interceptor.TransactionAspectSupport.invokeWithinTransaction(TransactionAspectSupport.java:380) ~[spring-tx-6.2.12.jar:6.2.12]
	at org.springframework.transaction.interceptor.TransactionInterceptor.invoke(TransactionInterceptor.java:119) ~[spring-tx-6.2.12.jar:6.2.12]
	at org.springframework.aop.framework.ReflectiveMethodInvocation.proceed(ReflectiveMethodInvocation.java:184) ~[spring-aop-6.2.12.jar:6.2.12]
	at org.springframework.aop.framework.CglibAopProxy$DynamicAdvisedInterceptor.intercept(CglibAopProxy.java:728) ~[spring-aop-6.2.12.jar:6.2.12]
	at com._Blog.mojebbari.services.NotificationService$$SpringCGLIB$$0.createReportReviewedNotification(<generated>) ~[classes/:na]
	at com._Blog.mojebbari.services.ReportService.createReportReviewedNotification(ReportService.java:210) ~[classes/:na]
	at com._Blog.mojebbari.services.ReportService.updateReportStatus(ReportService.java:195) ~[classes/:na]
	at java.base/jdk.internal.reflect.DirectMethodHandleAccessor.invoke(DirectMethodHandleAccessor.java:104) ~[na:na]
	at java.base/java.lang.reflect.Method.invoke(Method.java:565) ~[na:na]
	at org.springframework.aop.support.AopUtils.invokeJoinpointUsingReflection(AopUtils.java:360) ~[spring-aop-6.2.12.jar:6.2.12]
	at org.springframework.aop.framework.ReflectiveMethodInvocation.invokeJoinpoint(ReflectiveMethodInvocation.java:196) ~[spring-aop-6.2.12.jar:6.2.12]
	at org.springframework.aop.framework.ReflectiveMethodInvocation.proceed(ReflectiveMethodInvocation.java:163) ~[spring-aop-6.2.12.jar:6.2.12]
	at org.springframework.transaction.interceptor.TransactionAspectSupport.invokeWithinTransaction(TransactionAspectSupport.java:380) ~[spring-tx-6.2.12.jar:6.2.12]
	at org.springframework.transaction.interceptor.TransactionInterceptor.invoke(TransactionInterceptor.java:119) ~[spring-tx-6.2.12.jar:6.2.12]
	at org.springframework.aop.framework.ReflectiveMethodInvocation.proceed(ReflectiveMethodInvocation.java:184) ~[spring-aop-6.2.12.jar:6.2.12]
	at org.springframework.aop.framework.CglibAopProxy$DynamicAdvisedInterceptor.intercept(CglibAopProxy.java:728) ~[spring-aop-6.2.12.jar:6.2.12]
	at com._Blog.mojebbari.services.ReportService$$SpringCGLIB$$0.updateReportStatus(<generated>) ~[classes/:na]
	at com._Blog.mojebbari.controllers.ReportController.updateReportStatus(ReportController.java:148) ~[classes/:na]
	at java.base/jdk.internal.reflect.DirectMethodHandleAccessor.invoke(DirectMethodHandleAccessor.java:104) ~[na:na]
	at java.base/java.lang.reflect.Method.invoke(Method.java:565) ~[na:na]
	at org.springframework.aop.support.AopUtils.invokeJoinpointUsingReflection(AopUtils.java:360) ~[spring-aop-6.2.12.jar:6.2.12]
	at org.springframework.aop.framework.ReflectiveMethodInvocation.invokeJoinpoint(ReflectiveMethodInvocation.java:196) ~[spring-aop-6.2.12.jar:6.2.12]
	at org.springframework.aop.framework.ReflectiveMethodInvocation.proceed(ReflectiveMethodInvocation.java:163) ~[spring-aop-6.2.12.jar:6.2.12]
	at org.springframework.security.authorization.method.AuthorizationManagerBeforeMethodInterceptor.proceed(AuthorizationManagerBeforeMethodInterceptor.java:268) ~[spring-security-core-6.5.6.jar:6.5.6]
	at org.springframework.security.authorization.method.AuthorizationManagerBeforeMethodInterceptor.attemptAuthorization(AuthorizationManagerBeforeMethodInterceptor.java:263) ~[spring-security-core-6.5.6.jar:6.5.6]
	at org.springframework.security.authorization.method.AuthorizationManagerBeforeMethodInterceptor.invoke(AuthorizationManagerBeforeMethodInterceptor.java:196) ~[spring-security-core-6.5.6.jar:6.5.6]
	at org.springframework.security.config.annotation.method.configuration.DeferringMethodInterceptor.invoke(DeferringMethodInterceptor.java:44) ~[spring-security-config-6.5.6.jar:6.5.6]
	at org.springframework.aop.framework.ReflectiveMethodInvocation.proceed(ReflectiveMethodInvocation.java:184) ~[spring-aop-6.2.12.jar:6.2.12]
	at org.springframework.aop.framework.CglibAopProxy$DynamicAdvisedInterceptor.intercept(CglibAopProxy.java:728) ~[spring-aop-6.2.12.jar:6.2.12]
	at com._Blog.mojebbari.controllers.ReportController$$SpringCGLIB$$0.updateReportStatus(<generated>) ~[classes/:na]
	at java.base/jdk.internal.reflect.DirectMethodHandleAccessor.invoke(DirectMethodHandleAccessor.java:104) ~[na:na]
	at java.base/java.lang.reflect.Method.invoke(Method.java:565) ~[na:na]
	at org.springframework.web.method.support.InvocableHandlerMethod.doInvoke(InvocableHandlerMethod.java:258) ~[spring-web-6.2.12.jar:6.2.12]
	at org.springframework.web.method.support.InvocableHandlerMethod.invokeForRequest(InvocableHandlerMethod.java:191) ~[spring-web-6.2.12.jar:6.2.12]
	at org.springframework.web.servlet.mvc.method.annotation.ServletInvocableHandlerMethod.invokeAndHandle(ServletInvocableHandlerMethod.java:118) ~[spring-webmvc-6.2.12.jar:6.2.12]
	at org.springframework.web.servlet.mvc.method.annotation.RequestMappingHandlerAdapter.invokeHandlerMethod(RequestMappingHandlerAdapter.java:991) ~[spring-webmvc-6.2.12.jar:6.2.12]
	at org.springframework.web.servlet.mvc.method.annotation.RequestMappingHandlerAdapter.handleInternal(RequestMappingHandlerAdapter.java:896) ~[spring-webmvc-6.2.12.jar:6.2.12]
	at org.springframework.web.servlet.mvc.method.AbstractHandlerMethodAdapter.handle(AbstractHandlerMethodAdapter.java:87) ~[spring-webmvc-6.2.12.jar:6.2.12]
	at org.springframework.web.servlet.DispatcherServlet.doDispatch(DispatcherServlet.java:1089) ~[spring-webmvc-6.2.12.jar:6.2.12]
	at org.springframework.web.servlet.DispatcherServlet.doService(DispatcherServlet.java:979) ~[spring-webmvc-6.2.12.jar:6.2.12]
	at org.springframework.web.servlet.FrameworkServlet.processRequest(FrameworkServlet.java:1014) ~[spring-webmvc-6.2.12.jar:6.2.12]
	at org.springframework.web.servlet.FrameworkServlet.doPut(FrameworkServlet.java:925) ~[spring-webmvc-6.2.12.jar:6.2.12]
	at jakarta.servlet.http.HttpServlet.service(HttpServlet.java:593) ~[tomcat-embed-core-10.1.48.jar:6.0]
	at org.springframework.web.servlet.FrameworkServlet.service(FrameworkServlet.java:885) ~[spring-webmvc-6.2.12.jar:6.2.12]
	at jakarta.servlet.http.HttpServlet.service(HttpServlet.java:658) ~[tomcat-embed-core-10.1.48.jar:6.0]
	at org.apache.catalina.core.ApplicationFilterChain.internalDoFilter(ApplicationFilterChain.java:193) ~[tomcat-embed-core-10.1.48.jar:10.1.48]
	at org.apache.catalina.core.ApplicationFilterChain.doFilter(ApplicationFilterChain.java:138) ~[tomcat-embed-core-10.1.48.jar:10.1.48]
	at org.apache.tomcat.websocket.server.WsFilter.doFilter(WsFilter.java:51) ~[tomcat-embed-websocket-10.1.48.jar:10.1.48]
	at org.apache.catalina.core.ApplicationFilterChain.internalDoFilter(ApplicationFilterChain.java:162) ~[tomcat-embed-core-10.1.48.jar:10.1.48]
	at org.apache.catalina.core.ApplicationFilterChain.doFilter(ApplicationFilterChain.java:138) ~[tomcat-embed-core-10.1.48.jar:10.1.48]
	at org.springframework.web.filter.OncePerRequestFilter.doFilter(OncePerRequestFilter.java:110) ~[spring-web-6.2.12.jar:6.2.12]
	at org.apache.catalina.core.ApplicationFilterChain.internalDoFilter(ApplicationFilterChain.java:162) ~[tomcat-embed-core-10.1.48.jar:10.1.48]
	at org.apache.catalina.core.ApplicationFilterChain.doFilter(ApplicationFilterChain.java:138) ~[tomcat-embed-core-10.1.48.jar:10.1.48]
	at org.springframework.web.filter.CompositeFilter$VirtualFilterChain.doFilter(CompositeFilter.java:108) ~[spring-web-6.2.12.jar:6.2.12]
	at org.springframework.web.filter.CompositeFilter$VirtualFilterChain.doFilter(CompositeFilter.java:108) ~[spring-web-6.2.12.jar:6.2.12]
	at org.springframework.security.web.FilterChainProxy.lambda$doFilterInternal$3(FilterChainProxy.java:231) ~[spring-security-web-6.5.6.jar:6.5.6]
	at org.springframework.security.web.FilterChainProxy$VirtualFilterChain.doFilter(FilterChainProxy.java:365) ~[spring-security-web-6.5.6.jar:6.5.6]
	at org.springframework.security.web.access.intercept.AuthorizationFilter.doFilter(AuthorizationFilter.java:101) ~[spring-security-web-6.5.6.jar:6.5.6]
	at org.springframework.security.web.FilterChainProxy$VirtualFilterChain.doFilter(FilterChainProxy.java:374) ~[spring-security-web-6.5.6.jar:6.5.6]
	at org.springframework.security.web.access.ExceptionTranslationFilter.doFilter(ExceptionTranslationFilter.java:125) ~[spring-security-web-6.5.6.jar:6.5.6]
	at org.springframework.security.web.access.ExceptionTranslationFilter.doFilter(ExceptionTranslationFilter.java:119) ~[spring-security-web-6.5.6.jar:6.5.6]
	at org.springframework.security.web.FilterChainProxy$VirtualFilterChain.doFilter(FilterChainProxy.java:374) ~[spring-security-web-6.5.6.jar:6.5.6]
	at org.springframework.security.web.session.SessionManagementFilter.doFilter(SessionManagementFilter.java:131) ~[spring-security-web-6.5.6.jar:6.5.6]
	at org.springframework.security.web.session.SessionManagementFilter.doFilter(SessionManagementFilter.java:85) ~[spring-security-web-6.5.6.jar:6.5.6]
	at org.springframework.security.web.FilterChainProxy$VirtualFilterChain.doFilter(FilterChainProxy.java:374) ~[spring-security-web-6.5.6.jar:6.5.6]
	at org.springframework.security.web.authentication.AnonymousAuthenticationFilter.doFilter(AnonymousAuthenticationFilter.java:100) ~[spring-security-web-6.5.6.jar:6.5.6]
	at org.springframework.security.web.FilterChainProxy$VirtualFilterChain.doFilter(FilterChainProxy.java:374) ~[spring-security-web-6.5.6.jar:6.5.6]
	at org.springframework.security.web.servletapi.SecurityContextHolderAwareRequestFilter.doFilter(SecurityContextHolderAwareRequestFilter.java:179) ~[spring-security-web-6.5.6.jar:6.5.6]
	at org.springframework.security.web.FilterChainProxy$VirtualFilterChain.doFilter(FilterChainProxy.java:374) ~[spring-security-web-6.5.6.jar:6.5.6]
	at org.springframework.security.web.savedrequest.RequestCacheAwareFilter.doFilter(RequestCacheAwareFilter.java:63) ~[spring-security-web-6.5.6.jar:6.5.6]
	at org.springframework.security.web.FilterChainProxy$VirtualFilterChain.doFilter(FilterChainProxy.java:374) ~[spring-security-web-6.5.6.jar:6.5.6]
	at com._Blog.mojebbari.config.JwtAuthenticationFilter.doFilterInternal(JwtAuthenticationFilter.java:79) ~[classes/:na]
	at org.springframework.web.filter.OncePerRequestFilter.doFilter(OncePerRequestFilter.java:116) ~[spring-web-6.2.12.jar:6.2.12]
	at org.springframework.security.web.FilterChainProxy$VirtualFilterChain.doFilter(FilterChainProxy.java:374) ~[spring-security-web-6.5.6.jar:6.5.6]
	at org.springframework.security.web.authentication.logout.LogoutFilter.doFilter(LogoutFilter.java:107) ~[spring-security-web-6.5.6.jar:6.5.6]
	at org.springframework.security.web.authentication.logout.LogoutFilter.doFilter(LogoutFilter.java:93) ~[spring-security-web-6.5.6.jar:6.5.6]
	at org.springframework.security.web.FilterChainProxy$VirtualFilterChain.doFilter(FilterChainProxy.java:374) ~[spring-security-web-6.5.6.jar:6.5.6]
	at org.springframework.web.filter.CorsFilter.doFilterInternal(CorsFilter.java:91) ~[spring-web-6.2.12.jar:6.2.12]
	at org.springframework.web.filter.OncePerRequestFilter.doFilter(OncePerRequestFilter.java:116) ~[spring-web-6.2.12.jar:6.2.12]
	at org.springframework.security.web.FilterChainProxy$VirtualFilterChain.doFilter(FilterChainProxy.java:374) ~[spring-security-web-6.5.6.jar:6.5.6]
	at org.springframework.security.web.header.HeaderWriterFilter.doHeadersAfter(HeaderWriterFilter.java:90) ~[spring-security-web-6.5.6.jar:6.5.6]
	at org.springframework.security.web.header.HeaderWriterFilter.doFilterInternal(HeaderWriterFilter.java:75) ~[spring-security-web-6.5.6.jar:6.5.6]
	at org.springframework.web.filter.OncePerRequestFilter.doFilter(OncePerRequestFilter.java:116) ~[spring-web-6.2.12.jar:6.2.12]
	at org.springframework.security.web.FilterChainProxy$VirtualFilterChain.doFilter(FilterChainProxy.java:374) ~[spring-security-web-6.5.6.jar:6.5.6]
	at org.springframework.security.web.context.SecurityContextHolderFilter.doFilter(SecurityContextHolderFilter.java:82) ~[spring-security-web-6.5.6.jar:6.5.6]
	at org.springframework.security.web.context.SecurityContextHolderFilter.doFilter(SecurityContextHolderFilter.java:69) ~[spring-security-web-6.5.6.jar:6.5.6]
	at org.springframework.security.web.FilterChainProxy$VirtualFilterChain.doFilter(FilterChainProxy.java:374) ~[spring-security-web-6.5.6.jar:6.5.6]
	at org.springframework.security.web.context.request.async.WebAsyncManagerIntegrationFilter.doFilterInternal(WebAsyncManagerIntegrationFilter.java:62) ~[spring-security-web-6.5.6.jar:6.5.6]
	at org.springframework.web.filter.OncePerRequestFilter.doFilter(OncePerRequestFilter.java:116) ~[spring-web-6.2.12.jar:6.2.12]
	at org.springframework.security.web.FilterChainProxy$VirtualFilterChain.doFilter(FilterChainProxy.java:374) ~[spring-security-web-6.5.6.jar:6.5.6]
	at org.springframework.security.web.session.DisableEncodeUrlFilter.doFilterInternal(DisableEncodeUrlFilter.java:42) ~[spring-security-web-6.5.6.jar:6.5.6]
	at org.springframework.web.filter.OncePerRequestFilter.doFilter(OncePerRequestFilter.java:116) ~[spring-web-6.2.12.jar:6.2.12]
	at org.springframework.security.web.FilterChainProxy$VirtualFilterChain.doFilter(FilterChainProxy.java:374) ~[spring-security-web-6.5.6.jar:6.5.6]
	at org.springframework.security.web.FilterChainProxy.doFilterInternal(FilterChainProxy.java:233) ~[spring-security-web-6.5.6.jar:6.5.6]
	at org.springframework.security.web.FilterChainProxy.doFilter(FilterChainProxy.java:191) ~[spring-security-web-6.5.6.jar:6.5.6]
	at org.springframework.web.filter.CompositeFilter$VirtualFilterChain.doFilter(CompositeFilter.java:113) ~[spring-web-6.2.12.jar:6.2.12]
	at org.springframework.web.filter.ServletRequestPathFilter.doFilter(ServletRequestPathFilter.java:52) ~[spring-web-6.2.12.jar:6.2.12]
	at org.springframework.web.filter.CompositeFilter$VirtualFilterChain.doFilter(CompositeFilter.java:113) ~[spring-web-6.2.12.jar:6.2.12]
	at org.springframework.web.filter.CompositeFilter.doFilter(CompositeFilter.java:74) ~[spring-web-6.2.12.jar:6.2.12]
	at org.springframework.security.config.annotation.web.configuration.WebSecurityConfiguration$CompositeFilterChainProxy.doFilter(WebSecurityConfiguration.java:319) ~[spring-security-config-6.5.6.jar:6.5.6]
	at org.springframework.web.filter.CompositeFilter$VirtualFilterChain.doFilter(CompositeFilter.java:113) ~[spring-web-6.2.12.jar:6.2.12]
	at org.springframework.web.servlet.handler.HandlerMappingIntrospector.lambda$createCacheFilter$4(HandlerMappingIntrospector.java:267) ~[spring-webmvc-6.2.12.jar:6.2.12]
	at org.springframework.web.filter.CompositeFilter$VirtualFilterChain.doFilter(CompositeFilter.java:113) ~[spring-web-6.2.12.jar:6.2.12]
	at org.springframework.web.filter.CompositeFilter.doFilter(CompositeFilter.java:74) ~[spring-web-6.2.12.jar:6.2.12]
	at org.springframework.security.config.annotation.web.configuration.WebMvcSecurityConfiguration$CompositeFilterChainProxy.doFilter(WebMvcSecurityConfiguration.java:240) ~[spring-security-config-6.5.6.jar:6.5.6]
	at org.springframework.web.filter.DelegatingFilterProxy.invokeDelegate(DelegatingFilterProxy.java:362) ~[spring-web-6.2.12.jar:6.2.12]
	at org.springframework.web.filter.DelegatingFilterProxy.doFilter(DelegatingFilterProxy.java:278) ~[spring-web-6.2.12.jar:6.2.12]
	at org.apache.catalina.core.ApplicationFilterChain.internalDoFilter(ApplicationFilterChain.java:162) ~[tomcat-embed-core-10.1.48.jar:10.1.48]
	at org.apache.catalina.core.ApplicationFilterChain.doFilter(ApplicationFilterChain.java:138) ~[tomcat-embed-core-10.1.48.jar:10.1.48]
	at org.springframework.web.filter.RequestContextFilter.doFilterInternal(RequestContextFilter.java:100) ~[spring-web-6.2.12.jar:6.2.12]
	at org.springframework.web.filter.OncePerRequestFilter.doFilter(OncePerRequestFilter.java:116) ~[spring-web-6.2.12.jar:6.2.12]
	at org.apache.catalina.core.ApplicationFilterChain.internalDoFilter(ApplicationFilterChain.java:162) ~[tomcat-embed-core-10.1.48.jar:10.1.48]
	at org.apache.catalina.core.ApplicationFilterChain.doFilter(ApplicationFilterChain.java:138) ~[tomcat-embed-core-10.1.48.jar:10.1.48]
	at org.springframework.web.filter.FormContentFilter.doFilterInternal(FormContentFilter.java:93) ~[spring-web-6.2.12.jar:6.2.12]
	at org.springframework.web.filter.OncePerRequestFilter.doFilter(OncePerRequestFilter.java:116) ~[spring-web-6.2.12.jar:6.2.12]
	at org.apache.catalina.core.ApplicationFilterChain.internalDoFilter(ApplicationFilterChain.java:162) ~[tomcat-embed-core-10.1.48.jar:10.1.48]
	at org.apache.catalina.core.ApplicationFilterChain.doFilter(ApplicationFilterChain.java:138) ~[tomcat-embed-core-10.1.48.jar:10.1.48]
	at org.springframework.web.filter.CharacterEncodingFilter.doFilterInternal(CharacterEncodingFilter.java:201) ~[spring-web-6.2.12.jar:6.2.12]
	at org.springframework.web.filter.OncePerRequestFilter.doFilter(OncePerRequestFilter.java:116) ~[spring-web-6.2.12.jar:6.2.12]
	at org.apache.catalina.core.ApplicationFilterChain.internalDoFilter(ApplicationFilterChain.java:162) ~[tomcat-embed-core-10.1.48.jar:10.1.48]
	at org.apache.catalina.core.ApplicationFilterChain.doFilter(ApplicationFilterChain.java:138) ~[tomcat-embed-core-10.1.48.jar:10.1.48]
	at org.apache.catalina.core.StandardWrapperValve.invoke(StandardWrapperValve.java:165) ~[tomcat-embed-core-10.1.48.jar:10.1.48]
	at org.apache.catalina.core.StandardContextValve.invoke(StandardContextValve.java:88) ~[tomcat-embed-core-10.1.48.jar:10.1.48]
	at org.apache.catalina.authenticator.AuthenticatorBase.invoke(AuthenticatorBase.java:482) ~[tomcat-embed-core-10.1.48.jar:10.1.48]
	at org.apache.catalina.core.StandardHostValve.invoke(StandardHostValve.java:113) ~[tomcat-embed-core-10.1.48.jar:10.1.48]
	at org.apache.catalina.valves.ErrorReportValve.invoke(ErrorReportValve.java:83) ~[tomcat-embed-core-10.1.48.jar:10.1.48]
	at org.apache.catalina.core.StandardEngineValve.invoke(StandardEngineValve.java:72) ~[tomcat-embed-core-10.1.48.jar:10.1.48]
	at org.apache.catalina.connector.CoyoteAdapter.service(CoyoteAdapter.java:342) ~[tomcat-embed-core-10.1.48.jar:10.1.48]
	at org.apache.coyote.http11.Http11Processor.service(Http11Processor.java:399) ~[tomcat-embed-core-10.1.48.jar:10.1.48]
	at org.apache.coyote.AbstractProcessorLight.process(AbstractProcessorLight.java:63) ~[tomcat-embed-core-10.1.48.jar:10.1.48]
	at org.apache.coyote.AbstractProtocol$ConnectionHandler.process(AbstractProtocol.java:903) ~[tomcat-embed-core-10.1.48.jar:10.1.48]
	at org.apache.tomcat.util.net.NioEndpoint$SocketProcessor.doRun(NioEndpoint.java:1774) ~[tomcat-embed-core-10.1.48.jar:10.1.48]
	at org.apache.tomcat.util.net.SocketProcessorBase.run(SocketProcessorBase.java:52) ~[tomcat-embed-core-10.1.48.jar:10.1.48]
	at org.apache.tomcat.util.threads.ThreadPoolExecutor.runWorker(ThreadPoolExecutor.java:973) ~[tomcat-embed-core-10.1.48.jar:10.1.48]
	at org.apache.tomcat.util.threads.ThreadPoolExecutor$Worker.run(ThreadPoolExecutor.java:491) ~[tomcat-embed-core-10.1.48.jar:10.1.48]
	at org.apache.tomcat.util.threads.TaskThread$WrappingRunnable.run(TaskThread.java:63) ~[tomcat-embed-core-10.1.48.jar:10.1.48]
	at java.base/java.lang.Thread.run(Thread.java:1474) ~[na:na]

Hibernate: 
    select
        u1_0.id,
        u1_0.bio,
        u1_0.cover_image,
        u1_0.created_at,
        u1_0.email,
        u1_0.password,
        u1_0.profile_picture,
        u1_0.role,
        u1_0.username 
    from
        _user u1_0 
    where
        u1_0.email=? 
        or u1_0.username=?
Hibernate: 
    select
        u1_0.id,
        u1_0.bio,
        u1_0.cover_image,
        u1_0.created_at,
        u1_0.email,
        u1_0.password,
        u1_0.profile_picture,
        u1_0.role,
        u1_0.username 
    from
        _user u1_0 
    where
        u1_0.email=? 
        or u1_0.username=?
2026-01-17T22:16:17.283+01:00  INFO 52678 --- [mojebbari] [nio-8080-exec-9] c._.m.controllers.ReportController       : GET /api/reports/count/pending - Fetching pending reports count
Hibernate: 
    select
        count(r1_0.id) 
    from
        reports r1_0 
    where
        r1_0.status=?
Hibernate: 
    select
        count(n1_0.id) 
    from
        notifications n1_0 
    where
        n1_0.recipient_id=? 
        and n1_0.is_read=?
Hibernate: 
    select
        u1_0.id,
        u1_0.bio,
        u1_0.cover_image,
        u1_0.created_at,
        u1_0.email,
        u1_0.password,
        u1_0.profile_picture,
        u1_0.role,
        u1_0.username 
    from
        _user u1_0 
    where
        u1_0.email=? 
        or u1_0.username=?
Hibernate: 
    select
        u1_0.id,
        u1_0.bio,
        u1_0.cover_image,
        u1_0.created_at,
        u1_0.email,
        u1_0.password,
        u1_0.profile_picture,
        u1_0.role,
        u1_0.username 
    from
        _user u1_0 
    where
        u1_0.email=? 
        or u1_0.username=?
2026-01-17T22:16:47.272+01:00  INFO 52678 --- [mojebbari] [nio-8080-exec-6] c._.m.controllers.ReportController       : GET /api/reports/count/pending - Fetching pending reports count
Hibernate: 
    select
        count(r1_0.id) 
    from
        reports r1_0 
    where
        r1_0.status=?
Hibernate: 
    select
        count(n1_0.id) 
    from
        notifications n1_0 
    where
        n1_0.recipient_id=? 
        and n1_0.is_read=?
[INFO] ------------------------------------------------------------------------
[INFO] BUILD FAILURE
[INFO] ------------------------------------------------------------------------
[INFO] Total time:  08:52 min
[INFO] Finished at: 2026-01-17T22:16:57+01:00
[INFO] ------------------------------------------------------------------------
[ERROR] Failed to execute goal org.springframework.boot:spring-boot-maven-plugin:3.5.7:run (default-cli) on project demo: Process terminated with exit code: 137 -> [Help 1]
[ERROR] 
[ERROR] To see the full stack trace of the errors, re-run Maven with the -e switch.
[ERROR] Re-run Maven using the -X switch to enable full debug logging.
[ERROR] 
[ERROR] For more information about the errors and possible solutions, please read the following articles:
[ERROR] [Help 1] http://cwiki.apache.org/confluence/display/MAVEN/MojoExecutionException
